location.name,location.region,location.country,location.lat,location.lon,location.tz_id,location.localtime_epoch,location.localtime,forecast.forecastday.hour.time_epoch,forecast.forecastday.hour.time,forecast.forecastday.hour.temp_c,forecast.forecastday.hour.temp_f,forecast.forecastday.hour.is_day,forecast.forecastday.hour.condition.text,forecast.forecastday.hour.condition.icon,forecast.forecastday.hour.condition.code,forecast.forecastday.hour.wind_mph,forecast.forecastday.hour.wind_kph,forecast.forecastday.hour.wind_degree,forecast.forecastday.hour.wind_dir,forecast.forecastday.hour.pressure_mb,forecast.forecastday.hour.pressure_in,forecast.forecastday.hour.precip_mm,forecast.forecastday.hour.precip_in,forecast.forecastday.hour.snow_cm,forecast.forecastday.hour.humidity,forecast.forecastday.hour.cloud,forecast.forecastday.hour.feelslike_c,forecast.forecastday.hour.feelslike_f,forecast.forecastday.hour.windchill_c,forecast.forecastday.hour.windchill_f,forecast.forecastday.hour.heatindex_c,forecast.forecastday.hour.heatindex_f,forecast.forecastday.hour.dewpoint_c,forecast.forecastday.hour.dewpoint_f,forecast.forecastday.hour.will_it_rain,forecast.forecastday.hour.chance_of_rain,forecast.forecastday.hour.will_it_snow,forecast.forecastday.hour.chance_of_snow,forecast.forecastday.hour.vis_km,forecast.forecastday.hour.vis_miles,forecast.forecastday.hour.gust_mph,forecast.forecastday.hour.gust_kph,forecast.forecastday.hour.uv,forecast.forecastday.hour.wetbulb_c,forecast.forecastday.hour.wetbulb_f,forecast.forecastday.hour.air_quality.co,forecast.forecastday.hour.air_quality.no2,forecast.forecastday.hour.air_quality.o3,forecast.forecastday.hour.air_quality.so2,forecast.forecastday.hour.air_quality.pm2_5,forecast.forecastday.hour.air_quality.pm10,forecast.forecastday.hour.air_quality.us-epa-index,forecast.forecastday.hour.air_quality.gb-defra-index,forecast.forecastday.hour.short_rad,forecast.forecastday.hour.diff_rad,forecast.forecastday.hour.dni,forecast.forecastday.hour.gti
New Delhi,Delhi,India,28.6,77.2,Asia/Kolkata,1791360015,2026-10-07 13:30:00,1791311400,2026-10-07 00:00:00.000000000,28.0,82.4,0,Clear,https://cdn.weatherapi.com/weather/64x64/night/113.png,1000,6.3,10.1,127,SE,1014,29.93,0.0,0.0,0,54,0,28.8,83.8,28.0,82.4,29.1,84.3,17.7,63.8,0,2,0,0,10,6,9.8,15.8,0.0,21.0,69.9,547.0,25.5,75,29.7,65.7,140.2,4,9,0.0,0.0,0.0,0.0
New Delhi,Delhi,India,28.6,77.2,Asia/Kolkata,1791360015,2026-10-07 13:30:00,1791315000,2026-10-07 00:59:59.999999786,27.5,81.5,0,Clear,https://cdn.weatherapi.com/weather/64x64/night/113.png,1000,6.5,10.4,129,SE,1013,29.92,0.0,0.0,0,56,0,28.4,83.1,27.5,81.6,28.7,83.6,17.9,64.3,0,3,0,0,8,4,10.1,16.3,0.0,21.0,69.8,532.0,24.1,72,29.1,67.3,141.1,4,9,0.0,0.0,0.0,0.0
New Delhi,Delhi,India,28.6,77.2,Asia/Kolkata,1791360015,2026-10-07 13:30:00,1791318600,2026-10-07 02:00:00.000000213,27.2,80.9,0,Clear,https://cdn.weatherapi.com/weather/64x64/night/113.png,1000,6.5,10.4,143,SE,1013,29.92,0.0,0.0,0,58,0,28.1,82.6,27.2,80.9,28.4,83.0,18.1,64.5,0,3,0,0,8,4,10.5,17.0,0.0,21.0,69.8,517.0,23.0,70,28.6,68.5,141.6,4,9,0.0,0.0,0.0,0.0
New Delhi,Delhi,India,28.6,77.2,Asia/Kolkata,1791360015,2026-10-07 13:30:00,1791322200,2026-10-07 03:00:00.000000000,26.9,80.3,0,Clear,https://cdn.weatherapi.com/weather/64x64/night/113.png,1000,6.3,10.1,155,SSE,1013,29.92,0.0,0.0,0,59,0,27.8,82.0,26.9,80.3,28.1,82.5,18.1,64.5,0,3,0,0,7,4,10.1,16.3,0.0,20.9,69.6,491.0,22.6,66,28.3,69.2,142.5,4,9,0.0,0.0,0.0,0.0
New Delhi,Delhi,India,28.6,77.2,Asia/Kolkata,1791360015,2026-10-07 13:30:00,1791325800,2026-10-07 03:59:59.999999786,26.5,79.8,0,Clear,https://cdn.weatherapi.com/weather/64x64/night/113.png,1000,5.4,8.6,160,SSE,1013,29.92,0.0,0.0,0,59,0,27.5,81.5,26.6,79.8,27.7,81.9,17.8,64.1,0,3,0,0,7,4,8.5,13.7,0.0,20.6,69.2,466.0,22.7,61,28.2,70.1,147.1,4,9,0.0,0.0,0.0,0.0
New Delhi,Delhi,India,28.6,77.2,Asia/Kolkata,1791360015,2026-10-07 13:30:00,1791329400,2026-10-07 05:00:00.000000213,26.3,79.4,0,Clear,https://cdn.weatherapi.com/weather/64x64/night/113.png,1000,5.1,8.3,150,SSE,1014,29.94,0.0,0.0,0,59,0,27.3,81.1,26.3,79.4,27.5,81.5,17.7,63.8,0,3,0,0,7,4,7.8,12.6,0.0,20.5,68.9,479.0,23.2,60,28.7,71.7,157.4,4,10,0.0,0.0,0.0,0.0
New Delhi,Delhi,India,28.6,77.2,Asia/Kolkata,1791360015,2026-10-07 13:30:00,1791376200,2026-10-07 18:00:00.000000000,35.0,95.0,0,Clear,https://cdn.weatherapi.com/weather/64x64/night/113.png,1000,1.1,1.8,250,WSW,1012,29.87,0.0,0.0,0,22,22,34.7,94.5,35.0,95.0,33.5,92.3,9.9,49.9,0,1,0,0,6,3,7.9,12.6,0.0,19.5,67.0,833.0,26.5,160,32.4,74.3,174.6,4,10,0.0,0.0,0.0,0.0
New Delhi,Delhi,India,28.6,77.2,Asia/Kolkata,1791360015,2026-10-07 13:30:00,1791379800,2026-10-07 18:59:59.999999786,34.1,93.4,0,Clear,https://cdn.weatherapi.com/weather/64x64/night/113.png,1000,1.3,2.2,156,SSE,1012,29.89,0.0,0.0,0,24,0,33.8,92.8,34.1,93.4,32.7,90.9,10.4,50.7,0,0,0,0,6,3,3.0,4.8,0.0,19.3,66.8,710.0,28.7,134,33.6,75.4,173.7,4,10,0.0,0.0,0.0,0.0
New Delhi,Delhi,India,28.6,77.2,Asia/Kolkata,1791360015,2026-10-07 13:30:00,1791383400,2026-10-07 20:00:00.000000213,33.0,91.5,0,Clear,https://cdn.weatherapi.com/weather/64x64/night/113.png,1000,3.8,6.1,133,SE,1013,29.92,0.0,0.0,0,26,0,32.1,89.8,33.0,91.5,31.8,89.2,10.8,51.4,0,0,0,0,6,4,4.3,6.9,0.0,19.2,66.5,623.0,29.9,112,34.2,74.7,172.3,4,10,0.0,0.0,0.0,0.0
New Delhi,Delhi,India,28.6,77.2,Asia/Kolkata,1791360015,2026-10-07 13:30:00,1791387000,2026-10-07 21:00:00.000000000,32.0,89.5,0,Clear,https://cdn.weatherapi.com/weather/64x64/night/113.png,1000,4.5,7.2,144,SE,1014,29.93,0.0,0.0,0,28,0,31.0,87.8,32.0,89.5,30.9,87.6,11.3,52.3,0,0,0,0,7,4,6.1,9.8,0.0,19.0,66.3,626.0,29.7,98,33.9,72.4,162.1,4,10,0.0,0.0,0.0,0.0
New Delhi,Delhi,India,28.6,77.2,Asia/Kolkata,1791360015,2026-10-07 13:30:00,1791390600,2026-10-07 21:59:59.999999786,31.4,88.5,0,Clear,https://cdn.weatherapi.com/weather/64x64/night/113.png,1000,4.0,6.5,165,SSE,1014,29.93,0.0,0.0,0,29,0,30.6,87.1,31.4,88.5,30.4,86.6,11.3,52.4,0,0,0,0,7,4,5.0,8.1,0.0,18.9,66.0,665.0,28.5,89,33.1,70.3,153.7,4,9,0.0,0.0,0.0,0.0
New Delhi,Delhi,India,28.6,77.2,Asia/Kolkata,1791360015,2026-10-07 13:30:00,1791394200,2026-10-07 23:00:00.000000213,30.9,87.7,0,Clear,https://cdn.weatherapi.com/weather/64x64/night/113.png,1000,3.4,5.4,176,S,1013,29.93,0.0,0.0,0,29,0,30.2,86.4,30.9,87.7,29.8,85.7,10.9,51.5,0,0,0,0,8,4,3.9,6.3,0.0,18.5,65.3,684.0,27.3,81,32.2,67.1,143.0,4,9,0.0,0.0,0.0,0.0
New Delhi,Delhi,India,28.6,77.2,Asia/Kolkata,1791360015,2026-10-07 13:30:00,1791397800,2026-10-08 00:00:00.000000000,30.7,87.3,0,Clear,https://cdn.weatherapi.com/weather/64x64/night/113.png,1000,2.7,4.3,193,SSW,1013,29.92,0.0,0.0,0,29,0,30.0,86.0,30.7,87.3,29.5,85.1,10.5,50.8,0,0,0,0,10,6,3.4,5.4,0.0,18.3,64.9,654.0,26.3,74,31.4,64.0,132.2,3,8,0.0,0.0,0.0,0.0
New Delhi,Delhi,India,28.6,77.2,Asia/Kolkata,1791360015,2026-10-07 13:30:00,1791401400,2026-10-08 00:59:59.999999786,30.4,86.8,0,Clear,https://cdn.weatherapi.com/weather/64x64/night/113.png,1000,2.5,4.0,227,SW,1013,29.9,0.0,0.0,0,28,0,29.6,85.3,30.4,86.8,29.1,84.3,9.7,49.4,0,0,0,0,10,6,3.6,5.8,0.0,17.8,64.1,604.0,25.3,68,30.5,61.7,123.4,3,8,0.0,0.0,0.0,0.0
New Delhi,Delhi,India,28.6,77.2,Asia/Kolkata,1791360015,2026-10-07 13:30:00,1791405000,2026-10-08 02:00:00.000000213,30.2,86.4,0,Clear,https://cdn.weatherapi.com/weather/64x64/night/113.png,1000,3.1,5.0,257,WSW,1012,29.89,0.0,0.0,0,26,1,29.0,84.2,30.2,86.4,28.8,83.8,8.9,48.1,0,0,0,0,10,6,5.6,9.0,0.0,17.5,63.4,566.0,24.9,63,29.9,59.8,114.8,3,8,0.0,0.0,0.0,0.0
New Delhi,Delhi,India,28.6,77.2,Asia/Kolkata,1791360015,2026-10-07 13:30:00,1791408600,2026-10-08 03:00:00.000000000,30.0,86.1,0,Partly Cloudy,https://cdn.weatherapi.com/weather/64x64/night/116.png,1003,3.8,6.1,270,W,1012,29.88,0.0,0.0,0,26,30,28.5,83.3,30.0,86.1,28.5,83.3,8.4,47.2,0,2,0,0,10,6,9.0,14.4,0.0,17.2,63.0,542.0,25.2,56,29.5,59.0,107.8,3,8,0.0,0.0,0.0,0.0
New Delhi,Delhi,India,28.6,77.2,Asia/Kolkata,1791360015,2026-10-07 13:30:00,1791412200,2026-10-08 03:59:59.999999786,30.0,86.0,0,Overcast,https://cdn.weatherapi.com/weather/64x64/night/122.png,1009,6.0,9.7,281,WNW,1012,29.88,0.0,0.0,0,26,100,27.8,82.0,30.0,86.0,28.5,83.3,8.6,47.4,0,9,0,0,10,6,13.7,22.0,0.0,17.3,63.1,531.0,26.1,50,29.4,58.8,102.9,3,7,0.0,0.0,0.0,0.0
New Delhi,Delhi,India,28.6,77.2,Asia/Kolkata,1791360015,2026-10-07 13:30:00,1791415800,2026-10-08 05:00:00.000000213,30.0,86.1,0,Cloudy,https://cdn.weatherapi.com/weather/64x64/night/119.png,1006,6.7,10.8,283,WNW,1012,29.9,0.0,0.0,0,27,87,27.7,81.9,30.0,86.1,28.6,83.5,9.0,48.2,0,7,0,0,10,6,14.8,23.8,0.0,17.4,63.4,560.0,27.3,48,30.3,58.9,98.7,3,7,0.0,0.0,0.0,0.0
New Delhi,Delhi,India,28.6,77.2,Asia/Kolkata,1791360015,2026-10-07 13:30:00,1791462600,2026-10-08 18:00:00.000000000,35.1,95.2,0,Cloudy,https://cdn.weatherapi.com/weather/64x64/night/119.png,1006,5.4,8.6,261,W,1009,29.79,0.0,0.0,0,22,69,33.5,92.3,35.1,95.2,33.7,92.7,10.2,50.3,0,5,0,0,7,4,13.4,21.6,0.0,19.6,67.2,649.0,31.9,117,24.1,69.4,168.1,4,9,0.0,0.0,0.0,0.0
New Delhi,Delhi,India,28.6,77.2,Asia/Kolkata,1791360015,2026-10-07 13:30:00,1791466200,2026-10-08 18:59:59.999999786,34.2,93.6,0,Partly Cloudy,https://cdn.weatherapi.com/weather/64x64/night/116.png,1003,1.3,2.2,194,SSW,1010,29.82,0.0,0.0,0,25,60,34.2,93.6,34.2,93.6,33.2,91.7,11.3,52.3,0,4,0,0,6,3,12.3,19.8,0.0,19.8,67.6,779.0,46.7,89,30.0,82.7,166.7,4,10,0.0,0.0,0.0,0.0
New Delhi,Delhi,India,28.6,77.2,Asia/Kolkata,1791360015,2026-10-07 13:30:00,1791469800,2026-10-08 20:00:00.000000213,32.4,90.4,0,Clear,https://cdn.weatherapi.com/weather/64x64/night/113.png,1000,5.6,9.0,135,SE,1011,29.84,0.0,0.0,0,32,6,31.8,89.2,32.4,90.4,32.0,89.7,13.5,56.2,0,1,0,0,6,3,8.3,13.3,0.0,20.2,68.3,932.0,56.8,68,34.8,90.6,156.5,4,10,0.0,0.0,0.0,0.0
New Delhi,Delhi,India,28.6,77.2,Asia/Kolkata,1791360015,2026-10-07 13:30:00,1791473400,2026-10-08 21:00:00.000000000,30.8,87.4,0,Clear,https://cdn.weatherapi.com/weather/64x64/night/113.png,1000,6.9,11.2,139,SE,1011,29.85,0.0,0.0,0,40,0,30.5,86.9,30.8,87.4,31.1,88.0,15.6,60.0,0,1,0,0,6,3,9.2,14.8,0.0,20.7,69.3,1148.0,58.5,58,36.9,91.0,145.8,4,10,0.0,0.0,0.0,0.0
New Delhi,Delhi,India,28.6,77.2,Asia/Kolkata,1791360015,2026-10-07 13:30:00,1791477000,2026-10-08 21:59:59.999999786,30.1,86.1,0,Clear,https://cdn.weatherapi.com/weather/64x64/night/113.png,1000,5.6,9.0,144,SE,1011,29.85,0.0,0.0,0,42,0,30.0,86.0,30.1,86.1,30.5,86.9,15.9,60.6,0,1,0,0,6,3,6.7,10.8,0.0,20.6,69.1,1387.0,55.6,54,37.8,92.9,138.3,4,10,0.0,0.0,0.0,0.0
New Delhi,Delhi,India,28.6,77.2,Asia/Kolkata,1791360015,2026-10-07 13:30:00,1791480600,2026-10-08 23:00:00.000000213,29.6,85.2,0,Smoky haze,https://cdn.weatherapi.com/weather/64x64/night/149.png,1036,4.9,7.9,134,SE,1010,29.83,0.0,0.0,0,43,0,29.6,85.3,29.6,85.2,30.0,86.0,15.8,60.4,0,1,0,0,7,4,5.6,9.0,0.0,20.5,68.8,1527.0,52.3,51,38.2,92.9,130.9,4,10,0.0,0.0,0.0,0.0
New Delhi,Delhi,India,28.6,77.2,Asia/Kolkata,1791360015,2026-10-07 13:30:00,1791484200,2026-10-09 00:00:00.000000000,28.8,83.8,0,Clear,https://cdn.weatherapi.com/weather/64x64/night/113.png,1000,5.4,8.6,125,SE,1010,29.83,0.0,0.0,0,47,0,29.0,84.2,28.8,83.8,29.4,84.9,16.4,61.4,0,1,0,0,10,6,6.3,10.1,0.0,20.5,68.9,1503.0,50.0,47,38.3,90.6,124.3,4,10,0.0,0.0,0.0,0.0
New Delhi,Delhi,India,28.6,77.2,Asia/Kolkata,1791360015,2026-10-07 13:30:00,1791487800,2026-10-09 00:59:59.999999786,28.2,82.7,0,Smoky haze,https://cdn.weatherapi.com/weather/64x64/night/149.png,1036,5.1,8.3,135,SE,1010,29.81,0.0,0.0,0,50,0,28.7,83.7,28.2,82.7,29.0,84.2,16.9,62.4,0,2,0,0,7,4,6.3,10.2,0.0,20.6,69.1,1380.0,47.4,43,38.0,88.9,118.5,4,10,0.0,0.0,0.0,0.0
New Delhi,Delhi,India,28.6,77.2,Asia/Kolkata,1791360015,2026-10-07 13:30:00,1791491400,2026-10-09 02:00:00.000000213,27.8,82.0,0,Smoky haze,https://cdn.weatherapi.com/weather/64x64/night/149.png,1036,4.7,7.6,153,SSE,1009,29.8,0.0,0.0,0,52,0,28.4,83.1,27.8,82.0,28.6,83.6,16.9,62.5,0,2,0,0,7,4,5.6,9.1,0.0,20.5,68.9,1231.0,44.6,42,37.7,87.5,115.9,4,10,0.0,0.0,0.0,0.0
New Delhi,Delhi,India,28.6,77.2,Asia/Kolkata,1791360015,2026-10-07 13:30:00,1791495000,2026-10-09 03:00:00.000000000,27.7,81.8,0,Smoky haze,https://cdn.weatherapi.com/weather/64x64/night/149.png,1036,4.5,7.2,179,S,1009,29.8,0.0,0.0,0,50,0,28.1,82.6,27.7,81.8,28.4,83.1,16.4,61.6,0,2,0,0,7,4,5.8,9.4,0.0,20.2,68.3,1041.0,41.5,43,37.7,86.1,119.2,4,10,0.0,0.0,0.0,0.0
New Delhi,Delhi,India,28.6,77.2,Asia/Kolkata,1791360015,2026-10-07 13:30:00,1791498600,2026-10-09 03:59:59.999999786,27.8,82.0,0,Clear,https://cdn.weatherapi.com/weather/64x64/night/113.png,1000,4.0,6.5,196,SSW,1009,29.81,0.0,0.0,0,46,0,27.9,82.2,27.8,82.0,28.1,82.6,15.0,59.0,0,1,0,0,7,4,6.1,9.8,0.0,19.5,67.0,825.0,38.2,46,37.8,86.1,125.7,4,10,0.0,0.0,0.0,0.0
New Delhi,Delhi,India,28.6,77.2,Asia/Kolkata,1791360015,2026-10-07 13:30:00,1791502200,2026-10-09 05:00:00.000000213,27.8,82.0,0,Clear,https://cdn.weatherapi.com/weather/64x64/night/113.png,1000,2.9,4.7,221,SW,1010,29.83,0.0,0.0,0,37,0,27.5,81.5,27.8,82.0,27.4,81.3,12.0,53.5,0,1,0,0,7,4,7.4,11.9,0.0,17.9,64.3,700.0,35.9,52,37.9,86.4,127.1,4,10,0.0,0.0,0.0,0.0
New Delhi,Delhi,India,28.6,77.2,Asia/Kolkata,1791360015,2026-10-07 13:30:00,1791549000,2026-10-09 18:00:00.000000000,34.4,94.0,0,Clear,https://cdn.weatherapi.com/weather/64x64/night/113.png,1000,1.6,2.5,221,SW,1008,29.76,0.0,0.0,0,16,0,32.7,90.9,34.4,94.0,32.5,90.5,4.7,40.4,0,0,0,0,6,4,8.1,13.0,0.0,17.4,63.3,597.0,24.1,140,33.1,60.1,195.6,3,8,0.0,0.0,0.0,0.0
New Delhi,Delhi,India,28.6,77.2,Asia/Kolkata,1791360015,2026-10-07 13:30:00,1791552600,2026-10-09 18:59:59.999999786,32.3,90.2,0,Clear,https://cdn.weatherapi.com/weather/64x64/night/113.png,1000,6.3,10.1,105,ESE,1009,29.79,0.0,0.0,0,24,0,30.2,86.4,32.3,90.2,30.7,87.3,9.4,48.9,0,0,0,0,7,4,8.8,14.1,0.0,18.3,65.0,576.0,24.0,124,32.5,58.4,188.6,3,7,0.0,0.0,0.0,0.0
New Delhi,Delhi,India,28.6,77.2,Asia/Kolkata,1791360015,2026-10-07 13:30:00,1791556200,2026-10-09 20:00:00.000000213,30.3,86.5,0,Clear,https://cdn.weatherapi.com/weather/64x64/night/113.png,1000,10.3,16.6,112,ESE,1010,29.82,0.0,0.0,0,40,0,30.1,86.2,30.3,86.5,30.5,86.9,15.3,59.5,0,1,0,0,7,4,17.2,27.8,0.0,20.4,68.7,560.0,23.8,110,31.6,56.9,185.3,3,7,0.0,0.0,0.0,0.0
New Delhi,Delhi,India,28.6,77.2,Asia/Kolkata,1791360015,2026-10-07 13:30:00,1791559800,2026-10-09 21:00:00.000000000,29.8,85.6,0,Clear,https://cdn.weatherapi.com/weather/64x64/night/113.png,1000,8.7,14.0,121,ESE,1010,29.82,0.0,0.0,0,43,0,29.8,85.6,29.8,85.6,30.2,86.4,15.9,60.7,0,1,0,0,7,4,14.1,22.8,0.0,20.6,69.0,561.0,23.9,101,30.5,56.8,183.5,3,7,0.0,0.0,0.0,0.0
New Delhi,Delhi,India,28.6,77.2,Asia/Kolkata,1791360015,2026-10-07 13:30:00,1791563400,2026-10-09 21:59:59.999999786,29.0,84.2,0,Clear,https://cdn.weatherapi.com/weather/64x64/night/113.png,1000,8.1,13.0,122,ESE,1010,29.83,0.0,0.0,0,46,0,29.1,84.4,29.0,84.2,29.5,85.1,16.1,61.1,0,1,0,0,7,4,13.7,22.0,0.0,20.4,68.8,567.0,23.8,94,29.3,57.6,182.5,3,7,0.0,0.0,0.0,0.0
New Delhi,Delhi,India,28.6,77.2,Asia/Kolkata,1791360015,2026-10-07 13:30:00,1791567000,2026-10-09 23:00:00.000000213,28.3,83.0,0,Clear,https://cdn.weatherapi.com/weather/64x64/night/113.png,1000,7.6,12.2,129,SE,1010,29.82,0.0,0.0,0,48,0,28.6,83.5,28.3,83.0,28.9,84.1,16.3,61.3,0,1,0,0,7,4,13.2,21.3,0.0,20.3,68.5,559.0,23.5,88,27.8,57.4,178.8,3,7,0.0,0.0,0.0,0.0
New Delhi,Delhi,India,28.6,77.2,Asia/Kolkata,1791360015,2026-10-07 13:30:00,1791570600,2026-10-10 00:00:00.000000000,27.8,82.1,0,Clear,https://cdn.weatherapi.com/weather/64x64/night/113.png,1000,7.2,11.5,133,SE,1010,29.81,0.0,0.0,0,49,4,28.1,82.6,27.8,82.1,28.4,83.1,16.1,60.9,0,2,0,0,10,6,12.1,19.5,0.0,20.0,68.1,525.0,22.6,81,25.7,56.0,170.0,3,7,0.0,0.0,0.0,0.0
New Delhi,Delhi,India,28.6,77.2,Asia/Kolkata,1791360015,2026-10-07 13:30:00,1791574200,2026-10-10 00:59:59.999999786,27.3,81.2,0,Clear,https://cdn.weatherapi.com/weather/64x64/night/113.png,1000,6.9,11.2,129,SE,1009,29.8,0.0,0.0,0,50,8,27.8,82.0,27.3,81.2,28.0,82.4,16.1,61.0,0,2,0,0,8,4,10.8,17.4,0.0,19.9,67.8,478.0,21.4,75,23.4,54.4,157.4,3,7,0.0,0.0,0.0,0.0
New Delhi,Delhi,India,28.6,77.2,Asia/Kolkata,1791360015,2026-10-07 13:30:00,1791577800,2026-10-10 02:00:00.000000213,26.9,80.5,0,Clear,https://cdn.weatherapi.com/weather/64x64/night/113.png,1000,6.3,10.1,127,SE,1009,29.79,0.0,0.0,0,52,7,27.4,81.3,26.9,80.5,27.7,81.8,16.2,61.1,0,2,0,0,10,6,9.4,15.1,0.0,19.8,67.7,443.0,20.8,69,21.9,52.7,146.2,3,6,0.0,0.0,0.0,0.0
New Delhi,Delhi,India,28.6,77.2,Asia/Kolkata,1791360015,2026-10-07 13:30:00,1791581400,2026-10-10 03:00:00.000000000,26.5,79.7,0,Clear,https://cdn.weatherapi.com/weather/64x64/night/113.png,1000,5.6,9.0,130,SE,1009,29.79,0.0,0.0,0,53,18,27.0,80.6,26.5,79.7,27.3,81.1,16.1,61.1,0,3,0,0,10,6,7.4,11.9,0.0,19.7,67.4,422.0,21.1,62,21.6,51.1,135.0,3,6,0.0,0.0,0.0,0.0
New Delhi,Delhi,India,28.6,77.2,Asia/Kolkata,1791360015,2026-10-07 13:30:00,1791585000,2026-10-10 03:59:59.999999786,26.1,79.0,0,Clear,https://cdn.weatherapi.com/weather/64x64/night/113.png,1000,4.7,7.6,134,SE,1009,29.8,0.0,0.0,0,53,4,26.7,80.1,26.1,79.0,26.9,80.5,15.9,60.7,0,2,0,0,10,6,5.4,8.7,0.0,19.4,67.0,413.0,21.9,56,22.1,49.1,128.5,3,6,0.0,0.0,0.0,0.0
New Delhi,Delhi,India,28.6,77.2,Asia/Kolkata,1791360015,2026-10-07 13:30:00,1791588600,2026-10-10 05:00:00.000000213,26.0,78.8,0,Clear,https://cdn.weatherapi.com/weather/64x64/night/113.png,1000,3.8,6.1,126,SE,1010,29.82,0.0,0.0,0,54,5,26.7,80.1,26.0,78.8,26.8,80.3,15.9,60.6,0,2,0,0,10,6,4.0,6.5,0.0,19.4,66.9,431.0,22.8,53,23.5,48.3,123.9,3,6,0.0,0.0,0.0,0.0
New Delhi,Delhi,India,28.6,77.2,Asia/Kolkata,1791360015,2026-10-07 13:30:00,1791635400,2026-10-10 18:00:00.000000000,33.2,91.8,0,Clear,https://cdn.weatherapi.com/weather/64x64/night/113.png,1000,8.5,13.7,122,ESE,1009,29.8,0.0,0.0,0,28,0,31.2,88.2,33.2,91.8,32.4,90.2,12.2,53.9,0,0,0,0,8,4,11.4,18.4,0.0,19.8,67.6,586.0,25.9,135,27.5,59.6,155.1,3,8,0.0,0.0,0.0,0.0
New Delhi,Delhi,India,28.6,77.2,Asia/Kolkata,1791360015,2026-10-07 13:30:00,1791639000,2026-10-10 18:59:59.999999786,31.5,88.7,0,Clear,https://cdn.weatherapi.com/weather/64x64/night/113.png,1000,10.1,16.2,105,ESE,1010,29.83,0.0,0.0,0,38,0,30.2,86.4,31.5,88.8,31.9,89.3,15.5,59.8,0,1,0,0,7,4,15.4,24.8,0.0,20.9,69.6,601.0,27.6,117,27.6,60.3,160.7,3,8,0.0,0.0,0.0,0.0
New Delhi,Delhi,India,28.6,77.2,Asia/Kolkata,1791360015,2026-10-07 13:30:00,1791642600,2026-10-10 20:00:00.000000213,30.3,86.5,0,Clear,https://cdn.weatherapi.com/weather/64x64/night/113.png,1000,9.4,15.1,110,ESE,1011,29.85,0.0,0.0,0,44,0,30.6,87.1,30.3,86.5,31.0,87.9,16.8,62.2,0,1,0,0,7,4,16.6,26.6,0.0,21.2,70.1,607.0,28.3,103,27.4,59.6,159.7,3,8,0.0,0.0,0.0,0.0
New Delhi,Delhi,India,28.6,77.2,Asia/Kolkata,1791360015,2026-10-07 13:30:00,1791646200,2026-10-10 21:00:00.000000000,29.6,85.3,0,Clear,https://cdn.weatherapi.com/weather/64x64/night/113.png,1000,7.6,12.2,117,ESE,1011,29.87,0.0,0.0,0,47,0,30.1,86.2,29.6,85.3,30.5,86.9,17.0,62.6,0,1,0,0,10,6,14.4,23.1,0.0,21.1,70.0,601.0,27.7,96,26.8,58.7,149.5,3,7,0.0,0.0,0.0,0.0
New Delhi,Delhi,India,28.6,77.2,Asia/Kolkata,1791360015,2026-10-07 13:30:00,1791649800,2026-10-10 21:59:59.999999786,29.0,84.2,0,Clear,https://cdn.weatherapi.com/weather/64x64/night/113.png,1000,7.4,11.9,123,ESE,1012,29.87,0.0,0.0,0,49,0,29.6,85.3,29.0,84.3,29.9,85.9,17.2,62.9,0,2,0,0,10,6,12.8,20.6,0.0,21.0,69.9,584.0,26.1,93,26.0,57.9,140.6,3,7,0.0,0.0,0.0,0.0
New Delhi,Delhi,India,28.6,77.2,Asia/Kolkata,1791360015,2026-10-07 13:30:00,1791653400,2026-10-10 23:00:00.000000213,28.4,83.2,0,Clear,https://cdn.weatherapi.com/weather/64x64/night/113.png,1000,7.2,11.5,123,ESE,1012,29.87,0.0,0.0,0,51,0,29.1,84.4,28.4,83.2,29.4,84.9,17.4,63.3,0,2,0,0,10,6,11.9,19.2,0.0,21.0,69.8,564.0,24.4,90,25.2,56.9,137.4,3,7,0.0,0.0,0.0,0.0
New Delhi,Delhi,India,28.6,77.2,Asia/Kolkata,1791360015,2026-10-07 13:30:00,1791657000,2026-10-11 00:00:00.000000000,27.9,82.2,0,Clear,https://cdn.weatherapi.com/weather/64x64/night/113.png,1000,6.7,10.8,116,ESE,1012,29.87,0.0,0.0,0,54,6,28.6,83.5,27.9,82.1,28.9,84.0,17.6,63.6,0,2,0,0,10,6,10.8,17.3,0.0,20.9,69.6,536.0,22.8,86,24.4,55.8,133.6,3,7,0.0,0.0,0.0,0.0
New Delhi,Delhi,India,28.6,77.2,Asia/Kolkata,1791360015,2026-10-07 13:30:00,1791660600,2026-10-11 00:59:59.999999786,27.3,81.1,0,Clear,https://cdn.weatherapi.com/weather/64x64/night/113.png,1000,6.7,10.8,109,ESE,1011,29.86,0.0,0.0,0,57,5,28.2,82.8,27.3,81.1,28.4,83.2,18.0,64.4,0,3,0,0,10,6,10.3,16.6,0.0,21.0,69.7,505.0,21.1,81,23.6,55.1,127.6,3,7,0.0,0.0,0.0,0.0
New Delhi,Delhi,India,28.6,77.2,Asia/Kolkata,1791360015,2026-10-07 13:30:00,1791664200,2026-10-11 02:00:00.000000213,26.7,80.1,0,Clear,https://cdn.weatherapi.com/weather/64x64/night/113.png,1000,6.9,11.2,114,ESE,1011,29.85,0.0,0.0,0,60,0,27.7,81.9,26.7,80.1,28.0,82.4,18.4,65.1,0,3,0,0,10,6,10.3,16.6,0.0,21.0,69.9,483.0,20.0,76,23.2,55.6,122.0,3,7,0.0,0.0,0.0,0.0
New Delhi,Delhi,India,28.6,77.2,Asia/Kolkata,1791360015,2026-10-07 13:30:00,1791667800,2026-10-11 03:00:00.000000000,26.2,79.1,0,Clear,https://cdn.weatherapi.com/weather/64x64/night/113.png,1000,6.3,10.1,120,ESE,1011,29.85,0.0,0.0,0,63,2,27.3,81.1,26.2,79.1,27.6,81.7,18.7,65.6,0,4,0,0,10,6,9.6,15.5,0.0,21.1,69.9,480.0,20.1,69,23.1,56.6,121.1,3,7,0.0,0.0,0.0,0.0
New Delhi,Delhi,India,28.6,77.2,Asia/Kolkata,1791360015,2026-10-07 13:30:00,1791671400,2026-10-11 03:59:59.999999786,25.9,78.5,0,Clear,https://cdn.weatherapi.com/weather/64x64/night/113.png,1000,5.8,9.4,118,ESE,1011,29.85,0.0,0.0,0,65,5,27.1,80.8,25.9,78.5,27.3,81.1,18.8,65.8,0,4,0,0,10,6,8.6,13.8,0.0,21.0,69.8,488.0,20.8,62,23.4,57.9,122.5,3,7,0.0,0.0,0.0,0.0
New Delhi,Delhi,India,28.6,77.2,Asia/Kolkata,1791360015,2026-10-07 13:30:00,1791675000,2026-10-11 05:00:00.000000213,25.6,78.1,0,Clear,https://cdn.weatherapi.com/weather/64x64/night/113.png,1000,4.9,7.9,122,ESE,1012,29.88,0.0,0.0,0,67,1,27.1,80.8,25.6,78.1,27.1,80.8,18.9,66.1,0,5,0,0,10,6,6.7,10.8,0.0,21.0,69.9,496.8,21.4,59,24.4,58.8,122.0,3,7,0.0,0.0,0.0,0.0
New Delhi,Delhi,India,28.6,77.2,Asia/Kolkata,1791360015,2026-10-07 13:30:00,1791721800,2026-10-11 18:00:00.000000000,33.1,91.6,0,Clear,https://cdn.weatherapi.com/weather/64x64/night/113.png,1000,8.1,13.0,106,ESE,1011,29.85,0.0,0.0,0,30,0,31.7,89.1,33.1,91.6,32.7,90.9,13.4,56.2,0,0,0,0,10,6,9.2,14.8,0.0,20.4,68.7,,,,,,,,,0.0,0.0,0.0,0.0
New Delhi,Delhi,India,28.6,77.2,Asia/Kolkata,1791360015,2026-10-07 13:30:00,1791725400,2026-10-11 18:59:59.999999786,32.0,89.6,0,Clear,https://cdn.weatherapi.com/weather/64x64/night/113.png,1000,8.3,13.3,98,E,1012,29.88,0.0,0.0,0,38,0,31.3,88.3,32.0,89.5,32.5,90.5,15.9,60.5,0,1,0,0,10,6,11.2,18.0,0.0,21.2,70.2,,,,,,,,,0.0,0.0,0.0,0.0
New Delhi,Delhi,India,28.6,77.2,Asia/Kolkata,1791360015,2026-10-07 13:30:00,1791729000,2026-10-11 20:00:00.000000213,30.8,87.5,0,Clear,https://cdn.weatherapi.com/weather/64x64/night/113.png,1000,8.7,14.0,101,ESE,1013,29.91,0.0,0.0,0,43,0,31.1,88.0,30.8,87.5,31.7,89.0,16.8,62.3,0,1,0,0,10,6,13.2,21.3,0.0,21.4,70.5,,,,,,,,,0.0,0.0,0.0,0.0
New Delhi,Delhi,India,28.6,77.2,Asia/Kolkata,1791360015,2026-10-07 13:30:00,1791732600,2026-10-11 21:00:00.000000000,30.1,86.2,0,Partly Cloudy,https://cdn.weatherapi.com/weather/64x64/night/116.png,1003,6.7,10.8,100,E,1014,29.93,0.0,0.0,0,47,33,30.7,87.3,30.1,86.2,31.2,88.1,17.5,63.4,0,3,0,0,10,6,11.2,18.0,0.0,21.5,70.8,,,,,,,,,0.0,0.0,0.0,0.0
New Delhi,Delhi,India,28.6,77.2,Asia/Kolkata,1791360015,2026-10-07 13:30:00,1791736200,2026-10-11 21:59:59.999999786,29.6,85.3,0,Overcast,https://cdn.weatherapi.com/weather/64x64/night/122.png,1009,6.9,11.2,120,ESE,1013,29.93,0.0,0.0,0,49,95,30.3,86.5,29.6,85.3,30.8,87.4,17.7,63.9,0,10,0,0,10,6,11.2,18.0,0.0,21.5,70.7,,,,,,,,,0.0,0.0,0.0,0.0
New Delhi,Delhi,India,28.6,77.2,Asia/Kolkata,1791360015,2026-10-07 13:30:00,1791739800,2026-10-11 23:00:00.000000213,29.3,84.7,0,Overcast,https://cdn.weatherapi.com/weather/64x64/night/122.png,1009,4.0,6.5,87,E,1014,29.95,0.0,0.0,0,50,97,30.0,86.0,29.3,84.7,30.4,86.7,17.8,64.1,0,11,0,0,10,6,5.2,8.4,0.0,21.5,70.7,,,,,,,,,0.0,0.0,0.0,0.0
New Delhi,Delhi,India,28.6,77.2,Asia/Kolkata,1791360015,2026-10-07 13:30:00,1791743400,2026-10-12 00:00:00.000000000,28.9,84.0,0,Overcast,https://cdn.weatherapi.com/weather/64x64/night/122.png,1009,6.5,10.4,80,E,1014,29.94,0.0,0.0,0,52,96,29.8,85.6,28.9,84.0,30.1,86.2,18.1,64.6,0,11,0,0,10,6,7.4,11.9,0.0,21.5,70.8,,,,,,,,,0.0,0.0,0.0,0.0
New Delhi,Delhi,India,28.6,77.2,Asia/Kolkata,1791360015,2026-10-07 13:30:00,1791747000,2026-10-12 00:59:59.999999786,28.2,82.7,0,Partly Cloudy,https://cdn.weatherapi.com/weather/64x64/night/116.png,1003,6.7,10.8,88,E,1014,29.93,0.0,0.0,0,56,49,29.3,84.7,28.2,82.7,29.6,85.2,18.7,65.6,0,6,0,0,10,6,9.0,14.4,0.0,21.7,71.0,,,,,,,,,0.0,0.0,0.0,0.0
New Delhi,Delhi,India,28.6,77.2,Asia/Kolkata,1791360015,2026-10-07 13:30:00,1791750600,2026-10-12 02:00:00.000000213,27.6,81.6,0,Clear,https://cdn.weatherapi.com/weather/64x64/night/113.png,1000,6.3,10.1,101,E,1013,29.92,0.0,0.0,0,60,1,28.8,83.8,27.6,81.6,29.1,84.4,19.1,66.3,0,3,0,0,10,6,8.9,14.4,0.0,21.7,71.1,,,,,,,,,0.0,0.0,0.0,0.0
New Delhi,Delhi,India,28.6,77.2,Asia/Kolkata,1791360015,2026-10-07 13:30:00,1791754200,2026-10-12 03:00:00.000000000,27.3,81.1,0,Clear,https://cdn.weatherapi.com/weather/64x64/night/113.png,1000,5.8,9.4,108,ESE,1013,29.91,0.0,0.0,0,62,5,28.6,83.5,27.3,81.1,28.9,83.9,19.3,66.7,0,4,0,0,10,6,8.7,14.0,0.0,21.8,71.2,,,,,,,,,0.0,0.0,0.0,0.0
New Delhi,Delhi,India,28.6,77.2,Asia/Kolkata,1791360015,2026-10-07 13:30:00,1791757800,2026-10-12 03:59:59.999999786,27.0,80.6,0,Clear,https://cdn.weatherapi.com/weather/64x64/night/113.png,1000,4.9,7.9,126,SE,1013,29.92,0.0,0.0,0,62,0,28.3,82.9,27.0,80.7,28.6,83.5,19.3,66.7,0,4,0,0,10,6,7.4,11.9,0.0,21.7,71.0,,,,,,,,,0.0,0.0,0.0,0.0
New Delhi,Delhi,India,28.6,77.2,Asia/Kolkata,1791360015,2026-10-07 13:30:00,1791761400,2026-10-12 05:00:00.000000213,26.8,80.2,0,Clear,https://cdn.weatherapi.com/weather/64x64/night/113.png,1000,4.5,7.2,141,SE,1014,29.93,0.0,0.0,0,63,0,28.1,82.6,26.8,80.2,28.3,83.0,19.2,66.5,0,4,0,0,10,6,6.5,10.5,0.0,21.6,70.8,,,,,,,,,0.0,0.0,0.0,0.0
New Delhi,Delhi,India,28.6,77.2,Asia/Kolkata,1791360015,2026-10-07 13:30:00,1791808200,2026-10-12 18:00:00.000000000,34.2,93.6,0,Clear,https://cdn.weatherapi.com/weather/64x64/night/113.png,1000,2.9,4.7,90,E,1012,29.9,0.0,0.0,0,32,16,35.0,95.0,34.2,93.6,34.4,93.9,14.8,58.6,0,1,0,0,10,6,7.2,11.5,0.0,21.6,70.8,,,,,,,,,0.0,0.0,0.0,0.0
New Delhi,Delhi,India,28.6,77.2,Asia/Kolkata,1791360015,2026-10-07 13:30:00,1791811800,2026-10-12 18:59:59.999999786,33.1,91.6,0,Clear,https://cdn.weatherapi.com/weather/64x64/night/113.png,1000,5.1,8.3,100,E,1013,29.91,0.0,0.0,0,37,8,33.7,92.7,33.1,91.6,33.9,93.0,16.2,61.2,0,1,0,0,10,6,8.3,13.3,0.0,21.9,71.4,,,,,,,,,0.0,0.0,0.0,0.0
New Delhi,Delhi,India,28.6,77.2,Asia/Kolkata,1791360015,2026-10-07 13:30:00,1791815400,2026-10-12 20:00:00.000000213,32.0,89.7,0,Clear,https://cdn.weatherapi.com/weather/64x64/night/113.png,1000,7.2,11.5,110,ESE,1014,29.93,0.0,0.0,0,42,0,32.7,90.9,32.1,89.7,33.4,92.0,17.6,63.6,0,1,0,0,10,6,9.2,14.9,0.0,22.2,71.9,,,,,,,,,0.0,0.0,0.0,0.0
New Delhi,Delhi,India,28.6,77.2,Asia/Kolkata,1791360015,2026-10-07 13:30:00,1791819000,2026-10-12 21:00:00.000000000,31.4,88.5,0,Clear,https://cdn.weatherapi.com/weather/64x64/night/113.png,1000,6.5,10.4,122,ESE,1014,29.93,0.0,0.0,0,44,0,32.2,90.0,31.4,88.5,32.7,90.9,17.8,64.0,0,1,0,0,10,6,8.9,14.4,0.0,22.1,71.8,,,,,,,,,0.0,0.0,0.0,0.0
New Delhi,Delhi,India,28.6,77.2,Asia/Kolkata,1791360015,2026-10-07 13:30:00,1791822600,2026-10-12 21:59:59.999999786,30.8,87.4,0,Clear,https://cdn.weatherapi.com/weather/64x64/night/113.png,1000,5.8,9.4,135,SE,1014,29.93,0.0,0.0,0,47,0,31.7,89.1,30.8,87.4,32.1,89.8,18.0,64.4,0,1,0,0,10,6,8.5,13.7,0.0,22.1,71.7,,,,,,,,,0.0,0.0,0.0,0.0
New Delhi,Delhi,India,28.6,77.2,Asia/Kolkata,1791360015,2026-10-07 13:30:00,1791826200,2026-10-12 23:00:00.000000213,30.1,86.2,0,Clear,https://cdn.weatherapi.com/weather/64x64/night/113.png,1000,5.1,8.3,147,SSE,1014,29.93,0.0,0.0,0,49,0,31.0,87.8,30.1,86.2,31.5,88.6,18.2,64.7,0,1,0,0,10,6,8.1,13.1,0.0,21.9,71.5,,,,,,,,,0.0,0.0,0.0,0.0
New Delhi,Delhi,India,28.6,77.2,Asia/Kolkata,1791360015,2026-10-07 13:30:00,1791829800,2026-10-13 00:00:00.000000000,29.7,85.5,0,Clear,https://cdn.weatherapi.com/weather/64x64/night/113.png,1000,5.1,8.3,150,SSE,1013,29.92,0.0,0.0,0,50,0,30.6,87.1,29.7,85.5,31.0,87.8,18.1,64.6,0,2,0,0,10,6,7.8,12.6,0.0,21.8,71.2,,,,,,,,,0.0,0.0,0.0,0.0
New Delhi,Delhi,India,28.6,77.2,Asia/Kolkata,1791360015,2026-10-07 13:30:00,1791833400,2026-10-13 00:59:59.999999786,29.4,84.9,0,Clear,https://cdn.weatherapi.com/weather/64x64/night/113.png,1000,5.1,8.3,152,SSE,1013,29.91,0.0,0.0,0,50,0,30.3,86.5,29.4,84.9,30.6,87.1,18.0,64.4,0,2,0,0,10,6,7.6,12.2,0.0,21.7,71.0,,,,,,,,,0.0,0.0,0.0,0.0
New Delhi,Delhi,India,28.6,77.2,Asia/Kolkata,1791360015,2026-10-07 13:30:00,1791837000,2026-10-13 02:00:00.000000213,29.0,84.2,0,Clear,https://cdn.weatherapi.com/weather/64x64/night/113.png,1000,5.1,8.3,155,SSE,1012,29.89,0.0,0.0,0,51,0,29.8,85.6,29.0,84.2,30.2,86.4,18.0,64.4,0,2,0,0,10,6,7.2,11.6,0.0,21.5,70.7,,,,,,,,,0.0,0.0,0.0,0.0
New Delhi,Delhi,India,28.6,77.2,Asia/Kolkata,1791360015,2026-10-07 13:30:00,1791840600,2026-10-13 03:00:00.000000000,28.7,83.7,0,Clear,https://cdn.weatherapi.com/weather/64x64/night/113.png,1000,4.7,7.6,162,SSE,1012,29.89,0.0,0.0,0,51,0,29.4,84.9,28.7,83.7,29.8,85.6,17.6,63.7,0,2,0,0,10,6,6.5,10.4,0.0,21.2,70.1,,,,,,,,,0.0,0.0,0.0,0.0
New Delhi,Delhi,India,28.6,77.2,Asia/Kolkata,1791360015,2026-10-07 13:30:00,1791844200,2026-10-13 03:59:59.999999786,28.5,83.3,0,Clear,https://cdn.weatherapi.com/weather/64x64/night/113.png,1000,4.0,6.5,170,S,1012,29.9,0.0,0.0,0,51,0,29.1,84.4,28.5,83.3,29.4,84.9,17.3,63.1,0,2,0,0,10,6,5.6,9.0,0.0,21.0,69.7,,,,,,,,,0.0,0.0,0.0,0.0
New Delhi,Delhi,India,28.6,77.2,Asia/Kolkata,1791360015,2026-10-07 13:30:00,1791847800,2026-10-13 05:00:00.000000213,28.2,82.8,0,Clear,https://cdn.weatherapi.com/weather/64x64/night/113.png,1000,3.6,5.8,177,S,1012,29.9,0.0,0.0,0,50,0,28.7,83.7,28.2,82.8,29.0,84.2,16.9,62.4,0,2,0,0,10,6,4.9,8.0,0.0,20.6,69.1,,,,,,,,,0.0,0.0,0.0,0.0
New Delhi,Delhi,India,28.6,77.2,Asia/Kolkata,1791360015,2026-10-07 13:30:00,1791894600,2026-10-13 18:00:00.000000000,33.2,91.8,0,Clear,https://cdn.weatherapi.com/weather/64x64/night/113.png,1000,6.5,10.4,28,NNE,1012,29.88,0.0,0.0,0,28,64,32.0,89.6,33.2,91.8,32.4,90.3,11.6,52.9,0,5,0,0,10,6,9.4,15.1,0.0,20.0,67.9,,,,,,,,,0.0,0.0,0.0,0.0
New Delhi,Delhi,India,28.6,77.2,Asia/Kolkata,1791360015,2026-10-07 13:30:00,1791898200,2026-10-13 18:59:59.999999786,30.3,86.5,0,Patchy rain nearby,https://cdn.weatherapi.com/weather/64x64/night/176.png,1063,6.9,11.2,50,NE,1013,29.91,0.0,0.0,0,35,32,29.2,84.6,30.3,86.5,29.9,85.8,12.5,54.5,0,2,0,0,10,6,11.4,18.4,0.0,19.4,66.9,,,,,,,,,0.0,0.0,0.0,0.0
New Delhi,Delhi,India,28.6,77.2,Asia/Kolkata,1791360015,2026-10-07 13:30:00,1791901800,2026-10-13 20:00:00.000000213,27.5,81.5,0,Clear,https://cdn.weatherapi.com/weather/64x64/night/113.png,1000,7.2,11.5,72,ENE,1014,29.94,0.0,0.0,0,42,0,27.4,81.3,27.5,81.6,27.5,81.6,13.5,56.2,0,1,0,0,10,6,13.6,22.0,0.0,18.6,65.5,,,,,,,,,0.0,0.0,0.0,0.0
New Delhi,Delhi,India,28.6,77.2,Asia/Kolkata,1791360015,2026-10-07 13:30:00,1791905400,2026-10-13 21:00:00.000000000,27.5,81.5,0,Clear,https://cdn.weatherapi.com/weather/64x64/night/113.png,1000,6.3,10.1,86,E,1014,29.94,0.0,0.0,0,41,0,27.3,81.1,27.5,81.5,27.4,81.3,13.0,55.4,0,1,0,0,10,6,11.4,18.4,0.0,18.3,65.0,,,,,,,,,0.0,0.0,0.0,0.0
New Delhi,Delhi,India,28.6,77.2,Asia/Kolkata,1791360015,2026-10-07 13:30:00,1791909000,2026-10-13 21:59:59.999999786,27.6,81.7,0,Clear,https://cdn.weatherapi.com/weather/64x64/night/113.png,1000,5.1,8.3,99,E,1014,29.93,0.0,0.0,0,40,0,26.8,80.2,27.6,81.7,27.4,81.3,12.6,54.7,0,1,0,0,10,6,9.2,14.8,0.0,18.2,64.8,,,,,,,,,0.0,0.0,0.0,0.0
New Delhi,Delhi,India,28.6,77.2,Asia/Kolkata,1791360015,2026-10-07 13:30:00,1791912600,2026-10-13 23:00:00.000000213,27.6,81.6,0,Clear,https://cdn.weatherapi.com/weather/64x64/night/113.png,1000,4.3,6.8,113,ESE,1014,29.93,0.0,0.0,0,38,0,26.9,80.4,27.6,81.6,27.3,81.1,12.1,53.8,0,1,0,0,10,6,6.9,11.2,0.0,18.0,64.3,,,,,,,,,0.0,0.0,0.0,0.0
Noida,Uttar Pradesh,India,28.57,77.32,Asia/Kolkata,1791360015,2026-10-07 13:30:00,1791311400,2026-10-07 00:00:00.000000000,28.1,82.5,0,Clear,https://cdn.weatherapi.com/weather/64x64/night/113.png,1000,6.3,10.1,127,SE,1014,29.93,0.0,0.0,0,54,0,28.9,84.0,28.1,82.5,29.2,84.5,17.8,64.0,0,2,0,0,10,6,9.8,15.8,0.0,21.1,70.0,567.0,25.3,74,23.7,100.1,362.3,4,10,0.0,0.0,0.0,0.0
Noida,Uttar Pradesh,India,28.57,77.32,Asia/Kolkata,1791360015,2026-10-07 13:30:00,1791315000,2026-10-07 00:59:59.999999786,27.6,81.7,0,Haze,https://cdn.weatherapi.com/weather/64x64/night/125.png,1012,6.5,10.4,129,SE,1013,29.92,0.0,0.0,0,56,0,28.5,83.3,27.6,81.7,28.8,83.8,18.0,64.4,0,3,0,0,4,2,10.1,16.3,0.0,21.1,69.9,547.0,23.2,70,22.0,89.2,279.4,4,10,0.0,0.0,0.0,0.0
Noida,Uttar Pradesh,India,28.57,77.32,Asia/Kolkata,1791360015,2026-10-07 13:30:00,1791318600,2026-10-07 02:00:00.000000213,27.2,81.0,0,Clear,https://cdn.weatherapi.com/weather/64x64/night/113.png,1000,6.5,10.4,143,SE,1013,29.92,0.0,0.0,0,58,0,28.2,82.8,27.2,81.0,28.5,83.2,18.2,64.7,0,3,0,0,5,3,10.5,17.0,0.0,21.1,69.9,529.0,21.6,67,20.9,81.3,224.4,4,10,0.0,0.0,0.0,0.0
Noida,Uttar Pradesh,India,28.57,77.32,Asia/Kolkata,1791360015,2026-10-07 13:30:00,1791322200,2026-10-07 03:00:00.000000000,26.9,80.5,0,Clear,https://cdn.weatherapi.com/weather/64x64/night/113.png,1000,6.3,10.1,155,SSE,1013,29.92,0.0,0.0,0,59,0,27.9,82.2,26.9,80.5,28.2,82.7,18.1,64.7,0,3,0,0,6,3,10.1,16.3,0.0,21.0,69.7,501.0,20.7,62,20.3,78.9,220.7,4,10,0.0,0.0,0.0,0.0
Noida,Uttar Pradesh,India,28.57,77.32,Asia/Kolkata,1791360015,2026-10-07 13:30:00,1791325800,2026-10-07 03:59:59.999999786,26.6,79.9,0,Haze,https://cdn.weatherapi.com/weather/64x64/night/125.png,1012,5.4,8.6,160,SSE,1013,29.92,0.0,0.0,0,59,0,27.6,81.7,26.6,79.9,27.8,82.0,17.9,64.2,0,3,0,0,5,2,8.5,13.7,0.0,20.7,69.3,474.0,20.4,58,20.1,82.0,260.8,4,10,0.0,0.0,0.0,0.0
Noida,Uttar Pradesh,India,28.57,77.32,Asia/Kolkata,1791360015,2026-10-07 13:30:00,1791329400,2026-10-07 05:00:00.000000213,26.4,79.6,0,Dust storm,https://cdn.weatherapi.com/weather/64x64/night/134.png,1021,5.1,8.3,150,SSE,1014,29.94,0.0,0.0,0,59,0,27.4,81.3,26.4,79.6,27.6,81.6,17.7,63.9,0,3,0,0,4,2,7.8,12.6,0.0,20.6,69.0,481.0,20.5,58,20.5,87.8,315.7,4,10,0.0,0.0,0.0,0.0
Noida,Uttar Pradesh,India,28.57,77.32,Asia/Kolkata,1791360015,2026-10-07 13:30:00,1791376200,2026-10-07 18:00:00.000000000,35.1,95.1,0,Clear,https://cdn.weatherapi.com/weather/64x64/night/113.png,1000,1.1,1.8,250,WSW,1012,29.87,0.0,0.0,0,22,22,34.8,94.6,35.1,95.1,33.6,92.4,10.0,50.0,0,1,0,0,6,3,7.9,12.6,0.0,19.5,67.1,700.0,32.7,136,21.9,78.0,206.8,4,10,0.0,0.0,0.0,0.0
Noida,Uttar Pradesh,India,28.57,77.32,Asia/Kolkata,1791360015,2026-10-07 13:30:00,1791379800,2026-10-07 18:59:59.999999786,34.1,93.4,0,Clear,https://cdn.weatherapi.com/weather/64x64/night/113.png,1000,1.3,2.2,156,SSE,1012,29.89,0.0,0.0,0,24,0,33.9,93.0,34.1,93.4,32.8,91.0,10.4,50.7,0,0,0,0,6,3,3.0,4.8,0.0,19.4,66.9,670.0,34.4,121,24.9,77.3,190.9,4,10,0.0,0.0,0.0,0.0
Noida,Uttar Pradesh,India,28.57,77.32,Asia/Kolkata,1791360015,2026-10-07 13:30:00,1791383400,2026-10-07 20:00:00.000000213,33.1,91.5,0,Clear,https://cdn.weatherapi.com/weather/64x64/night/113.png,1000,3.8,6.1,133,SE,1013,29.92,0.0,0.0,0,26,0,32.2,90.0,33.1,91.5,31.8,89.3,10.8,51.4,0,0,0,0,6,3,4.3,6.9,0.0,19.2,66.6,655.0,34.5,109,26.8,74.7,174.2,4,10,0.0,0.0,0.0,0.0
Noida,Uttar Pradesh,India,28.57,77.32,Asia/Kolkata,1791360015,2026-10-07 13:30:00,1791387000,2026-10-07 21:00:00.000000000,32.0,89.6,0,Sandstorm,https://cdn.weatherapi.com/weather/64x64/night/137.png,1024,4.5,7.2,144,SE,1014,29.93,0.0,0.0,0,28,0,31.0,87.8,32.0,89.6,30.9,87.7,11.3,52.3,0,0,0,0,3,1,6.1,9.8,0.0,19.1,66.3,680.0,32.3,100,26.8,105.5,464.7,4,10,0.0,0.0,0.0,0.0
Noida,Uttar Pradesh,India,28.57,77.32,Asia/Kolkata,1791360015,2026-10-07 13:30:00,1791390600,2026-10-07 21:59:59.999999786,31.4,88.6,0,Severe sandstorm,https://cdn.weatherapi.com/weather/64x64/night/140.png,1027,4.0,6.5,165,SSE,1014,29.93,0.0,0.0,0,29,0,30.6,87.1,31.5,88.6,30.4,86.7,11.4,52.4,0,0,0,0,3,1,5.0,8.1,0.0,18.9,66.0,720.0,28.4,93,25.7,115.0,530.9,4,10,0.0,0.0,0.0,0.0
Noida,Uttar Pradesh,India,28.57,77.32,Asia/Kolkata,1791360015,2026-10-07 13:30:00,1791394200,2026-10-07 23:00:00.000000213,31.0,87.7,0,Sandstorm,https://cdn.weatherapi.com/weather/64x64/night/137.png,1024,3.4,5.4,176,S,1013,29.93,0.0,0.0,0,29,0,30.2,86.4,31.0,87.7,29.8,85.7,10.9,51.6,0,0,0,0,3,1,3.9,6.3,0.0,18.5,65.4,738.0,25.3,86,24.5,106.2,458.2,4,10,0.0,0.0,0.0,0.0
Noida,Uttar Pradesh,India,28.57,77.32,Asia/Kolkata,1791360015,2026-10-07 13:30:00,1791397800,2026-10-08 00:00:00.000000000,30.7,87.3,0,Clear,https://cdn.weatherapi.com/weather/64x64/night/113.png,1000,2.7,4.3,193,SSW,1013,29.92,0.0,0.0,0,29,0,30.0,86.0,30.7,87.3,29.5,85.1,10.5,50.8,0,0,0,0,10,6,3.4,5.4,0.0,18.3,64.9,712.0,23.9,77,23.3,90.3,330.6,4,10,0.0,0.0,0.0,0.0
Noida,Uttar Pradesh,India,28.57,77.32,Asia/Kolkata,1791360015,2026-10-07 13:30:00,1791401400,2026-10-08 00:59:59.999999786,30.4,86.7,0,Clear,https://cdn.weatherapi.com/weather/64x64/night/113.png,1000,2.5,4.0,227,SW,1013,29.9,0.0,0.0,0,28,0,29.6,85.3,30.4,86.7,29.1,84.3,9.7,49.4,0,0,0,0,6,3,3.6,5.8,0.0,17.8,64.1,665.0,23.2,69,21.9,76.1,215.1,4,10,0.0,0.0,0.0,0.0
Noida,Uttar Pradesh,India,28.57,77.32,Asia/Kolkata,1791360015,2026-10-07 13:30:00,1791405000,2026-10-08 02:00:00.000000213,30.2,86.3,0,Clear,https://cdn.weatherapi.com/weather/64x64/night/113.png,1000,3.1,5.0,257,WSW,1012,29.89,0.0,0.0,0,26,1,29.0,84.2,30.2,86.3,28.7,83.7,8.9,48.0,0,0,0,0,7,4,5.6,9.0,0.0,17.4,63.4,626.0,23.0,61,20.9,66.6,160.2,4,9,0.0,0.0,0.0,0.0
Noida,Uttar Pradesh,India,28.57,77.32,Asia/Kolkata,1791360015,2026-10-07 13:30:00,1791408600,2026-10-08 03:00:00.000000000,30.0,86.0,0,Partly Cloudy,https://cdn.weatherapi.com/weather/64x64/night/116.png,1003,3.8,6.1,270,W,1012,29.88,0.0,0.0,0,26,30,28.5,83.3,30.0,86.0,28.5,83.2,8.4,47.1,0,2,0,0,8,4,9.0,14.4,0.0,17.2,62.9,592.0,23.2,54,20.2,64.5,131.3,3,8,0.0,0.0,0.0,0.0
Noida,Uttar Pradesh,India,28.57,77.32,Asia/Kolkata,1791360015,2026-10-07 13:30:00,1791412200,2026-10-08 03:59:59.999999786,30.0,86.1,0,Overcast,https://cdn.weatherapi.com/weather/64x64/night/122.png,1009,6.0,9.7,281,WNW,1012,29.88,0.0,0.0,0,26,100,27.8,82.0,30.0,86.1,28.5,83.3,8.6,47.5,0,9,0,0,10,6,13.7,22.0,0.0,17.3,63.1,566.0,23.8,47,19.8,63.3,115.9,3,8,0.0,0.0,0.0,0.0
Noida,Uttar Pradesh,India,28.57,77.32,Asia/Kolkata,1791360015,2026-10-07 13:30:00,1791415800,2026-10-08 05:00:00.000000213,30.1,86.2,0,Cloudy,https://cdn.weatherapi.com/weather/64x64/night/119.png,1006,6.7,10.8,283,WNW,1012,29.9,0.0,0.0,0,27,87,27.8,82.0,30.1,86.2,28.7,83.6,9.1,48.3,0,7,0,0,10,6,14.8,23.8,0.0,17.5,63.5,587.0,24.3,46,20.1,62.9,107.1,3,8,0.0,0.0,0.0,0.0
Noida,Uttar Pradesh,India,28.57,77.32,Asia/Kolkata,1791360015,2026-10-07 13:30:00,1791462600,2026-10-08 18:00:00.000000000,35.2,95.3,0,Cloudy,https://cdn.weatherapi.com/weather/64x64/night/119.png,1006,5.4,8.6,261,W,1009,29.79,0.0,0.0,0,22,69,33.6,92.5,35.2,95.3,33.8,92.8,10.2,50.4,0,5,0,0,6,3,13.4,21.6,0.0,19.6,67.3,732.0,42.7,106,23.5,75.2,205.4,4,10,0.0,0.0,0.0,0.0
Noida,Uttar Pradesh,India,28.57,77.32,Asia/Kolkata,1791360015,2026-10-07 13:30:00,1791466200,2026-10-08 18:59:59.999999786,34.3,93.8,0,Partly Cloudy,https://cdn.weatherapi.com/weather/64x64/night/116.png,1003,1.3,2.2,194,SSW,1010,29.82,0.0,0.0,0,25,60,34.3,93.7,34.3,93.8,33.3,91.9,11.4,52.5,0,4,0,0,6,3,12.3,19.8,0.0,19.8,67.7,852.0,57.0,83,30.2,80.3,179.7,4,10,0.0,0.0,0.0,0.0
Noida,Uttar Pradesh,India,28.57,77.32,Asia/Kolkata,1791360015,2026-10-07 13:30:00,1791469800,2026-10-08 20:00:00.000000213,32.5,90.5,0,Clear,https://cdn.weatherapi.com/weather/64x64/night/113.png,1000,5.6,9.0,135,SE,1011,29.84,0.0,0.0,0,32,6,31.9,89.4,32.5,90.5,32.1,89.9,13.5,56.3,0,1,0,0,6,3,8.3,13.3,0.0,20.2,68.4,995.0,66.7,66,35.6,83.4,163.4,4,10,0.0,0.0,0.0,0.0
Noida,Uttar Pradesh,India,28.57,77.32,Asia/Kolkata,1791360015,2026-10-07 13:30:00,1791473400,2026-10-08 21:00:00.000000000,30.9,87.6,0,Clear,https://cdn.weatherapi.com/weather/64x64/night/113.png,1000,6.9,11.2,139,SE,1011,29.85,0.0,0.0,0,40,0,30.6,87.1,30.9,87.5,31.2,88.2,15.6,60.2,0,1,0,0,6,3,9.2,14.8,0.0,20.8,69.4,1194.0,68.7,58,38.5,84.3,149.9,4,10,0.0,0.0,0.0,0.0
Noida,Uttar Pradesh,India,28.57,77.32,Asia/Kolkata,1791360015,2026-10-07 13:30:00,1791477000,2026-10-08 21:59:59.999999786,30.1,86.2,0,Clear,https://cdn.weatherapi.com/weather/64x64/night/113.png,1000,5.6,9.0,144,SE,1011,29.85,0.0,0.0,0,42,0,30.1,86.2,30.1,86.2,30.6,87.1,15.9,60.7,0,1,0,0,6,3,6.7,10.8,0.0,20.7,69.2,1416.0,66.1,55,40.1,92.0,146.2,4,10,0.0,0.0,0.0,0.0
Noida,Uttar Pradesh,India,28.57,77.32,Asia/Kolkata,1791360015,2026-10-07 13:30:00,1791480600,2026-10-08 23:00:00.000000213,29.7,85.4,0,Clear,https://cdn.weatherapi.com/weather/64x64/night/113.png,1000,4.9,7.9,134,SE,1010,29.83,0.0,0.0,0,43,0,29.7,85.5,29.7,85.4,30.1,86.2,15.9,60.6,0,1,0,0,6,3,5.6,9.0,0.0,20.5,68.9,1570.0,61.9,54,40.2,95.7,140.2,4,10,0.0,0.0,0.0,0.0
Noida,Uttar Pradesh,India,28.57,77.32,Asia/Kolkata,1791360015,2026-10-07 13:30:00,1791484200,2026-10-09 00:00:00.000000000,28.9,83.9,0,Clear,https://cdn.weatherapi.com/weather/64x64/night/113.png,1000,5.4,8.6,125,SE,1010,29.83,0.0,0.0,0,47,0,29.1,84.4,28.9,83.9,29.5,85.1,16.4,61.6,0,1,0,0,10,6,6.3,10.1,0.0,20.6,69.0,1622.0,56.3,52,38.3,96.4,134.1,4,10,0.0,0.0,0.0,0.0
Noida,Uttar Pradesh,India,28.57,77.32,Asia/Kolkata,1791360015,2026-10-07 13:30:00,1791487800,2026-10-09 00:59:59.999999786,28.2,82.8,0,Smoky haze,https://cdn.weatherapi.com/weather/64x64/night/149.png,1036,5.1,8.3,135,SE,1010,29.81,0.0,0.0,0,50,0,28.7,83.7,28.2,82.8,29.1,84.3,17.0,62.5,0,2,0,0,6,4,6.3,10.2,0.0,20.7,69.2,1607.0,49.1,50,34.9,96.2,127.6,4,10,0.0,0.0,0.0,0.0
Noida,Uttar Pradesh,India,28.57,77.32,Asia/Kolkata,1791360015,2026-10-07 13:30:00,1791491400,2026-10-09 02:00:00.000000213,27.8,82.1,0,Smoky haze,https://cdn.weatherapi.com/weather/64x64/night/149.png,1036,4.7,7.6,153,SSE,1009,29.8,0.0,0.0,0,52,0,28.4,83.1,27.8,82.1,28.7,83.6,17.0,62.5,0,2,0,0,7,4,5.6,9.1,0.0,20.6,69.0,1536.0,42.5,50,31.7,94.5,122.9,4,10,0.0,0.0,0.0,0.0
Noida,Uttar Pradesh,India,28.57,77.32,Asia/Kolkata,1791360015,2026-10-07 13:30:00,1791495000,2026-10-09 03:00:00.000000000,27.7,81.9,0,Smoky haze,https://cdn.weatherapi.com/weather/64x64/night/149.png,1036,4.5,7.2,179,S,1009,29.8,0.0,0.0,0,50,0,28.2,82.8,27.7,81.9,28.4,83.1,16.5,61.6,0,2,0,0,7,4,5.8,9.4,0.0,20.2,68.4,1371.0,36.8,50,29.0,91.5,121.1,4,10,0.0,0.0,0.0,0.0
Noida,Uttar Pradesh,India,28.57,77.32,Asia/Kolkata,1791360015,2026-10-07 13:30:00,1791498600,2026-10-09 03:59:59.999999786,27.8,82.0,0,Clear,https://cdn.weatherapi.com/weather/64x64/night/113.png,1000,4.0,6.5,196,SSW,1009,29.81,0.0,0.0,0,46,0,27.9,82.2,27.8,82.0,28.1,82.6,15.0,59.0,0,1,0,0,7,4,6.1,9.8,0.0,19.5,67.0,1150.0,31.6,51,26.4,90.1,135.0,4,10,0.0,0.0,0.0,0.0
Noida,Uttar Pradesh,India,28.57,77.32,Asia/Kolkata,1791360015,2026-10-07 13:30:00,1791502200,2026-10-09 05:00:00.000000213,27.8,82.0,0,Clear,https://cdn.weatherapi.com/weather/64x64/night/113.png,1000,2.9,4.7,221,SW,1010,29.83,0.0,0.0,0,37,0,27.5,81.5,27.8,82.0,27.4,81.3,11.9,53.5,0,1,0,0,6,3,7.4,11.9,0.0,17.9,64.3,1001.0,28.1,56,24.6,91.0,156.5,4,10,0.0,0.0,0.0,0.0
Noida,Uttar Pradesh,India,28.57,77.32,Asia/Kolkata,1791360015,2026-10-07 13:30:00,1791549000,2026-10-09 18:00:00.000000000,34.5,94.0,0,Severe sandstorm,https://cdn.weatherapi.com/weather/64x64/night/140.png,1027,1.6,2.5,221,SW,1008,29.76,0.0,0.0,0,16,0,32.8,91.0,34.5,94.0,32.5,90.5,4.7,40.4,0,0,0,0,2,1,8.1,13.0,0.0,17.4,63.3,563.0,21.1,152,23.6,137.8,799.1,4,10,0.0,0.0,0.0,0.0
Noida,Uttar Pradesh,India,28.57,77.32,Asia/Kolkata,1791360015,2026-10-07 13:30:00,1791552600,2026-10-09 18:59:59.999999786,32.4,90.3,0,Severe sandstorm,https://cdn.weatherapi.com/weather/64x64/night/140.png,1027,6.3,10.1,105,ESE,1009,29.79,0.0,0.0,0,24,0,30.3,86.5,32.4,90.3,30.8,87.4,9.4,49.0,0,0,0,0,2,1,8.8,14.1,0.0,18.4,65.1,552.0,22.4,133,25.2,146.7,871.7,4,10,0.0,0.0,0.0,0.0
Noida,Uttar Pradesh,India,28.57,77.32,Asia/Kolkata,1791360015,2026-10-07 13:30:00,1791556200,2026-10-09 20:00:00.000000213,30.4,86.7,0,Severe sandstorm,https://cdn.weatherapi.com/weather/64x64/night/140.png,1027,10.3,16.6,112,ESE,1010,29.82,0.0,0.0,0,40,0,30.1,86.2,30.4,86.7,30.6,87.1,15.3,59.6,0,1,0,0,2,0,17.2,27.8,0.0,20.4,68.8,541.0,23.0,118,26.0,156.9,968.6,5,10,0.0,0.0,0.0,0.0
Noida,Uttar Pradesh,India,28.57,77.32,Asia/Kolkata,1791360015,2026-10-07 13:30:00,1791559800,2026-10-09 21:00:00.000000000,29.8,85.7,0,Severe sandstorm,https://cdn.weatherapi.com/weather/64x64/night/140.png,1027,8.7,14.0,121,ESE,1010,29.82,0.0,0.0,0,43,0,29.9,85.8,29.8,85.7,30.3,86.6,16.0,60.8,0,1,0,0,2,0,14.1,22.8,0.0,20.6,69.1,535.0,22.8,108,25.4,156.0,948.1,5,10,0.0,0.0,0.0,0.0
Noida,Uttar Pradesh,India,28.57,77.32,Asia/Kolkata,1791360015,2026-10-07 13:30:00,1791563400,2026-10-09 21:59:59.999999786,29.1,84.3,0,Severe sandstorm,https://cdn.weatherapi.com/weather/64x64/night/140.png,1027,8.1,13.0,122,ESE,1010,29.83,0.0,0.0,0,46,0,29.2,84.6,29.1,84.3,29.6,85.3,16.2,61.2,0,1,0,0,2,1,13.7,22.0,0.0,20.5,68.9,528.0,22.0,101,24.0,147.6,858.7,4,10,0.0,0.0,0.0,0.0
Noida,Uttar Pradesh,India,28.57,77.32,Asia/Kolkata,1791360015,2026-10-07 13:30:00,1791567000,2026-10-09 23:00:00.000000213,28.4,83.1,0,Severe sandstorm,https://cdn.weatherapi.com/weather/64x64/night/140.png,1027,7.6,12.2,129,SE,1010,29.82,0.0,0.0,0,48,0,28.7,83.7,28.4,83.1,29.0,84.2,16.3,61.4,0,1,0,0,2,1,13.2,21.3,0.0,20.4,68.7,513.0,21.1,94,23.0,137.8,771.1,4,10,0.0,0.0,0.0,0.0
Noida,Uttar Pradesh,India,28.57,77.32,Asia/Kolkata,1791360015,2026-10-07 13:30:00,1791570600,2026-10-10 00:00:00.000000000,27.9,82.2,0,Clear,https://cdn.weatherapi.com/weather/64x64/night/113.png,1000,7.2,11.5,133,SE,1010,29.81,0.0,0.0,0,49,4,28.2,82.8,27.9,82.2,28.5,83.3,16.2,61.1,0,2,0,0,10,6,12.1,19.5,0.0,20.1,68.2,478.0,20.1,86,22.5,123.4,657.5,4,10,0.0,0.0,0.0,0.0
Noida,Uttar Pradesh,India,28.57,77.32,Asia/Kolkata,1791360015,2026-10-07 13:30:00,1791574200,2026-10-10 00:59:59.999999786,27.4,81.3,0,Severe sandstorm,https://cdn.weatherapi.com/weather/64x64/night/140.png,1027,6.9,11.2,129,SE,1009,29.8,0.0,0.0,0,50,8,27.8,82.0,27.4,81.3,28.1,82.5,16.2,61.1,0,2,0,0,3,1,10.8,17.4,0.0,20.0,67.9,434.0,19.1,79,22.4,111.1,566.2,4,10,0.0,0.0,0.0,0.0
Noida,Uttar Pradesh,India,28.57,77.32,Asia/Kolkata,1791360015,2026-10-07 13:30:00,1791577800,2026-10-10 02:00:00.000000213,27.0,80.6,0,Sandstorm,https://cdn.weatherapi.com/weather/64x64/night/137.png,1024,6.3,10.1,127,SE,1009,29.79,0.0,0.0,0,52,7,27.5,81.5,27.0,80.6,27.7,81.9,16.2,61.2,0,2,0,0,3,1,9.4,15.1,0.0,19.9,67.8,406.0,18.6,72,22.7,101.0,493.6,4,10,0.0,0.0,0.0,0.0
Noida,Uttar Pradesh,India,28.57,77.32,Asia/Kolkata,1791360015,2026-10-07 13:30:00,1791581400,2026-10-10 03:00:00.000000000,26.6,79.8,0,Sandstorm,https://cdn.weatherapi.com/weather/64x64/night/137.png,1024,5.6,9.0,130,SE,1009,29.79,0.0,0.0,0,53,18,27.1,80.8,26.6,79.8,27.3,81.2,16.2,61.1,0,3,0,0,3,2,7.4,11.9,0.0,19.7,67.5,400.0,19.1,64,23.8,93.1,436.8,4,10,0.0,0.0,0.0,0.0
Noida,Uttar Pradesh,India,28.57,77.32,Asia/Kolkata,1791360015,2026-10-07 13:30:00,1791585000,2026-10-10 03:59:59.999999786,26.1,79.1,0,Sandstorm,https://cdn.weatherapi.com/weather/64x64/night/137.png,1024,4.7,7.6,134,SE,1009,29.8,0.0,0.0,0,53,4,26.8,80.2,26.2,79.1,27.0,80.5,16.0,60.7,0,2,0,0,4,2,5.4,8.7,0.0,19.4,67.0,411.0,20.2,56,25.3,88.0,408.9,4,10,0.0,0.0,0.0,0.0
Noida,Uttar Pradesh,India,28.57,77.32,Asia/Kolkata,1791360015,2026-10-07 13:30:00,1791588600,2026-10-10 05:00:00.000000213,26.0,78.8,0,Sandstorm,https://cdn.weatherapi.com/weather/64x64/night/137.png,1024,3.8,6.1,126,SE,1010,29.82,0.0,0.0,0,54,5,26.8,80.2,26.0,78.9,26.9,80.3,15.9,60.7,0,2,0,0,4,2,4.0,6.5,0.0,19.4,66.9,441.0,21.1,52,26.7,85.4,394.9,4,10,0.0,0.0,0.0,0.0
Noida,Uttar Pradesh,India,28.57,77.32,Asia/Kolkata,1791360015,2026-10-07 13:30:00,1791635400,2026-10-10 18:00:00.000000000,33.3,91.9,0,Sandstorm,https://cdn.weatherapi.com/weather/64x64/night/137.png,1024,8.5,13.7,122,ESE,1009,29.8,0.0,0.0,0,28,0,31.3,88.3,33.3,91.9,32.5,90.4,12.2,54.0,0,0,0,0,4,2,11.4,18.4,0.0,19.9,67.7,573.0,28.7,132,20.0,92.0,384.6,4,10,0.0,0.0,0.0,0.0
Noida,Uttar Pradesh,India,28.57,77.32,Asia/Kolkata,1791360015,2026-10-07 13:30:00,1791639000,2026-10-10 18:59:59.999999786,31.6,88.9,0,Severe sandstorm,https://cdn.weatherapi.com/weather/64x64/night/140.png,1027,10.1,16.2,105,ESE,1010,29.83,0.0,0.0,0,38,0,30.3,86.5,31.6,88.9,32.0,89.5,15.5,60.0,0,1,0,0,3,1,15.4,24.8,0.0,20.9,69.7,589.0,31.2,115,21.5,112.2,553.2,4,10,0.0,0.0,0.0,0.0
Noida,Uttar Pradesh,India,28.57,77.32,Asia/Kolkata,1791360015,2026-10-07 13:30:00,1791642600,2026-10-10 20:00:00.000000213,30.3,86.6,0,Severe sandstorm,https://cdn.weatherapi.com/weather/64x64/night/140.png,1027,9.4,15.1,110,ESE,1011,29.85,0.0,0.0,0,44,0,30.7,87.3,30.4,86.6,31.2,88.1,16.8,62.3,0,1,0,0,2,1,16.6,26.6,0.0,21.2,70.2,598.0,32.2,102,22.3,123.4,646.3,4,10,0.0,0.0,0.0,0.0
Noida,Uttar Pradesh,India,28.57,77.32,Asia/Kolkata,1791360015,2026-10-07 13:30:00,1791646200,2026-10-10 21:00:00.000000000,29.7,85.5,0,Severe sandstorm,https://cdn.weatherapi.com/weather/64x64/night/140.png,1027,7.6,12.2,117,ESE,1011,29.87,0.0,0.0,0,47,0,30.2,86.4,29.7,85.5,30.6,87.1,17.1,62.7,0,1,0,0,2,1,14.4,23.1,0.0,21.2,70.1,600.0,31.0,94,21.9,122.0,627.7,4,10,0.0,0.0,0.0,0.0
Noida,Uttar Pradesh,India,28.57,77.32,Asia/Kolkata,1791360015,2026-10-07 13:30:00,1791649800,2026-10-10 21:59:59.999999786,29.1,84.4,0,Severe sandstorm,https://cdn.weatherapi.com/weather/64x64/night/140.png,1027,7.4,11.9,123,ESE,1012,29.87,0.0,0.0,0,49,0,29.6,85.3,29.1,84.4,30.0,86.1,17.3,63.1,0,2,0,0,2,1,12.8,20.6,0.0,21.1,70.0,595.0,28.3,90,21.0,116.6,583.0,4,10,0.0,0.0,0.0,0.0
Noida,Uttar Pradesh,India,28.57,77.32,Asia/Kolkata,1791360015,2026-10-07 13:30:00,1791653400,2026-10-10 23:00:00.000000213,28.5,83.3,0,Severe sandstorm,https://cdn.weatherapi.com/weather/64x64/night/140.png,1027,7.2,11.5,123,ESE,1012,29.87,0.0,0.0,0,51,0,29.2,84.6,28.5,83.3,29.5,85.1,17.5,63.4,0,2,0,0,3,1,11.9,19.2,0.0,21.0,69.9,582.0,25.6,86,20.3,113.9,566.2,4,10,0.0,0.0,0.0,0.0
Noida,Uttar Pradesh,India,28.57,77.32,Asia/Kolkata,1791360015,2026-10-07 13:30:00,1791657000,2026-10-11 00:00:00.000000000,27.9,82.3,0,Clear,https://cdn.weatherapi.com/weather/64x64/night/113.png,1000,6.7,10.8,116,ESE,1012,29.87,0.0,0.0,0,54,6,28.7,83.7,27.9,82.3,29.0,84.2,17.6,63.7,0,2,0,0,10,6,10.8,17.3,0.0,21.0,69.7,556.0,23.3,82,20.2,108.3,523.4,4,10,0.0,0.0,0.0,0.0
Noida,Uttar Pradesh,India,28.57,77.32,Asia/Kolkata,1791360015,2026-10-07 13:30:00,1791660600,2026-10-11 00:59:59.999999786,27.3,81.2,0,Sandstorm,https://cdn.weatherapi.com/weather/64x64/night/137.png,1024,6.7,10.8,109,ESE,1011,29.86,0.0,0.0,0,57,5,28.3,82.9,27.3,81.2,28.5,83.4,18.1,64.5,0,3,0,0,3,1,10.3,16.6,0.0,21.0,69.9,524.0,21.0,77,20.4,102.9,480.6,4,10,0.0,0.0,0.0,0.0
Noida,Uttar Pradesh,India,28.57,77.32,Asia/Kolkata,1791360015,2026-10-07 13:30:00,1791664200,2026-10-11 02:00:00.000000213,26.8,80.2,0,Sandstorm,https://cdn.weatherapi.com/weather/64x64/night/137.png,1024,6.9,11.2,114,ESE,1011,29.85,0.0,0.0,0,60,0,27.8,82.0,26.8,80.2,28.1,82.6,18.5,65.3,0,3,0,0,3,1,10.3,16.6,0.0,21.1,70.0,501.0,19.4,73,20.8,98.0,439.6,4,10,0.0,0.0,0.0,0.0
Noida,Uttar Pradesh,India,28.57,77.32,Asia/Kolkata,1791360015,2026-10-07 13:30:00,1791667800,2026-10-11 03:00:00.000000000,26.3,79.3,0,Sandstorm,https://cdn.weatherapi.com/weather/64x64/night/137.png,1024,6.3,10.1,120,ESE,1011,29.85,0.0,0.0,0,63,2,27.4,81.3,26.3,79.3,27.7,81.8,18.8,65.8,0,4,0,0,3,2,9.6,15.5,0.0,21.1,70.0,499.0,19.0,67,21.4,95.7,424.7,4,10,0.0,0.0,0.0,0.0
Noida,Uttar Pradesh,India,28.57,77.32,Asia/Kolkata,1791360015,2026-10-07 13:30:00,1791671400,2026-10-11 03:59:59.999999786,25.9,78.7,0,Sandstorm,https://cdn.weatherapi.com/weather/64x64/night/137.png,1024,5.8,9.4,118,ESE,1011,29.85,0.0,0.0,0,65,5,27.2,81.0,25.9,78.7,27.4,81.3,18.8,65.9,0,4,0,0,3,2,8.6,13.8,0.0,21.1,69.9,507.0,19.4,60,22.1,93.6,410.7,4,10,0.0,0.0,0.0,0.0
Noida,Uttar Pradesh,India,28.57,77.32,Asia/Kolkata,1791360015,2026-10-07 13:30:00,1791675000,2026-10-11 05:00:00.000000213,25.7,78.2,0,Sandstorm,https://cdn.weatherapi.com/weather/64x64/night/137.png,1024,4.9,7.9,122,ESE,1012,29.88,0.0,0.0,0,67,1,27.2,81.0,25.7,78.2,27.2,80.9,19.0,66.2,0,5,0,0,4,2,6.7,10.8,0.0,21.1,70.0,507.3,19.6,58,23.0,88.7,368.8,4,10,0.0,0.0,0.0,0.0
Noida,Uttar Pradesh,India,28.57,77.32,Asia/Kolkata,1791360015,2026-10-07 13:30:00,1791721800,2026-10-11 18:00:00.000000000,33.2,91.7,0,Clear,https://cdn.weatherapi.com/weather/64x64/night/113.png,1000,8.1,13.0,106,ESE,1011,29.85,0.0,0.0,0,30,0,31.8,89.2,33.2,91.7,32.8,91.1,13.5,56.3,0,0,0,0,10,6,9.2,14.8,0.0,20.4,68.8,,,,,,,,,0.0,0.0,0.0,0.0
Noida,Uttar Pradesh,India,28.57,77.32,Asia/Kolkata,1791360015,2026-10-07 13:30:00,1791725400,2026-10-11 18:59:59.999999786,32.1,89.7,0,Clear,https://cdn.weatherapi.com/weather/64x64/night/113.png,1000,8.3,13.3,98,E,1012,29.88,0.0,0.0,0,38,0,31.4,88.5,32.1,89.7,32.6,90.7,15.9,60.7,0,1,0,0,10,6,11.2,18.0,0.0,21.3,70.3,,,,,,,,,0.0,0.0,0.0,0.0
Noida,Uttar Pradesh,India,28.57,77.32,Asia/Kolkata,1791360015,2026-10-07 13:30:00,1791729000,2026-10-11 20:00:00.000000213,30.9,87.6,0,Clear,https://cdn.weatherapi.com/weather/64x64/night/113.png,1000,8.7,14.0,101,ESE,1013,29.91,0.0,0.0,0,43,0,31.2,88.2,30.9,87.6,31.8,89.2,16.9,62.4,0,1,0,0,10,6,13.2,21.3,0.0,21.4,70.6,,,,,,,,,0.0,0.0,0.0,0.0
Noida,Uttar Pradesh,India,28.57,77.32,Asia/Kolkata,1791360015,2026-10-07 13:30:00,1791732600,2026-10-11 21:00:00.000000000,30.2,86.4,0,Partly Cloudy,https://cdn.weatherapi.com/weather/64x64/night/116.png,1003,6.7,10.8,100,E,1014,29.93,0.0,0.0,0,47,33,30.8,87.4,30.2,86.4,31.3,88.3,17.5,63.5,0,3,0,0,10,6,11.2,18.0,0.0,21.6,70.9,,,,,,,,,0.0,0.0,0.0,0.0
Noida,Uttar Pradesh,India,28.57,77.32,Asia/Kolkata,1791360015,2026-10-07 13:30:00,1791736200,2026-10-11 21:59:59.999999786,29.7,85.5,0,Overcast,https://cdn.weatherapi.com/weather/64x64/night/122.png,1009,6.9,11.2,120,ESE,1013,29.93,0.0,0.0,0,49,95,30.4,86.7,29.7,85.5,30.9,87.5,17.8,64.0,0,10,0,0,10,6,11.2,18.0,0.0,21.6,70.8,,,,,,,,,0.0,0.0,0.0,0.0
Noida,Uttar Pradesh,India,28.57,77.32,Asia/Kolkata,1791360015,2026-10-07 13:30:00,1791739800,2026-10-11 23:00:00.000000213,29.3,84.8,0,Overcast,https://cdn.weatherapi.com/weather/64x64/night/122.png,1009,4.0,6.5,87,E,1014,29.95,0.0,0.0,0,50,97,30.1,86.2,29.3,84.8,30.5,86.9,17.9,64.2,0,11,0,0,10,6,5.2,8.4,0.0,21.6,70.8,,,,,,,,,0.0,0.0,0.0,0.0
Noida,Uttar Pradesh,India,28.57,77.32,Asia/Kolkata,1791360015,2026-10-07 13:30:00,1791743400,2026-10-12 00:00:00.000000000,28.9,84.1,0,Overcast,https://cdn.weatherapi.com/weather/64x64/night/122.png,1009,6.5,10.4,80,E,1014,29.94,0.0,0.0,0,52,96,29.9,85.8,29.0,84.1,30.2,86.4,18.2,64.8,0,11,0,0,10,6,7.4,11.9,0.0,21.6,70.9,,,,,,,,,0.0,0.0,0.0,0.0
Noida,Uttar Pradesh,India,28.57,77.32,Asia/Kolkata,1791360015,2026-10-07 13:30:00,1791747000,2026-10-12 00:59:59.999999786,28.2,82.8,0,Partly Cloudy,https://cdn.weatherapi.com/weather/64x64/night/116.png,1003,6.7,10.8,88,E,1014,29.93,0.0,0.0,0,56,49,29.4,84.9,28.2,82.8,29.7,85.4,18.7,65.7,0,6,0,0,10,6,9.0,14.4,0.0,21.7,71.1,,,,,,,,,0.0,0.0,0.0,0.0
Noida,Uttar Pradesh,India,28.57,77.32,Asia/Kolkata,1791360015,2026-10-07 13:30:00,1791750600,2026-10-12 02:00:00.000000213,27.7,81.8,0,Clear,https://cdn.weatherapi.com/weather/64x64/night/113.png,1000,6.3,10.1,101,E,1013,29.92,0.0,0.0,0,60,1,28.9,84.0,27.7,81.8,29.2,84.6,19.1,66.5,0,3,0,0,10,6,8.9,14.4,0.0,21.8,71.2,,,,,,,,,0.0,0.0,0.0,0.0
Noida,Uttar Pradesh,India,28.57,77.32,Asia/Kolkata,1791360015,2026-10-07 13:30:00,1791754200,2026-10-12 03:00:00.000000000,27.4,81.2,0,Clear,https://cdn.weatherapi.com/weather/64x64/night/113.png,1000,5.8,9.4,108,ESE,1013,29.91,0.0,0.0,0,62,5,28.7,83.7,27.4,81.2,29.0,84.1,19.4,66.8,0,4,0,0,10,6,8.7,14.0,0.0,21.8,71.3,,,,,,,,,0.0,0.0,0.0,0.0
Noida,Uttar Pradesh,India,28.57,77.32,Asia/Kolkata,1791360015,2026-10-07 13:30:00,1791757800,2026-10-12 03:59:59.999999786,27.1,80.8,0,Clear,https://cdn.weatherapi.com/weather/64x64/night/113.png,1000,4.9,7.9,126,SE,1013,29.92,0.0,0.0,0,62,0,28.4,83.1,27.1,80.8,28.7,83.6,19.3,66.8,0,4,0,0,10,6,7.4,11.9,0.0,21.7,71.1,,,,,,,,,0.0,0.0,0.0,0.0
Noida,Uttar Pradesh,India,28.57,77.32,Asia/Kolkata,1791360015,2026-10-07 13:30:00,1791761400,2026-10-12 05:00:00.000000213,26.9,80.4,0,Clear,https://cdn.weatherapi.com/weather/64x64/night/113.png,1000,4.5,7.2,141,SE,1014,29.93,0.0,0.0,0,63,0,28.2,82.8,26.9,80.4,28.4,83.2,19.3,66.7,0,4,0,0,10,6,6.5,10.5,0.0,21.6,70.9,,,,,,,,,0.0,0.0,0.0,0.0
Noida,Uttar Pradesh,India,28.57,77.32,Asia/Kolkata,1791360015,2026-10-07 13:30:00,1791808200,2026-10-12 18:00:00.000000000,34.3,93.7,0,Clear,https://cdn.weatherapi.com/weather/64x64/night/113.png,1000,2.9,4.7,90,E,1012,29.9,0.0,0.0,0,32,16,35.1,95.2,34.3,93.7,34.6,94.3,14.9,58.8,0,1,0,0,10,6,7.2,11.5,0.0,21.6,70.9,,,,,,,,,0.0,0.0,0.0,0.0
Noida,Uttar Pradesh,India,28.57,77.32,Asia/Kolkata,1791360015,2026-10-07 13:30:00,1791811800,2026-10-12 18:59:59.999999786,33.2,91.8,0,Clear,https://cdn.weatherapi.com/weather/64x64/night/113.png,1000,5.1,8.3,100,E,1013,29.91,0.0,0.0,0,37,8,33.8,92.8,33.2,91.8,34.0,93.2,16.3,61.3,0,1,0,0,10,6,8.3,13.3,0.0,22.0,71.6,,,,,,,,,0.0,0.0,0.0,0.0
Noida,Uttar Pradesh,India,28.57,77.32,Asia/Kolkata,1791360015,2026-10-07 13:30:00,1791815400,2026-10-12 20:00:00.000000213,32.1,89.8,0,Clear,https://cdn.weatherapi.com/weather/64x64/night/113.png,1000,7.2,11.5,110,ESE,1014,29.93,0.0,0.0,0,42,0,32.9,91.2,32.1,89.8,33.5,92.3,17.6,63.8,0,1,0,0,10,6,9.2,14.9,0.0,22.2,72.0,,,,,,,,,0.0,0.0,0.0,0.0
Noida,Uttar Pradesh,India,28.57,77.32,Asia/Kolkata,1791360015,2026-10-07 13:30:00,1791819000,2026-10-12 21:00:00.000000000,31.5,88.7,0,Clear,https://cdn.weatherapi.com/weather/64x64/night/113.png,1000,6.5,10.4,122,ESE,1014,29.93,0.0,0.0,0,44,0,32.3,90.1,31.5,88.7,32.8,91.0,17.8,64.0,0,1,0,0,10,6,8.9,14.4,0.0,22.2,71.9,,,,,,,,,0.0,0.0,0.0,0.0
Noida,Uttar Pradesh,India,28.57,77.32,Asia/Kolkata,1791360015,2026-10-07 13:30:00,1791822600,2026-10-12 21:59:59.999999786,30.8,87.4,0,Clear,https://cdn.weatherapi.com/weather/64x64/night/113.png,1000,5.8,9.4,135,SE,1014,29.93,0.0,0.0,0,47,0,31.7,89.1,30.8,87.4,32.2,90.0,18.0,64.4,0,1,0,0,10,6,8.5,13.7,0.0,22.1,71.7,,,,,,,,,0.0,0.0,0.0,0.0
Noida,Uttar Pradesh,India,28.57,77.32,Asia/Kolkata,1791360015,2026-10-07 13:30:00,1791826200,2026-10-12 23:00:00.000000213,30.2,86.3,0,Clear,https://cdn.weatherapi.com/weather/64x64/night/113.png,1000,5.1,8.3,147,SSE,1014,29.93,0.0,0.0,0,49,0,31.1,88.0,30.2,86.3,31.6,88.8,18.2,64.8,0,1,0,0,10,6,8.1,13.1,0.0,22.0,71.6,,,,,,,,,0.0,0.0,0.0,0.0
Noida,Uttar Pradesh,India,28.57,77.32,Asia/Kolkata,1791360015,2026-10-07 13:30:00,1791829800,2026-10-13 00:00:00.000000000,29.8,85.6,0,Clear,https://cdn.weatherapi.com/weather/64x64/night/113.png,1000,5.1,8.3,150,SSE,1013,29.92,0.0,0.0,0,50,0,30.7,87.3,29.8,85.6,31.2,88.2,18.2,64.8,0,2,0,0,10,6,7.8,12.6,0.0,21.8,71.3,,,,,,,,,0.0,0.0,0.0,0.0
Noida,Uttar Pradesh,India,28.57,77.32,Asia/Kolkata,1791360015,2026-10-07 13:30:00,1791833400,2026-10-13 00:59:59.999999786,29.4,84.9,0,Clear,https://cdn.weatherapi.com/weather/64x64/night/113.png,1000,5.1,8.3,152,SSE,1013,29.91,0.0,0.0,0,50,0,30.3,86.5,29.4,84.9,30.7,87.3,18.1,64.6,0,2,0,0,10,6,7.6,12.2,0.0,21.7,71.0,,,,,,,,,0.0,0.0,0.0,0.0
Noida,Uttar Pradesh,India,28.57,77.32,Asia/Kolkata,1791360015,2026-10-07 13:30:00,1791837000,2026-10-13 02:00:00.000000213,29.1,84.3,0,Clear,https://cdn.weatherapi.com/weather/64x64/night/113.png,1000,5.1,8.3,155,SSE,1012,29.89,0.0,0.0,0,51,0,29.9,85.8,29.1,84.3,30.3,86.6,18.1,64.5,0,2,0,0,10,6,7.2,11.6,0.0,21.6,70.8,,,,,,,,,0.0,0.0,0.0,0.0
Noida,Uttar Pradesh,India,28.57,77.32,Asia/Kolkata,1791360015,2026-10-07 13:30:00,1791840600,2026-10-13 03:00:00.000000000,28.8,83.8,0,Clear,https://cdn.weatherapi.com/weather/64x64/night/113.png,1000,4.7,7.6,162,SSE,1012,29.89,0.0,0.0,0,51,0,29.5,85.1,28.8,83.8,29.9,85.8,17.7,63.9,0,2,0,0,10,6,6.5,10.4,0.0,21.3,70.3,,,,,,,,,0.0,0.0,0.0,0.0
Noida,Uttar Pradesh,India,28.57,77.32,Asia/Kolkata,1791360015,2026-10-07 13:30:00,1791844200,2026-10-13 03:59:59.999999786,28.5,83.3,0,Clear,https://cdn.weatherapi.com/weather/64x64/night/113.png,1000,4.0,6.5,170,S,1012,29.9,0.0,0.0,0,51,0,29.1,84.4,28.5,83.3,29.5,85.1,17.3,63.1,0,2,0,0,10,6,5.6,9.0,0.0,21.0,69.7,,,,,,,,,0.0,0.0,0.0,0.0
Noida,Uttar Pradesh,India,28.57,77.32,Asia/Kolkata,1791360015,2026-10-07 13:30:00,1791847800,2026-10-13 05:00:00.000000213,28.3,82.9,0,Clear,https://cdn.weatherapi.com/weather/64x64/night/113.png,1000,3.6,5.8,177,S,1012,29.9,0.0,0.0,0,50,0,28.8,83.8,28.3,82.9,29.1,84.4,17.0,62.5,0,2,0,0,10,6,4.9,8.0,0.0,20.7,69.3,,,,,,,,,0.0,0.0,0.0,0.0
Noida,Uttar Pradesh,India,28.57,77.32,Asia/Kolkata,1791360015,2026-10-07 13:30:00,1791894600,2026-10-13 18:00:00.000000000,33.2,91.8,0,Clear,https://cdn.weatherapi.com/weather/64x64/night/113.png,1000,6.5,10.4,28,NNE,1012,29.88,0.0,0.0,0,28,64,32.0,89.6,33.2,91.8,32.4,90.3,11.7,53.1,0,5,0,0,10,6,9.4,15.1,0.0,20.0,67.9,,,,,,,,,0.0,0.0,0.0,0.0
Noida,Uttar Pradesh,India,28.57,77.32,Asia/Kolkata,1791360015,2026-10-07 13:30:00,1791898200,2026-10-13 18:59:59.999999786,30.4,86.7,0,Patchy rain nearby,https://cdn.weatherapi.com/weather/64x64/night/176.png,1063,6.9,11.2,50,NE,1013,29.91,0.0,0.0,0,35,32,29.3,84.7,30.4,86.7,30.0,86.0,12.6,54.7,0,2,0,0,10,6,11.4,18.4,0.0,19.5,67.0,,,,,,,,,0.0,0.0,0.0,0.0
Noida,Uttar Pradesh,India,28.57,77.32,Asia/Kolkata,1791360015,2026-10-07 13:30:00,1791901800,2026-10-13 20:00:00.000000213,27.6,81.7,0,Clear,https://cdn.weatherapi.com/weather/64x64/night/113.png,1000,7.2,11.5,72,ENE,1014,29.94,0.0,0.0,0,42,0,27.4,81.3,27.6,81.7,27.6,81.7,13.5,56.3,0,1,0,0,10,6,13.6,22.0,0.0,18.6,65.6,,,,,,,,,0.0,0.0,0.0,0.0
Noida,Uttar Pradesh,India,28.57,77.32,Asia/Kolkata,1791360015,2026-10-07 13:30:00,1791905400,2026-10-13 21:00:00.000000000,27.6,81.7,0,Clear,https://cdn.weatherapi.com/weather/64x64/night/113.png,1000,6.3,10.1,86,E,1014,29.94,0.0,0.0,0,41,0,27.4,81.3,27.6,81.7,27.5,81.5,13.1,55.6,0,1,0,0,10,6,11.4,18.4,0.0,18.4,65.2,,,,,,,,,0.0,0.0,0.0,0.0
Noida,Uttar Pradesh,India,28.57,77.32,Asia/Kolkata,1791360015,2026-10-07 13:30:00,1791909000,2026-10-13 21:59:59.999999786,27.6,81.7,0,Clear,https://cdn.weatherapi.com/weather/64x64/night/113.png,1000,5.1,8.3,99,E,1014,29.93,0.0,0.0,0,40,0,26.8,80.2,27.6,81.7,27.4,81.3,12.6,54.7,0,1,0,0,10,6,9.2,14.8,0.0,18.2,64.8,,,,,,,,,0.0,0.0,0.0,0.0
Noida,Uttar Pradesh,India,28.57,77.32,Asia/Kolkata,1791360015,2026-10-07 13:30:00,1791912600,2026-10-13 23:00:00.000000213,27.6,81.8,0,Clear,https://cdn.weatherapi.com/weather/64x64/night/113.png,1000,4.3,6.8,113,ESE,1014,29.93,0.0,0.0,0,38,0,27.0,80.6,27.7,81.8,27.4,81.2,12.2,53.9,0,1,0,0,10,6,6.9,11.2,0.0,18.0,64.4,,,,,,,,,0.0,0.0,0.0,0.0
Bangalore,Karnataka,India,12.9833,77.5833,Asia/Kolkata,1791360015,2026-10-07 13:30:00,1791311400,2026-10-07 00:00:00.000000000,22.6,72.6,0,Cloudy,https://cdn.weatherapi.com/weather/64x64/night/119.png,1006,8.1,13.0,136,SE,1014,29.95,0.0,0.0,0,82,87,23.4,74.1,22.6,72.6,24.8,76.6,19.3,66.7,0,22,0,0,10,6,16.1,25.9,0.0,20.3,68.6,712.0,24.0,63,9.3,30.7,33.4,2,3,0.0,0.0,0.0,0.0
Bangalore,Karnataka,India,12.9833,77.5833,Asia/Kolkata,1791360015,2026-10-07 13:30:00,1791315000,2026-10-07 00:59:59.999999786,22.5,72.6,0,Overcast,https://cdn.weatherapi.com/weather/64x64/night/122.png,1009,6.5,10.4,128,SE,1014,29.93,0.0,0.0,0,82,99,23.9,75.0,22.5,72.6,24.8,76.6,19.3,66.8,0,24,0,0,10,6,13.7,22.0,0.0,20.3,68.6,491.0,17.5,69,9.1,30.7,33.2,2,3,0.0,0.0,0.0,0.0
Bangalore,Karnataka,India,12.9833,77.5833,Asia/Kolkata,1791360015,2026-10-07 13:30:00,1791318600,2026-10-07 02:00:00.000000213,22.9,73.2,0,Overcast,https://cdn.weatherapi.com/weather/64x64/night/122.png,1009,5.6,9.0,115,ESE,1014,29.93,0.0,0.0,0,76,100,24.1,75.4,22.9,73.2,25.0,76.9,18.4,65.1,0,21,0,0,10,6,9.4,15.2,0.0,19.9,67.7,337.0,13.4,71,9.3,30.6,32.9,2,3,0.0,0.0,0.0,0.0
Bangalore,Karnataka,India,12.9833,77.5833,Asia/Kolkata,1791360015,2026-10-07 13:30:00,1791322200,2026-10-07 03:00:00.000000000,22.7,72.9,0,Overcast,https://cdn.weatherapi.com/weather/64x64/night/122.png,1009,5.4,8.6,117,ESE,1014,29.93,0.0,0.0,0,76,98,24.0,75.2,22.7,72.9,24.9,76.7,18.3,64.9,0,21,0,0,10,6,9.2,14.8,0.0,19.7,67.5,305.0,11.8,69,9.8,31.3,33.5,2,3,0.0,0.0,0.0,0.0
Bangalore,Karnataka,India,12.9833,77.5833,Asia/Kolkata,1791360015,2026-10-07 13:30:00,1791325800,2026-10-07 03:59:59.999999786,22.6,72.6,0,Cloudy,https://cdn.weatherapi.com/weather/64x64/night/119.png,1006,5.8,9.4,114,ESE,1014,29.94,0.0,0.0,0,77,66,23.7,74.7,22.6,72.6,24.8,76.6,18.2,64.8,0,15,0,0,10,6,9.8,15.8,0.0,19.7,67.4,340.0,12.5,64,10.6,33.4,35.5,2,3,0.0,0.0,0.0,0.0
Bangalore,Karnataka,India,12.9833,77.5833,Asia/Kolkata,1791360015,2026-10-07 13:30:00,1791329400,2026-10-07 05:00:00.000000213,22.1,71.8,0,Partly Cloudy,https://cdn.weatherapi.com/weather/64x64/night/116.png,1003,6.0,9.7,109,ESE,1015,29.96,0.0,0.0,0,78,53,23.1,73.6,22.1,71.8,24.6,76.2,18.2,64.7,0,14,0,0,10,6,9.6,15.5,0.0,19.5,67.1,406.0,13.6,63,11.9,36.3,38.3,2,4,0.0,0.0,0.0,0.0
Bangalore,Karnataka,India,12.9833,77.5833,Asia/Kolkata,1791360015,2026-10-07 13:30:00,1791376200,2026-10-07 18:00:00.000000000,26.1,79.0,0,Cloudy,https://cdn.weatherapi.com/weather/64x64/night/119.png,1006,6.9,11.2,116,ESE,1014,29.95,0.0,0.0,0,57,85,26.7,80.1,26.1,79.0,27.1,80.8,17.0,62.5,0,11,0,0,10,6,12.3,19.8,0.0,20.0,68.0,1758.0,35.3,82,8.9,29.8,33.1,2,3,0.0,0.0,0.0,0.0
Bangalore,Karnataka,India,12.9833,77.5833,Asia/Kolkata,1791360015,2026-10-07 13:30:00,1791379800,2026-10-07 18:59:59.999999786,25.3,77.5,0,Clear,https://cdn.weatherapi.com/weather/64x64/night/113.png,1000,7.4,11.9,117,ESE,1015,29.98,0.0,0.0,0,61,19,25.6,78.1,25.3,77.5,26.5,79.8,17.3,63.1,0,5,0,0,10,6,13.7,22.1,0.0,20.0,67.9,2093.0,48.1,57,11.2,33.6,36.7,2,3,0.0,0.0,0.0,0.0
Bangalore,Karnataka,India,12.9833,77.5833,Asia/Kolkata,1791360015,2026-10-07 13:30:00,1791383400,2026-10-07 20:00:00.000000213,24.6,76.2,0,Clear,https://cdn.weatherapi.com/weather/64x64/night/113.png,1000,5.4,8.6,112,ESE,1016,30.01,0.0,0.0,0,64,8,25.5,77.9,24.6,76.2,26.0,78.8,17.5,63.4,0,4,0,0,10,6,7.9,12.7,0.0,19.8,67.7,2162.0,54.8,40,12.5,34.1,37.0,2,3,0.0,0.0,0.0,0.0
Bangalore,Karnataka,India,12.9833,77.5833,Asia/Kolkata,1791360015,2026-10-07 13:30:00,1791387000,2026-10-07 21:00:00.000000000,24.1,75.4,0,Partly Cloudy,https://cdn.weatherapi.com/weather/64x64/night/116.png,1003,5.1,8.3,107,ESE,1017,30.03,0.0,0.0,0,66,47,25.0,77.0,24.1,75.4,25.7,78.2,17.3,63.2,0,8,0,0,10,6,8.1,13.0,0.0,19.6,67.3,1744.0,50.6,38,11.8,31.3,34.0,2,3,0.0,0.0,0.0,0.0
Bangalore,Karnataka,India,12.9833,77.5833,Asia/Kolkata,1791360015,2026-10-07 13:30:00,1791394200,2026-10-07 23:00:00.000000213,23.3,73.9,0,Partly Cloudy,https://cdn.weatherapi.com/weather/64x64/night/116.png,1003,5.4,8.6,105,ESE,1017,30.02,0.0,0.0,0,71,53,24.4,75.9,23.3,73.9,25.2,77.3,17.9,64.1,0,11,0,0,10,6,10.2,16.3,0.0,19.7,67.4,533.0,30.8,50,8.5,24.1,26.1,2,3,0.0,0.0,0.0,0.0
Bangalore,Karnataka,India,12.9833,77.5833,Asia/Kolkata,1791360015,2026-10-07 13:30:00,1791397800,2026-10-08 00:00:00.000000000,22.6,72.6,0,Partly Cloudy,https://cdn.weatherapi.com/weather/64x64/night/116.png,1003,6.5,10.4,91,E,1016,30.01,0.0,0.0,0,75,46,23.3,73.9,22.6,72.6,24.8,76.6,18.0,64.4,0,12,0,0,10,6,10.3,16.6,0.0,19.5,67.1,350.0,24.3,50,7.4,19.7,21.5,2,2,0.0,0.0,0.0,0.0
Bangalore,Karnataka,India,12.9833,77.5833,Asia/Kolkata,1791360015,2026-10-07 13:30:00,1791462600,2026-10-08 18:00:00.000000000,25.4,77.7,0,Overcast,https://cdn.weatherapi.com/weather/64x64/night/122.png,1009,6.7,10.8,39,NE,1014,29.95,0.0,0.0,0,59,100,25.8,78.4,25.4,77.7,26.6,79.8,16.9,62.4,0,14,0,0,10,6,11.2,18.0,0.0,19.8,67.6,1908.0,36.7,62,7.6,27.1,29.3,2,3,0.0,0.0,0.0,0.0
Bangalore,Karnataka,India,12.9833,77.5833,Asia/Kolkata,1791360015,2026-10-07 13:30:00,1791466200,2026-10-08 18:59:59.999999786,25.3,77.5,0,Overcast,https://cdn.weatherapi.com/weather/64x64/night/122.png,1009,6.3,10.1,34,NE,1015,29.96,0.0,0.0,0,60,100,25.8,78.4,25.3,77.5,26.5,79.7,17.0,62.6,0,14,0,0,10,6,10.3,16.6,0.0,19.8,67.6,3169.0,37.0,49,8.2,22.6,24.3,2,2,0.0,0.0,0.0,0.0
Bangalore,Karnataka,India,12.9833,77.5833,Asia/Kolkata,1791360015,2026-10-07 13:30:00,1791469800,2026-10-08 20:00:00.000000213,25.1,77.2,0,Overcast,https://cdn.weatherapi.com/weather/64x64/night/122.png,1009,5.6,9.0,41,NE,1015,29.98,0.0,0.0,0,61,100,25.8,78.4,25.1,77.2,26.3,79.4,17.1,62.7,0,15,0,0,10,6,9.2,14.8,0.0,19.8,67.6,3875.0,35.9,40,8.5,20.3,21.7,2,2,0.0,0.0,0.0,0.0
Bangalore,Karnataka,India,12.9833,77.5833,Asia/Kolkata,1791360015,2026-10-07 13:30:00,1791473400,2026-10-08 21:00:00.000000000,24.7,76.4,0,Overcast,https://cdn.weatherapi.com/weather/64x64/night/122.png,1009,4.0,6.5,62,ENE,1016,30.0,0.0,0.0,0,63,100,25.9,78.6,24.7,76.4,26.1,78.9,17.2,62.9,0,15,0,0,10,6,7.0,11.2,0.0,19.7,67.4,3551.0,33.2,37,8.2,17.3,18.2,2,2,0.0,0.0,0.0,0.0
Bangalore,Karnataka,India,12.9833,77.5833,Asia/Kolkata,1791360015,2026-10-07 13:30:00,1791480600,2026-10-08 23:00:00.000000213,24.2,75.6,0,Partly Cloudy,https://cdn.weatherapi.com/weather/64x64/night/116.png,1003,5.6,9.0,128,SE,1015,29.98,0.0,0.0,0,65,59,25.0,77.0,24.2,75.6,25.8,78.4,17.3,63.1,0,9,0,0,10,6,8.7,14.0,0.0,19.6,67.3,1846.0,26.1,39,7.2,15.1,16.3,1,2,0.0,0.0,0.0,0.0
Bangalore,Karnataka,India,12.9833,77.5833,Asia/Kolkata,1791360015,2026-10-07 13:30:00,1791484200,2026-10-09 00:00:00.000000000,23.7,74.6,0,Clear,https://cdn.weatherapi.com/weather/64x64/night/113.png,1000,5.8,9.4,121,ESE,1014,29.96,0.0,0.0,0,68,22,24.5,76.1,23.7,74.6,25.4,77.7,17.5,63.5,0,7,0,0,10,6,9.6,15.5,0.0,19.6,67.2,1225.0,25.2,37,7.6,16.1,17.7,2,2,0.0,0.0,0.0,0.0
Bangalore,Karnataka,India,12.9833,77.5833,Asia/Kolkata,1791360015,2026-10-07 13:30:00,1791487800,2026-10-09 00:59:59.999999786,23.0,73.4,0,Clear,https://cdn.weatherapi.com/weather/64x64/night/113.png,1000,6.0,9.7,114,ESE,1014,29.93,0.0,0.0,0,72,11,23.8,74.8,23.0,73.4,25.0,77.0,17.6,63.7,0,7,0,0,10,6,10.1,16.3,0.0,19.4,66.9,656.0,25.3,34,8.4,18.2,20.0,2,2,0.0,0.0,0.0,0.0
Bangalore,Karnataka,India,12.9833,77.5833,Asia/Kolkata,1791360015,2026-10-07 13:30:00,1791491400,2026-10-09 02:00:00.000000213,22.5,72.6,0,Partly Cloudy,https://cdn.weatherapi.com/weather/64x64/night/116.png,1003,5.6,9.0,105,ESE,1013,29.92,0.0,0.0,0,74,27,23.5,74.3,22.5,72.6,24.8,76.6,17.7,63.8,0,9,0,0,10,6,8.1,13.0,0.0,19.3,66.8,282.0,25.4,30,8.9,19.8,21.8,2,2,0.0,0.0,0.0,0.0
Bangalore,Karnataka,India,12.9833,77.5833,Asia/Kolkata,1791360015,2026-10-07 13:30:00,1791495000,2026-10-09 03:00:00.000000000,22.3,72.1,0,Clear,https://cdn.weatherapi.com/weather/64x64/night/113.png,1000,4.5,7.2,110,ESE,1013,29.92,0.0,0.0,0,75,13,23.6,74.5,22.3,72.1,24.7,76.4,17.7,63.9,0,8,0,0,10,6,5.8,9.4,0.0,19.3,66.7,197.0,25.3,24,8.9,22.2,24.0,2,2,0.0,0.0,0.0,0.0
Bangalore,Karnataka,India,12.9833,77.5833,Asia/Kolkata,1791360015,2026-10-07 13:30:00,1791498600,2026-10-09 03:59:59.999999786,22.0,71.6,0,Clear,https://cdn.weatherapi.com/weather/64x64/night/113.png,1000,3.6,5.8,131,SE,1014,29.94,0.0,0.0,0,76,21,23.6,74.5,22.0,71.6,24.5,76.2,17.7,63.9,0,9,0,0,10,6,5.0,8.0,0.0,19.1,66.5,307.0,25.1,18,8.6,22.7,23.5,2,2,0.0,0.0,0.0,0.0
Bangalore,Karnataka,India,12.9833,77.5833,Asia/Kolkata,1791360015,2026-10-07 13:30:00,1791502200,2026-10-09 05:00:00.000000213,21.7,71.1,0,Clear,https://cdn.weatherapi.com/weather/64x64/night/113.png,1000,2.0,3.2,145,SE,1014,29.96,0.0,0.0,0,78,21,23.8,74.8,21.7,71.1,24.4,76.0,17.7,63.8,0,10,0,0,10,6,2.7,4.3,0.0,19.0,66.3,472.0,25.0,17,8.8,23.7,24.1,2,2,0.0,0.0,0.0,0.0
Bangalore,Karnataka,India,12.9833,77.5833,Asia/Kolkata,1791360015,2026-10-07 13:30:00,1791549000,2026-10-09 18:00:00.000000000,25.3,77.5,0,Overcast,https://cdn.weatherapi.com/weather/64x64/night/122.png,1009,6.9,11.2,112,ESE,1012,29.9,0.0,0.0,0,60,98,25.6,78.1,25.3,77.5,26.5,79.6,17.0,62.5,0,14,0,0,10,6,11.7,18.8,0.0,19.7,67.5,1217.0,53.3,51,9.4,28.8,30.5,2,3,0.0,0.0,0.0,0.0
Bangalore,Karnataka,India,12.9833,77.5833,Asia/Kolkata,1791360015,2026-10-07 13:30:00,1791552600,2026-10-09 18:59:59.999999786,24.7,76.5,0,Overcast,https://cdn.weatherapi.com/weather/64x64/night/122.png,1009,5.1,8.3,89,E,1013,29.92,0.0,0.0,0,65,100,25.8,78.4,24.7,76.5,26.1,79.1,17.6,63.7,0,16,0,0,10,6,7.7,12.3,0.0,20.0,68.0,1332.0,59.7,36,10.8,31.3,33.1,2,3,0.0,0.0,0.0,0.0
Bangalore,Karnataka,India,12.9833,77.5833,Asia/Kolkata,1791360015,2026-10-07 13:30:00,1791556200,2026-10-09 20:00:00.000000213,24.9,76.8,0,Overcast,https://cdn.weatherapi.com/weather/64x64/night/122.png,1009,2.7,4.3,110,ESE,1014,29.94,0.0,0.0,0,64,99,26.7,80.1,24.9,76.8,26.3,79.3,17.6,63.7,0,15,0,0,10,6,4.3,6.9,0.0,20.0,68.0,1453.0,61.9,27,11.7,32.8,34.5,2,3,0.0,0.0,0.0,0.0
Bangalore,Karnataka,India,12.9833,77.5833,Asia/Kolkata,1791360015,2026-10-07 13:30:00,1791559800,2026-10-09 21:00:00.000000000,24.7,76.4,0,Cloudy,https://cdn.weatherapi.com/weather/64x64/night/119.png,1006,4.0,6.5,166,SSE,1014,29.95,0.0,0.0,0,64,79,26.0,78.8,24.7,76.4,26.1,78.9,17.5,63.4,0,12,0,0,10,6,4.5,7.3,0.0,19.9,67.7,1585.0,57.3,27,11.3,27.0,28.5,2,3,0.0,0.0,0.0,0.0
Bangalore,Karnataka,India,12.9833,77.5833,Asia/Kolkata,1791360015,2026-10-07 13:30:00,1791563400,2026-10-09 21:59:59.999999786,24.1,75.3,0,Partly Cloudy,https://cdn.weatherapi.com/weather/64x64/night/116.png,1003,5.1,8.3,144,SE,1014,29.95,0.0,0.0,0,66,46,25.0,77.0,24.1,75.3,25.6,78.2,17.4,63.4,0,8,0,0,10,6,7.0,11.2,0.0,19.6,67.4,1723.0,48.4,32,10.3,25.9,27.4,2,3,0.0,0.0,0.0,0.0
Bangalore,Karnataka,India,12.9833,77.5833,Asia/Kolkata,1791360015,2026-10-07 13:30:00,1791567000,2026-10-09 23:00:00.000000213,22.9,73.2,0,Clear,https://cdn.weatherapi.com/weather/64x64/night/113.png,1000,4.5,7.2,156,SSE,1014,29.94,0.0,0.0,0,71,6,24.0,75.2,22.9,73.2,24.9,76.9,17.3,63.2,0,6,0,0,10,6,5.8,9.4,0.0,19.2,66.6,1881.0,41.2,35,9.7,28.3,29.9,2,3,0.0,0.0,0.0,0.0
Bangalore,Karnataka,India,12.9833,77.5833,Asia/Kolkata,1791360015,2026-10-07 13:30:00,1791570600,2026-10-10 00:00:00.000000000,22.3,72.2,0,Clear,https://cdn.weatherapi.com/weather/64x64/night/113.png,1000,4.0,6.5,203,SSW,1013,29.92,0.0,0.0,0,73,23,23.6,74.5,22.3,72.2,24.7,76.4,17.2,63.0,0,8,0,0,10,6,4.7,7.6,0.0,19.0,66.1,2103.0,38.3,33,9.8,28.9,30.5,2,3,0.0,0.0,0.0,0.0
Bangalore,Karnataka,India,12.9833,77.5833,Asia/Kolkata,1791360015,2026-10-07 13:30:00,1791574200,2026-10-10 00:59:59.999999786,21.7,71.1,0,Cloudy,https://cdn.weatherapi.com/weather/64x64/night/119.png,1006,4.0,6.5,241,WSW,1013,29.91,0.0,0.0,0,76,67,22.9,73.2,21.7,71.1,24.5,76.0,17.2,62.9,0,15,0,0,10,6,4.5,7.3,0.0,18.7,65.7,2346.0,37.2,28,10.2,31.9,33.5,2,3,0.0,0.0,0.0,0.0
Bangalore,Karnataka,India,12.9833,77.5833,Asia/Kolkata,1791360015,2026-10-07 13:30:00,1791577800,2026-10-10 02:00:00.000000213,21.3,70.3,0,Clear,https://cdn.weatherapi.com/weather/64x64/night/113.png,1000,3.4,5.4,241,WSW,1012,29.89,0.0,0.0,0,79,6,22.8,73.0,21.3,70.3,24.3,75.8,17.4,63.4,0,9,0,0,10,6,4.0,6.5,0.0,18.7,65.7,2499.0,35.8,25,10.8,36.0,37.6,2,4,0.0,0.0,0.0,0.0
Bangalore,Karnataka,India,12.9833,77.5833,Asia/Kolkata,1791360015,2026-10-07 13:30:00,1791581400,2026-10-10 03:00:00.000000000,21.1,69.9,0,Clear,https://cdn.weatherapi.com/weather/64x64/night/113.png,1000,2.0,3.2,218,SW,1012,29.88,0.0,0.0,0,81,6,23.1,73.6,21.1,69.9,24.3,75.7,17.6,63.7,0,10,0,0,10,6,2.2,3.6,0.0,18.8,65.8,2504.0,33.1,23,11.6,39.5,41.1,2,4,0.0,0.0,0.0,0.0
Bangalore,Karnataka,India,12.9833,77.5833,Asia/Kolkata,1791360015,2026-10-07 13:30:00,1791585000,2026-10-10 03:59:59.999999786,21.0,69.8,0,Smoky haze,https://cdn.weatherapi.com/weather/64x64/night/149.png,1036,1.1,1.8,104,ESE,1012,29.9,0.0,0.0,0,81,22,23.3,73.9,21.0,69.8,24.3,75.7,17.6,63.7,0,11,0,0,8,4,1.2,1.9,0.0,18.8,65.8,2418.0,30.2,22,12.6,43.1,44.7,3,5,0.0,0.0,0.0,0.0
Bangalore,Karnataka,India,12.9833,77.5833,Asia/Kolkata,1791360015,2026-10-07 13:30:00,1791588600,2026-10-10 05:00:00.000000213,21.0,69.8,0,Smoky haze,https://cdn.weatherapi.com/weather/64x64/night/149.png,1036,1.6,2.5,114,ESE,1013,29.92,0.0,0.0,0,81,51,23.2,73.8,21.0,69.8,21.0,69.8,17.6,63.7,0,15,0,0,7,4,1.6,2.6,0.0,18.8,65.8,2301.0,28.2,25,13.7,46.1,47.8,3,5,0.0,0.0,0.0,0.0
Bangalore,Karnataka,India,12.9833,77.5833,Asia/Kolkata,1791360015,2026-10-07 13:30:00,1791635400,2026-10-10 18:00:00.000000000,26.5,79.7,0,Overcast,https://cdn.weatherapi.com/weather/64x64/night/122.png,1009,3.6,5.8,96,E,1011,29.85,0.0,0.0,0,47,94,26.8,80.2,26.5,79.7,26.9,80.5,14.4,58.0,0,10,0,0,10,6,6.1,9.8,0.0,18.7,65.7,1330.0,43.0,67,9.3,31.8,36.3,2,3,0.0,0.0,0.0,0.0
Bangalore,Karnataka,India,12.9833,77.5833,Asia/Kolkata,1791360015,2026-10-07 13:30:00,1791639000,2026-10-10 18:59:59.999999786,25.8,78.4,0,Cloudy,https://cdn.weatherapi.com/weather/64x64/night/119.png,1006,4.9,7.9,131,SE,1012,29.88,0.0,0.0,0,51,83,26.0,78.8,25.8,78.4,26.5,79.7,14.9,58.8,0,9,0,0,10,6,8.1,13.0,0.0,18.7,65.7,1228.0,55.7,45,11.3,36.6,41.1,2,4,0.0,0.0,0.0,0.0
Bangalore,Karnataka,India,12.9833,77.5833,Asia/Kolkata,1791360015,2026-10-07 13:30:00,1791642600,2026-10-10 20:00:00.000000213,25.2,77.4,0,Overcast,https://cdn.weatherapi.com/weather/64x64/night/122.png,1009,3.4,5.4,146,SSE,1013,29.91,0.0,0.0,0,54,99,25.9,78.6,25.2,77.4,26.2,79.1,15.3,59.5,0,12,0,0,10,6,4.9,7.9,0.0,18.8,65.8,1100.0,61.1,33,12.5,34.1,38.4,2,3,0.0,0.0,0.0,0.0
Bangalore,Karnataka,India,12.9833,77.5833,Asia/Kolkata,1791360015,2026-10-07 13:30:00,1791646200,2026-10-10 21:00:00.000000000,25.0,77.0,0,Partly Cloudy,https://cdn.weatherapi.com/weather/64x64/night/116.png,1003,2.7,4.3,103,ESE,1013,29.93,0.0,0.0,0,54,56,25.8,78.4,25.0,77.0,26.0,78.8,15.0,58.9,0,6,0,0,10,6,6.1,9.8,0.0,18.5,65.4,970.0,53.3,39,11.9,30.0,34.0,2,3,0.0,0.0,0.0,0.0
Bangalore,Karnataka,India,12.9833,77.5833,Asia/Kolkata,1791360015,2026-10-07 13:30:00,1791649800,2026-10-10 21:59:59.999999786,23.4,74.1,0,Partly Cloudy,https://cdn.weatherapi.com/weather/64x64/night/116.png,1003,7.6,12.2,90,E,1014,29.95,0.0,0.0,0,61,58,22.8,73.0,23.4,74.0,25.1,77.2,15.5,59.8,0,8,0,0,10,6,14.6,23.5,0.0,18.3,64.9,814.0,38.2,56,10.4,27.6,31.3,2,3,0.0,0.0,0.0,0.0
Bangalore,Karnataka,India,12.9833,77.5833,Asia/Kolkata,1791360015,2026-10-07 13:30:00,1791653400,2026-10-10 23:00:00.000000213,23.0,73.4,0,Overcast,https://cdn.weatherapi.com/weather/64x64/night/122.png,1009,7.2,11.5,106,ESE,1014,29.94,0.0,0.0,0,67,94,23.0,73.4,23.0,73.4,25.0,77.0,16.7,62.0,0,16,0,0,10,6,14.1,22.8,0.0,18.8,65.9,668.0,25.5,70,9.4,26.1,29.8,2,3,0.0,0.0,0.0,0.0
Bangalore,Karnataka,India,12.9833,77.5833,Asia/Kolkata,1791360015,2026-10-07 13:30:00,1791657000,2026-10-11 00:00:00.000000000,23.3,73.9,0,Clear,https://cdn.weatherapi.com/weather/64x64/night/113.png,1000,7.4,11.9,108,ESE,1013,29.91,0.0,0.0,0,68,7,23.3,73.9,23.3,73.9,25.1,77.2,16.9,62.5,0,5,0,0,10,6,15.0,24.2,0.0,19.1,66.3,532.0,18.8,78,9.5,25.5,29.1,2,3,0.0,0.0,0.0,0.0
Bangalore,Karnataka,India,12.9833,77.5833,Asia/Kolkata,1791360015,2026-10-07 13:30:00,1791675000,2026-10-11 05:00:00.000000213,20.7,69.3,0,Overcast,https://cdn.weatherapi.com/weather/64x64/night/122.png,1009,5.1,8.3,84,E,1014,29.94,0.0,0.0,0,81,100,21.6,70.9,20.7,69.3,20.7,69.3,17.3,63.2,0,24,0,0,10,6,7.2,11.5,0.0,18.5,65.2,411.0,16.0,75,14.5,36.2,40.4,2,4,0.0,0.0,0.0,0.0
Bangalore,Karnataka,India,12.9833,77.5833,Asia/Kolkata,1791360015,2026-10-07 13:30:00,1791721800,2026-10-11 18:00:00.000000000,26.8,80.2,0,Overcast,https://cdn.weatherapi.com/weather/64x64/night/122.png,1009,6.7,10.8,97,E,1011,29.87,0.0,0.0,0,44,100,26.8,80.2,26.8,80.2,27.0,80.6,13.6,56.5,0,10,0,0,10,6,10.8,17.4,0.0,18.4,65.1,,,,,,,,,0.0,0.0,0.0,0.0
Bangalore,Karnataka,India,12.9833,77.5833,Asia/Kolkata,1791360015,2026-10-07 13:30:00,1791725400,2026-10-11 18:59:59.999999786,26.1,78.9,0,Partly Cloudy,https://cdn.weatherapi.com/weather/64x64/night/116.png,1003,8.9,14.4,106,ESE,1013,29.9,0.0,0.0,0,48,35,25.6,78.1,26.1,78.9,26.6,79.8,14.1,57.4,0,3,0,0,10,6,16.8,27.0,0.0,18.4,65.2,,,,,,,,,0.0,0.0,0.0,0.0
Bangalore,Karnataka,India,12.9833,77.5833,Asia/Kolkata,1791360015,2026-10-07 13:30:00,1791729000,2026-10-11 20:00:00.000000213,24.5,76.0,0,Clear,https://cdn.weatherapi.com/weather/64x64/night/113.png,1000,9.4,15.1,99,E,1014,29.94,0.0,0.0,0,55,7,23.1,73.6,24.5,76.0,25.6,78.2,14.8,58.7,0,3,0,0,10,6,18.8,30.3,0.0,18.3,64.9,,,,,,,,,0.0,0.0,0.0,0.0
Bangalore,Karnataka,India,12.9833,77.5833,Asia/Kolkata,1791360015,2026-10-07 13:30:00,1791732600,2026-10-11 21:00:00.000000000,23.6,74.5,0,Clear,https://cdn.weatherapi.com/weather/64x64/night/113.png,1000,10.5,16.9,90,E,1015,29.97,0.0,0.0,0,59,9,22.0,71.6,23.6,74.5,25.2,77.4,15.2,59.3,0,4,0,0,10,6,21.3,34.2,0.0,18.2,64.7,,,,,,,,,0.0,0.0,0.0,0.0
Bangalore,Karnataka,India,12.9833,77.5833,Asia/Kolkata,1791360015,2026-10-07 13:30:00,1791736200,2026-10-11 21:59:59.999999786,23.3,74.0,0,Clear,https://cdn.weatherapi.com/weather/64x64/night/113.png,1000,12.8,20.5,105,ESE,1015,29.97,0.0,0.0,0,61,2,21.1,70.0,23.3,74.0,25.1,77.1,15.4,59.6,0,4,0,0,10,6,23.0,37.1,0.0,18.2,64.7,,,,,,,,,0.0,0.0,0.0,0.0
Bangalore,Karnataka,India,12.9833,77.5833,Asia/Kolkata,1791360015,2026-10-07 13:30:00,1791739800,2026-10-11 23:00:00.000000213,22.3,72.1,0,Clear,https://cdn.weatherapi.com/weather/64x64/night/113.png,1000,12.3,19.8,105,ESE,1015,29.98,0.0,0.0,0,68,5,20.4,68.7,22.3,72.1,24.7,76.4,16.0,60.8,0,5,0,0,10,6,23.1,37.2,0.0,18.2,64.7,,,,,,,,,0.0,0.0,0.0,0.0
Bangalore,Karnataka,India,12.9833,77.5833,Asia/Kolkata,1791360015,2026-10-07 13:30:00,1791743400,2026-10-12 00:00:00.000000000,21.6,70.8,0,Clear,https://cdn.weatherapi.com/weather/64x64/night/113.png,1000,12.1,19.4,95,E,1015,29.97,0.0,0.0,0,72,16,19.9,67.8,21.6,70.8,24.5,76.0,16.3,61.4,0,7,0,0,10,6,23.5,37.8,0.0,18.2,64.7,,,,,,,,,0.0,0.0,0.0,0.0
Bangalore,Karnataka,India,12.9833,77.5833,Asia/Kolkata,1791360015,2026-10-07 13:30:00,1791747000,2026-10-12 00:59:59.999999786,21.2,70.1,0,Clear,https://cdn.weatherapi.com/weather/64x64/night/113.png,1000,11.2,18.0,96,E,1014,29.95,0.0,0.0,0,74,24,19.8,67.6,21.2,70.1,24.4,75.8,16.5,61.6,0,9,0,0,10,6,22.4,36.0,0.0,18.1,64.6,,,,,,,,,0.0,0.0,0.0,0.0
Bangalore,Karnataka,India,12.9833,77.5833,Asia/Kolkata,1791360015,2026-10-07 13:30:00,1791750600,2026-10-12 02:00:00.000000213,20.7,69.3,0,Clear,https://cdn.weatherapi.com/weather/64x64/night/113.png,1000,9.8,15.8,97,E,1014,29.94,0.0,0.0,0,76,21,19.8,67.6,20.7,69.3,20.7,69.3,16.5,61.6,0,9,0,0,10,6,20.4,32.8,0.0,17.9,64.3,,,,,,,,,0.0,0.0,0.0,0.0
Bangalore,Karnataka,India,12.9833,77.5833,Asia/Kolkata,1791360015,2026-10-07 13:30:00,1791754200,2026-10-12 03:00:00.000000000,20.3,68.6,0,Clear,https://cdn.weatherapi.com/weather/64x64/night/113.png,1000,8.7,14.0,93,E,1014,29.94,0.0,0.0,0,79,10,19.8,67.6,20.4,68.6,20.4,68.6,16.6,61.8,0,9,0,0,10,6,18.3,29.5,0.0,17.9,64.2,,,,,,,,,0.0,0.0,0.0,0.0
Bangalore,Karnataka,India,12.9833,77.5833,Asia/Kolkata,1791360015,2026-10-07 13:30:00,1791757800,2026-10-12 03:59:59.999999786,20.0,68.0,0,Clear,https://cdn.weatherapi.com/weather/64x64/night/113.png,1000,7.6,12.2,89,E,1014,29.96,0.0,0.0,0,81,8,19.9,67.8,20.0,68.0,20.0,68.0,16.7,62.0,0,10,0,0,10,6,16.6,26.7,0.0,17.8,64.1,,,,,,,,,0.0,0.0,0.0,0.0
Bangalore,Karnataka,India,12.9833,77.5833,Asia/Kolkata,1791360015,2026-10-07 13:30:00,1791761400,2026-10-12 05:00:00.000000213,19.6,67.3,0,Clear,https://cdn.weatherapi.com/weather/64x64/night/113.png,1000,6.7,10.8,88,E,1015,29.98,0.0,0.0,0,84,9,19.9,67.8,19.6,67.3,19.6,67.3,16.8,62.3,0,11,0,0,10,6,14.1,22.8,0.0,17.8,64.1,,,,,,,,,0.0,0.0,0.0,0.0
Bangalore,Karnataka,India,12.9833,77.5833,Asia/Kolkata,1791360015,2026-10-07 13:30:00,1791808200,2026-10-12 18:00:00.000000000,26.8,80.2,0,Overcast,https://cdn.weatherapi.com/weather/64x64/night/122.png,1009,10.1,16.2,81,E,1013,29.92,0.0,0.0,0,46,100,26.8,80.2,26.8,80.2,27.1,80.8,14.3,57.7,0,11,0,0,10,6,15.4,24.8,0.0,18.8,65.8,,,,,,,,,0.0,0.0,0.0,0.0
Bangalore,Karnataka,India,12.9833,77.5833,Asia/Kolkata,1791360015,2026-10-07 13:30:00,1791811800,2026-10-12 18:59:59.999999786,26.5,79.7,0,Overcast,https://cdn.weatherapi.com/weather/64x64/night/122.png,1009,6.9,11.2,89,E,1014,29.93,0.0,0.0,0,47,100,26.5,79.7,26.5,79.7,26.9,80.4,14.1,57.4,0,11,0,0,10,6,11.6,18.7,0.0,18.6,65.5,,,,,,,,,0.0,0.0,0.0,0.0
Bangalore,Karnataka,India,12.9833,77.5833,Asia/Kolkata,1791360015,2026-10-07 13:30:00,1791815400,2026-10-12 20:00:00.000000213,26.2,79.2,0,Overcast,https://cdn.weatherapi.com/weather/64x64/night/122.png,1009,4.0,6.5,97,E,1014,29.96,0.0,0.0,0,47,100,26.5,79.7,26.2,79.2,26.7,80.0,14.0,57.2,0,11,0,0,10,6,7.7,12.3,0.0,18.4,65.2,,,,,,,,,0.0,0.0,0.0,0.0
Bangalore,Karnataka,India,12.9833,77.5833,Asia/Kolkata,1791360015,2026-10-07 13:30:00,1791819000,2026-10-12 21:00:00.000000000,25.0,77.0,0,Clear,https://cdn.weatherapi.com/weather/64x64/night/113.png,1000,6.5,10.4,98,E,1015,29.97,0.0,0.0,0,53,68,24.5,76.1,25.0,77.0,26.0,78.8,14.6,58.3,0,8,0,0,10,6,11.9,19.1,0.0,18.4,65.2,,,,,,,,,0.0,0.0,0.0,0.0
Bangalore,Karnataka,India,12.9833,77.5833,Asia/Kolkata,1791360015,2026-10-07 13:30:00,1791822600,2026-10-12 21:59:59.999999786,23.8,74.8,0,Overcast,https://cdn.weatherapi.com/weather/64x64/night/122.png,1009,8.9,14.4,99,E,1015,29.98,0.0,0.0,0,59,37,22.8,73.0,23.8,74.8,25.4,77.7,15.2,59.4,0,6,0,0,10,6,15.9,25.6,0.0,18.4,65.0,,,,,,,,,0.0,0.0,0.0,0.0
Bangalore,Karnataka,India,12.9833,77.5833,Asia/Kolkata,1791360015,2026-10-07 13:30:00,1791826200,2026-10-12 23:00:00.000000213,22.6,72.7,0,Clear,https://cdn.weatherapi.com/weather/64x64/night/113.png,1000,11.4,18.4,99,E,1016,29.99,0.0,0.0,0,65,5,21.0,69.8,22.6,72.7,24.8,76.6,15.8,60.4,0,5,0,0,10,6,20.0,32.2,0.0,18.2,64.7,,,,,,,,,0.0,0.0,0.0,0.0
Bangalore,Karnataka,India,12.9833,77.5833,Asia/Kolkata,1791360015,2026-10-07 13:30:00,1791829800,2026-10-13 00:00:00.000000000,22.0,71.6,0,Clear,https://cdn.weatherapi.com/weather/64x64/night/113.png,1000,10.1,16.2,95,E,1015,29.98,0.0,0.0,0,69,5,20.9,69.6,22.0,71.6,23.5,74.3,16.0,60.8,0,6,0,0,10,6,17.9,28.8,0.0,18.1,64.7,,,,,,,,,0.0,0.0,0.0,0.0
Bangalore,Karnataka,India,12.9833,77.5833,Asia/Kolkata,1791360015,2026-10-07 13:30:00,1791833400,2026-10-13 00:59:59.999999786,21.5,70.7,0,Clear,https://cdn.weatherapi.com/weather/64x64/night/113.png,1000,8.9,14.4,91,E,1015,29.96,0.0,0.0,0,73,5,20.9,69.6,21.5,70.7,22.2,72.0,16.3,61.3,0,7,0,0,10,6,15.9,25.6,0.0,18.2,64.7,,,,,,,,,0.0,0.0,0.0,0.0
Bangalore,Karnataka,India,12.9833,77.5833,Asia/Kolkata,1791360015,2026-10-07 13:30:00,1791837000,2026-10-13 02:00:00.000000213,20.9,69.6,0,Clear,https://cdn.weatherapi.com/weather/64x64/night/113.png,1000,7.6,12.2,88,E,1014,29.95,0.0,0.0,0,76,5,20.7,69.3,20.9,69.6,20.9,69.6,16.6,61.8,0,8,0,0,10,6,13.9,22.4,0.0,18.1,64.5,,,,,,,,,0.0,0.0,0.0,0.0
Bangalore,Karnataka,India,12.9833,77.5833,Asia/Kolkata,1791360015,2026-10-07 13:30:00,1791840600,2026-10-13 03:00:00.000000000,20.6,69.1,0,Clear,https://cdn.weatherapi.com/weather/64x64/night/113.png,1000,7.2,11.5,85,E,1014,29.96,0.0,0.0,0,77,3,20.5,68.9,20.6,69.1,20.6,69.1,16.4,61.5,0,8,0,0,10,6,12.8,20.5,0.0,17.9,64.2,,,,,,,,,0.0,0.0,0.0,0.0
Bangalore,Karnataka,India,12.9833,77.5833,Asia/Kolkata,1791360015,2026-10-07 13:30:00,1791844200,2026-10-13 03:59:59.999999786,20.3,68.5,0,Clear,https://cdn.weatherapi.com/weather/64x64/night/113.png,1000,6.5,10.4,81,E,1015,29.96,0.0,0.0,0,77,2,20.4,68.7,20.3,68.5,20.3,68.5,16.2,61.2,0,8,0,0,10,6,11.9,19.1,0.0,17.7,63.8,,,,,,,,,0.0,0.0,0.0,0.0
Bangalore,Karnataka,India,12.9833,77.5833,Asia/Kolkata,1791360015,2026-10-07 13:30:00,1791847800,2026-10-13 05:00:00.000000213,20.0,68.1,0,Clear,https://cdn.weatherapi.com/weather/64x64/night/113.png,1000,6.0,9.7,78,E,1015,29.97,0.0,0.0,0,78,0,20.2,68.4,20.0,68.1,20.0,68.1,16.1,61.0,0,8,0,0,10,6,10.8,17.3,0.0,17.5,63.5,,,,,,,,,0.0,0.0,0.0,0.0
Bangalore,Karnataka,India,12.9833,77.5833,Asia/Kolkata,1791360015,2026-10-07 13:30:00,1791894600,2026-10-13 18:00:00.000000000,27.5,81.5,0,Overcast,https://cdn.weatherapi.com/weather/64x64/night/122.png,1009,7.6,12.2,61,ENE,1012,29.9,0.0,0.0,0,43,94,27.4,81.3,27.5,81.5,27.7,81.9,13.9,57.0,0,9,0,0,10,6,11.6,18.7,0.0,18.8,65.8,,,,,,,,,0.0,0.0,0.0,0.0
Bangalore,Karnataka,India,12.9833,77.5833,Asia/Kolkata,1791360015,2026-10-07 13:30:00,1791898200,2026-10-13 18:59:59.999999786,27.0,80.6,0,Overcast,https://cdn.weatherapi.com/weather/64x64/night/122.png,1009,8.3,13.3,60,ENE,1013,29.93,0.0,0.0,0,44,97,27.1,80.8,27.0,80.6,27.2,81.0,13.8,56.8,0,10,0,0,10,6,13.6,22.0,0.0,18.6,65.5,,,,,,,,,0.0,0.0,0.0,0.0
Bangalore,Karnataka,India,12.9833,77.5833,Asia/Kolkata,1791360015,2026-10-07 13:30:00,1791901800,2026-10-13 20:00:00.000000213,26.4,79.6,0,Overcast,https://cdn.weatherapi.com/weather/64x64/night/122.png,1009,9.2,14.8,59,ENE,1014,29.95,0.0,0.0,0,45,100,26.1,79.0,26.4,79.6,26.7,80.1,13.6,56.5,0,11,0,0,10,6,15.9,25.6,0.0,18.3,65.0,,,,,,,,,0.0,0.0,0.0,0.0
Bangalore,Karnataka,India,12.9833,77.5833,Asia/Kolkata,1791360015,2026-10-07 13:30:00,1791905400,2026-10-13 21:00:00.000000000,25.4,77.7,0,Cloudy,https://cdn.weatherapi.com/weather/64x64/night/119.png,1006,9.6,15.5,75,ENE,1015,29.96,0.0,0.0,0,50,92,24.3,75.7,25.4,77.7,26.2,79.2,14.3,57.7,0,10,0,0,10,6,16.6,26.6,0.0,18.3,65.0,,,,,,,,,0.0,0.0,0.0,0.0
Bangalore,Karnataka,India,12.9833,77.5833,Asia/Kolkata,1791360015,2026-10-07 13:30:00,1791909000,2026-10-13 21:59:59.999999786,24.5,76.1,0,Overcast,https://cdn.weatherapi.com/weather/64x64/night/122.png,1009,9.8,15.8,90,E,1015,29.96,0.0,0.0,0,56,85,23.1,73.6,24.5,76.1,25.7,78.3,14.9,58.8,0,11,0,0,10,6,17.2,27.7,0.0,18.4,65.2,,,,,,,,,0.0,0.0,0.0,0.0
Bangalore,Karnataka,India,12.9833,77.5833,Asia/Kolkata,1791360015,2026-10-07 13:30:00,1791912600,2026-10-13 23:00:00.000000213,23.5,74.3,0,Cloudy,https://cdn.weatherapi.com/weather/64x64/night/119.png,1006,10.3,16.6,106,ESE,1015,29.97,0.0,0.0,0,61,77,22.1,71.8,23.5,74.3,25.2,77.3,15.5,59.9,0,11,0,0,10,6,17.9,28.8,0.0,18.3,65.0,,,,,,,,,0.0,0.0,0.0,0.0
Mumbai,Maharashtra,India,18.975,72.826,Asia/Kolkata,1791360015,2026-10-07 13:30:00,1791311400,2026-10-07 00:00:00.000000000,27.6,81.7,0,Clear,https://cdn.weatherapi.com/weather/64x64/night/113.png,1000,9.6,15.5,346,NNW,1013,29.92,0.0,0.0,0,77,0,30.8,87.4,27.6,81.7,31.1,88.0,23.2,73.8,0,8,0,0,10,6,11.9,19.1,0.0,24.4,76.0,279.0,22.7,79,20.5,54.8,69.8,3,7,0.0,0.0,0.0,0.0
Mumbai,Maharashtra,India,18.975,72.826,Asia/Kolkata,1791360015,2026-10-07 13:30:00,1791315000,2026-10-07 00:59:59.999999786,27.6,81.7,0,Smoky haze,https://cdn.weatherapi.com/weather/64x64/night/149.png,1036,9.8,15.8,356,N,1013,29.91,0.0,0.0,0,77,3,30.8,87.4,27.6,81.7,31.1,87.9,23.2,73.7,0,8,0,0,6,3,11.9,19.2,0.0,24.4,75.9,288.0,22.7,76,22.5,55.8,70.1,3,7,0.0,0.0,0.0,0.0
Mumbai,Maharashtra,India,18.975,72.826,Asia/Kolkata,1791360015,2026-10-07 13:30:00,1791318600,2026-10-07 02:00:00.000000213,27.6,81.6,0,Smoky haze,https://cdn.weatherapi.com/weather/64x64/night/149.png,1036,9.4,15.1,358,N,1013,29.9,0.0,0.0,0,76,40,30.5,86.9,27.6,81.6,30.9,87.5,23.0,73.4,0,11,0,0,6,4,11.4,18.4,0.0,24.2,75.6,289.0,22.8,73,24.4,56.3,69.4,3,7,0.0,0.0,0.0,0.0
Mumbai,Maharashtra,India,18.975,72.826,Asia/Kolkata,1791360015,2026-10-07 13:30:00,1791322200,2026-10-07 03:00:00.000000000,27.6,81.6,0,Smoky haze,https://cdn.weatherapi.com/weather/64x64/night/149.png,1036,8.7,14.0,357,N,1012,29.89,0.0,0.0,0,77,83,30.6,87.1,27.6,81.6,30.9,87.7,23.1,73.5,0,18,0,0,6,3,10.8,17.4,0.0,24.3,75.7,267.0,23.0,70,25.8,58.3,71.2,3,7,0.0,0.0,0.0,0.0
Mumbai,Maharashtra,India,18.975,72.826,Asia/Kolkata,1791360015,2026-10-07 13:30:00,1791325800,2026-10-07 03:59:59.999999786,27.5,81.6,0,Smoky haze,https://cdn.weatherapi.com/weather/64x64/night/149.png,1036,7.8,12.6,4,N,1012,29.9,0.0,0.0,0,76,87,30.5,86.9,27.6,81.6,30.9,87.5,23.0,73.4,0,19,0,0,6,3,9.4,15.1,0.0,24.2,75.6,237.0,23.2,66,27.1,59.5,72.4,3,8,0.0,0.0,0.0,0.0
Mumbai,Maharashtra,India,18.975,72.826,Asia/Kolkata,1791360015,2026-10-07 13:30:00,1791329400,2026-10-07 05:00:00.000000213,27.6,81.8,0,Thundery outbreaks in nearby,https://cdn.weatherapi.com/weather/64x64/night/200.png,1087,7.2,11.5,8,N,1013,29.91,0.0,0.0,0,76,96,30.7,87.3,27.6,81.8,31.0,87.8,23.0,73.4,0,20,0,0,9,5,8.5,13.7,0.0,24.3,75.7,240.0,23.6,67,28.6,60.1,73.1,3,8,0.0,0.0,0.0,0.0
Mumbai,Maharashtra,India,18.975,72.826,Asia/Kolkata,1791360015,2026-10-07 13:30:00,1791333000,2026-10-07 06:00:00.000000000,27.6,81.7,0,Thundery outbreaks in nearby,https://cdn.weatherapi.com/weather/64x64/night/200.png,1087,6.0,9.7,21,NNE,1014,29.94,0.0,0.0,0,76,81,30.7,87.3,27.6,81.7,31.0,87.7,23.0,73.4,0,17,0,0,9,5,6.9,11.2,0.0,24.3,75.7,308.0,24.9,69,30.7,60.1,72.9,3,8,0.0,0.0,0.0,0.0
Mumbai,Maharashtra,India,18.975,72.826,Asia/Kolkata,1791360015,2026-10-07 13:30:00,1791376200,2026-10-07 18:00:00.000000000,28.4,83.2,0,Smoky haze,https://cdn.weatherapi.com/weather/64x64/night/149.png,1036,14.8,23.8,331,NNW,1013,29.92,0.0,0.0,0,80,0,33.2,91.8,28.4,83.2,33.3,91.9,24.6,76.3,0,9,0,0,7,4,18.4,29.6,0.0,25.6,78.1,283.0,25.0,163,16.8,46.4,56.1,3,5,0.0,0.0,0.0,0.0
Mumbai,Maharashtra,India,18.975,72.826,Asia/Kolkata,1791360015,2026-10-07 13:30:00,1791379800,2026-10-07 18:59:59.999999786,28.4,83.1,0,Thundery outbreaks in nearby,https://cdn.weatherapi.com/weather/64x64/night/200.png,1087,13.2,21.2,329,NNW,1013,29.93,0.0,0.0,0,79,43,32.9,91.2,28.4,83.1,33.0,91.5,24.4,75.9,0,13,0,0,9,5,16.2,26.0,0.0,25.5,77.8,257.0,25.5,126,15.3,43.1,52.0,3,5,0.0,0.0,0.0,0.0
Mumbai,Maharashtra,India,18.975,72.826,Asia/Kolkata,1791360015,2026-10-07 13:30:00,1791383400,2026-10-07 20:00:00.000000213,28.4,83.2,0,Thundery outbreaks in nearby,https://cdn.weatherapi.com/weather/64x64/night/200.png,1087,14.1,22.7,332,NNW,1014,29.95,0.0,0.0,0,78,98,32.9,91.2,28.4,83.2,33.0,91.4,24.3,75.8,0,22,0,0,9,5,17.7,28.5,0.0,25.4,77.7,268.0,25.7,101,15.2,43.1,52.2,3,5,0.0,0.0,0.0,0.0
Mumbai,Maharashtra,India,18.975,72.826,Asia/Kolkata,1791360015,2026-10-07 13:30:00,1791387000,2026-10-07 21:00:00.000000000,28.6,83.5,0,Thundery outbreaks in nearby,https://cdn.weatherapi.com/weather/64x64/night/200.png,1087,14.3,23.0,347,NNW,1015,29.97,0.0,0.0,0,77,100,33.2,91.8,28.6,83.5,33.2,91.8,24.3,75.7,0,22,0,0,9,5,18.6,29.9,0.0,25.4,77.7,350.0,25.9,97,17.4,44.8,53.8,3,5,0.0,0.0,0.0,0.0
Mumbai,Maharashtra,India,18.975,72.826,Asia/Kolkata,1791360015,2026-10-07 13:30:00,1791390600,2026-10-07 21:59:59.999999786,29.0,84.2,0,Thundery outbreaks in nearby,https://cdn.weatherapi.com/weather/64x64/night/200.png,1087,11.9,19.1,352,N,1015,29.97,0.0,0.0,0,75,100,33.7,92.7,29.0,84.2,33.7,92.6,24.1,75.4,0,21,0,0,9,5,14.0,22.5,0.0,25.4,77.7,470.0,26.0,105,21.1,48.7,57.7,3,6,0.0,0.0,0.0,0.0
Mumbai,Maharashtra,India,18.975,72.826,Asia/Kolkata,1791360015,2026-10-07 13:30:00,1791394200,2026-10-07 23:00:00.000000213,29.1,84.3,0,Thundery outbreaks in nearby,https://cdn.weatherapi.com/weather/64x64/night/200.png,1087,10.1,16.2,348,NNW,1015,29.96,0.0,0.0,0,74,100,33.8,92.8,29.1,84.3,33.8,92.8,24.1,75.3,0,20,0,0,9,5,11.7,18.9,0.0,25.4,77.7,570.0,26.1,110,25.0,54.6,61.7,3,7,0.0,0.0,0.0,0.0
Mumbai,Maharashtra,India,18.975,72.826,Asia/Kolkata,1791360015,2026-10-07 13:30:00,1791397800,2026-10-08 00:00:00.000000000,29.1,84.3,0,Clear,https://cdn.weatherapi.com/weather/64x64/night/113.png,1000,9.4,15.1,351,N,1014,29.94,0.0,0.0,0,74,21,33.7,92.7,29.1,84.3,33.7,92.7,24.0,75.2,0,8,0,0,10,6,10.3,16.6,0.0,25.4,77.6,634.0,26.6,106,28.9,61.2,68.2,3,8,0.0,0.0,0.0,0.0
Mumbai,Maharashtra,India,18.975,72.826,Asia/Kolkata,1791360015,2026-10-07 13:30:00,1791401400,2026-10-08 00:59:59.999999786,29.0,84.1,0,Thundery outbreaks in nearby,https://cdn.weatherapi.com/weather/64x64/night/200.png,1087,6.0,9.7,4,N,1013,29.93,0.0,0.0,0,74,85,33.4,92.1,29.0,84.1,33.5,92.2,23.9,75.0,0,17,0,0,9,5,6.5,10.4,0.0,25.2,77.4,679.0,27.2,100,32.9,65.7,72.4,4,9,0.0,0.0,0.0,0.0
Mumbai,Maharashtra,India,18.975,72.826,Asia/Kolkata,1791360015,2026-10-07 13:30:00,1791405000,2026-10-08 02:00:00.000000213,29.2,84.5,0,Thundery outbreaks in nearby,https://cdn.weatherapi.com/weather/64x64/night/200.png,1087,7.4,11.9,0,N,1013,29.91,0.0,0.0,0,72,100,33.4,92.1,29.2,84.5,33.5,92.2,23.5,74.4,0,19,0,0,9,5,7.6,12.3,0.0,25.0,77.1,701.0,27.5,95,36.2,68.2,75.2,4,9,0.0,0.0,0.0,0.0
Mumbai,Maharashtra,India,18.975,72.826,Asia/Kolkata,1791360015,2026-10-07 13:30:00,1791408600,2026-10-08 03:00:00.000000000,29.1,84.3,0,Thundery outbreaks in nearby,https://cdn.weatherapi.com/weather/64x64/night/200.png,1087,8.9,14.4,2,N,1013,29.9,0.0,0.0,0,71,38,33.1,91.6,29.1,84.3,33.2,91.7,23.3,74.0,0,9,0,0,9,5,9.6,15.5,0.0,24.9,76.8,685.0,27.0,90,37.9,69.8,76.8,4,9,0.0,0.0,0.0,0.0
Mumbai,Maharashtra,India,18.975,72.826,Asia/Kolkata,1791360015,2026-10-07 13:30:00,1791412200,2026-10-08 03:59:59.999999786,28.7,83.7,0,Smoky haze,https://cdn.weatherapi.com/weather/64x64/night/149.png,1036,9.4,15.1,17,NNE,1013,29.91,0.0,0.0,0,73,17,32.7,90.9,28.7,83.7,32.7,90.9,23.4,74.1,0,7,0,0,6,3,10.8,17.3,0.0,24.8,76.7,646.0,26.2,87,38.9,71.0,78.0,4,10,0.0,0.0,0.0,0.0
Mumbai,Maharashtra,India,18.975,72.826,Asia/Kolkata,1791360015,2026-10-07 13:30:00,1791415800,2026-10-08 05:00:00.000000213,28.6,83.4,0,Clear,https://cdn.weatherapi.com/weather/64x64/night/113.png,1000,9.4,15.1,24,NNE,1014,29.93,0.0,0.0,0,73,8,32.4,90.3,28.6,83.4,32.5,90.5,23.4,74.0,0,7,0,0,6,3,11.0,17.6,0.0,24.8,76.6,623.0,25.9,88,40.8,71.7,78.7,4,10,0.0,0.0,0.0,0.0
Mumbai,Maharashtra,India,18.975,72.826,Asia/Kolkata,1791360015,2026-10-07 13:30:00,1791419400,2026-10-08 06:00:00.000000000,28.3,83.0,0,Clear,https://cdn.weatherapi.com/weather/64x64/night/113.png,1000,9.6,15.5,18,NNE,1014,29.95,0.0,0.0,0,74,0,31.9,89.4,28.4,83.0,32.1,89.7,23.2,73.7,0,7,0,0,6,3,11.2,18.0,0.0,24.6,76.2,636.0,27.0,91,44.7,72.6,79.4,4,10,0.0,0.0,0.0,0.0
Mumbai,Maharashtra,India,18.975,72.826,Asia/Kolkata,1791360015,2026-10-07 13:30:00,1791462600,2026-10-08 18:00:00.000000000,29.2,84.6,0,Smoky haze,https://cdn.weatherapi.com/weather/64x64/night/149.png,1036,13.6,22.0,318,NW,1012,29.88,0.0,0.0,0,73,0,33.8,92.8,29.2,84.6,33.8,92.8,23.8,74.9,0,6,0,0,4,2,16.1,26.0,0.0,25.3,77.5,294.0,31.5,383,33.9,95.5,100.6,4,10,0.0,0.0,0.0,0.0
Mumbai,Maharashtra,India,18.975,72.826,Asia/Kolkata,1791360015,2026-10-07 13:30:00,1791466200,2026-10-08 18:59:59.999999786,29.1,84.4,0,Smoky haze,https://cdn.weatherapi.com/weather/64x64/night/149.png,1036,12.1,19.4,317,NW,1012,29.9,0.0,0.0,0,74,59,33.9,93.0,29.1,84.4,33.9,93.0,24.1,75.4,0,13,0,0,4,2,15.2,24.5,0.0,25.4,77.8,305.0,28.4,308,32.4,89.2,94.5,4,10,0.0,0.0,0.0,0.0
Mumbai,Maharashtra,India,18.975,72.826,Asia/Kolkata,1791360015,2026-10-07 13:30:00,1791469800,2026-10-08 20:00:00.000000213,29.0,84.3,0,Mist,https://cdn.weatherapi.com/weather/64x64/night/143.png,1030,11.9,19.1,333,NNW,1013,29.91,0.0,0.0,0,75,94,33.9,93.0,29.1,84.3,33.9,93.0,24.3,75.7,0,19,0,0,5,3,15.2,24.5,0.0,25.5,77.9,330.0,25.9,247,31.2,80.6,86.8,4,10,0.0,0.0,0.0,0.0
Mumbai,Maharashtra,India,18.975,72.826,Asia/Kolkata,1791360015,2026-10-07 13:30:00,1791473400,2026-10-08 21:00:00.000000000,29.1,84.4,0,Smoky haze,https://cdn.weatherapi.com/weather/64x64/night/149.png,1036,11.6,18.7,352,N,1013,29.92,0.0,0.0,0,74,14,33.9,93.0,29.1,84.4,33.8,92.9,24.1,75.3,0,8,0,0,5,3,15.0,24.2,0.0,25.4,77.7,381.0,25.6,211,30.1,73.3,80.1,4,10,0.0,0.0,0.0,0.0
Mumbai,Maharashtra,India,18.975,72.826,Asia/Kolkata,1791360015,2026-10-07 13:30:00,1791477000,2026-10-08 21:59:59.999999786,29.3,84.8,0,Smoky haze,https://cdn.weatherapi.com/weather/64x64/night/149.png,1036,10.1,16.2,350,N,1013,29.91,0.0,0.0,0,72,47,33.9,93.0,29.3,84.8,33.9,93.0,23.8,74.8,0,10,0,0,6,3,11.4,18.4,0.0,25.3,77.5,446.0,26.0,188,29.2,69.2,76.4,4,9,0.0,0.0,0.0,0.0
Mumbai,Maharashtra,India,18.975,72.826,Asia/Kolkata,1791360015,2026-10-07 13:30:00,1791480600,2026-10-08 23:00:00.000000213,29.3,84.8,0,Smoky haze,https://cdn.weatherapi.com/weather/64x64/night/149.png,1036,8.9,14.4,353,N,1013,29.9,0.0,0.0,0,71,92,33.8,92.8,29.3,84.8,33.8,92.8,23.6,74.5,0,17,0,0,6,3,9.4,15.1,0.0,25.2,77.3,497.0,26.2,169,29.7,68.5,75.0,4,9,0.0,0.0,0.0,0.0
Mumbai,Maharashtra,India,18.975,72.826,Asia/Kolkata,1791360015,2026-10-07 13:30:00,1791484200,2026-10-09 00:00:00.000000000,29.2,84.6,0,Overcast,https://cdn.weatherapi.com/weather/64x64/night/122.png,1009,8.5,13.7,358,N,1012,29.89,0.0,0.0,0,71,100,33.5,92.3,29.2,84.6,33.5,92.3,23.5,74.2,0,18,0,0,10,6,9.2,14.8,0.0,25.0,77.0,519.0,25.6,151,32.9,68.5,74.3,4,9,0.0,0.0,0.0,0.0
Mumbai,Maharashtra,India,18.975,72.826,Asia/Kolkata,1791360015,2026-10-07 13:30:00,1791487800,2026-10-09 00:59:59.999999786,29.2,84.5,0,Smoky haze,https://cdn.weatherapi.com/weather/64x64/night/149.png,1036,6.9,11.2,356,N,1011,29.87,0.0,0.0,0,72,100,33.4,92.1,29.2,84.5,33.4,92.1,23.5,74.2,0,18,0,0,6,3,7.4,12.0,0.0,25.0,77.0,527.0,24.8,138,37.5,67.1,72.9,4,9,0.0,0.0,0.0,0.0
Mumbai,Maharashtra,India,18.975,72.826,Asia/Kolkata,1791360015,2026-10-07 13:30:00,1791491400,2026-10-09 02:00:00.000000213,28.9,84.0,0,Overcast,https://cdn.weatherapi.com/weather/64x64/night/122.png,1009,4.9,7.9,1,N,1011,29.86,0.0,0.0,0,73,100,33.1,91.6,28.9,84.0,33.2,91.7,23.6,74.5,0,19,0,0,6,3,5.4,8.7,0.0,25.0,77.1,533.0,24.1,126,40.8,64.7,70.1,3,8,0.0,0.0,0.0,0.0
Mumbai,Maharashtra,India,18.975,72.826,Asia/Kolkata,1791360015,2026-10-07 13:30:00,1791495000,2026-10-09 03:00:00.000000000,28.9,84.1,0,Cloudy,https://cdn.weatherapi.com/weather/64x64/night/119.png,1006,6.7,10.8,359,N,1011,29.86,0.0,0.0,0,71,81,32.8,91.0,28.9,84.1,32.9,91.2,23.2,73.7,0,15,0,0,7,4,7.2,11.6,0.0,24.7,76.5,537.0,23.5,114,41.5,61.2,66.6,3,8,0.0,0.0,0.0,0.0
Mumbai,Maharashtra,India,18.975,72.826,Asia/Kolkata,1791360015,2026-10-07 13:30:00,1791498600,2026-10-09 03:59:59.999999786,28.8,83.9,0,Partly Cloudy,https://cdn.weatherapi.com/weather/64x64/night/116.png,1003,8.5,13.7,0,N,1011,29.86,0.0,0.0,0,70,61,32.4,90.3,28.8,83.9,32.5,90.4,22.8,73.1,0,11,0,0,10,6,9.0,14.5,0.0,24.5,76.0,540.0,23.1,105,40.9,58.0,63.1,3,7,0.0,0.0,0.0,0.0
Mumbai,Maharashtra,India,18.975,72.826,Asia/Kolkata,1791360015,2026-10-07 13:30:00,1791502200,2026-10-09 05:00:00.000000213,28.5,83.3,0,Thundery outbreaks in nearby,https://cdn.weatherapi.com/weather/64x64/night/200.png,1087,8.3,13.3,15,NNE,1012,29.88,0.0,0.0,0,72,70,32.0,89.6,28.5,83.3,32.1,89.9,22.9,73.3,0,13,0,0,9,5,9.8,15.8,0.0,24.5,76.0,552.0,23.3,102,40.8,55.5,60.8,3,7,0.0,0.0,0.0,0.0
Mumbai,Maharashtra,India,18.975,72.826,Asia/Kolkata,1791360015,2026-10-07 13:30:00,1791505800,2026-10-09 06:00:00.000000000,28.4,83.0,0,Partly Cloudy,https://cdn.weatherapi.com/weather/64x64/night/116.png,1003,7.6,12.2,26,NNE,1012,29.9,0.0,0.0,0,71,45,31.6,88.9,28.4,83.0,31.7,89.1,22.7,72.8,0,10,0,0,8,4,8.3,13.4,0.0,24.2,75.6,590.0,25.0,103,41.8,54.0,59.1,3,7,0.0,0.0,0.0,0.0
Mumbai,Maharashtra,India,18.975,72.826,Asia/Kolkata,1791360015,2026-10-07 13:30:00,1791549000,2026-10-09 18:00:00.000000000,29.0,84.3,0,Smoky haze,https://cdn.weatherapi.com/weather/64x64/night/149.png,1036,9.2,14.8,307,NW,1011,29.85,0.0,0.0,0,71,0,33.1,91.6,29.0,84.3,33.1,91.7,23.3,74.0,0,6,0,0,6,3,9.4,15.2,0.0,24.9,76.8,347.0,22.1,357,33.4,75.0,80.3,4,10,0.0,0.0,0.0,0.0
Mumbai,Maharashtra,India,18.975,72.826,Asia/Kolkata,1791360015,2026-10-07 13:30:00,1791552600,2026-10-09 18:59:59.999999786,28.9,84.0,0,Smoky haze,https://cdn.weatherapi.com/weather/64x64/night/149.png,1036,6.7,10.8,318,NW,1012,29.87,0.0,0.0,0,73,0,33.0,91.4,28.9,84.0,33.0,91.4,23.5,74.2,0,6,0,0,6,3,6.8,10.9,0.0,24.9,76.9,318.0,22.7,295,30.8,72.2,78.0,4,10,0.0,0.0,0.0,0.0
Mumbai,Maharashtra,India,18.975,72.826,Asia/Kolkata,1791360015,2026-10-07 13:30:00,1791556200,2026-10-09 20:00:00.000000213,28.8,83.9,0,Smoky haze,https://cdn.weatherapi.com/weather/64x64/night/149.png,1036,6.0,9.7,332,NNW,1012,29.9,0.0,0.0,0,73,0,32.8,91.0,28.8,83.9,32.9,91.2,23.4,74.2,0,6,0,0,6,3,6.3,10.1,0.0,24.9,76.8,322.0,22.9,244,29.0,73.1,79.4,4,10,0.0,0.0,0.0,0.0
Mumbai,Maharashtra,India,18.975,72.826,Asia/Kolkata,1791360015,2026-10-07 13:30:00,1791559800,2026-10-09 21:00:00.000000000,28.7,83.7,0,Smoky haze,https://cdn.weatherapi.com/weather/64x64/night/149.png,1036,5.4,8.6,336,NNW,1013,29.9,0.0,0.0,0,73,0,32.6,90.7,28.7,83.7,32.7,90.9,23.4,74.1,0,6,0,0,6,3,5.6,9.1,0.0,24.8,76.7,389.0,23.0,212,28.2,73.8,80.6,4,10,0.0,0.0,0.0,0.0
Mumbai,Maharashtra,India,18.975,72.826,Asia/Kolkata,1791360015,2026-10-07 13:30:00,1791563400,2026-10-09 21:59:59.999999786,28.7,83.7,0,Smoky haze,https://cdn.weatherapi.com/weather/64x64/night/149.png,1036,6.0,9.7,335,NNW,1012,29.89,0.0,0.0,0,72,0,32.5,90.5,28.7,83.7,32.6,90.6,23.2,73.8,0,6,0,0,6,3,6.3,10.1,0.0,24.7,76.5,488.0,22.7,190,28.2,75.2,82.2,4,10,0.0,0.0,0.0,0.0
Mumbai,Maharashtra,India,18.975,72.826,Asia/Kolkata,1791360015,2026-10-07 13:30:00,1791567000,2026-10-09 23:00:00.000000213,28.5,83.4,0,Smoky haze,https://cdn.weatherapi.com/weather/64x64/night/149.png,1036,6.7,10.8,334,NNW,1012,29.88,0.0,0.0,0,73,0,32.2,90.0,28.5,83.4,32.4,90.2,23.2,73.8,0,6,0,0,5,3,7.0,11.2,0.0,24.7,76.4,563.0,22.0,175,29.7,75.7,82.4,4,10,0.0,0.0,0.0,0.0
Mumbai,Maharashtra,India,18.975,72.826,Asia/Kolkata,1791360015,2026-10-07 13:30:00,1791570600,2026-10-10 00:00:00.000000000,28.5,83.3,0,Thundery outbreaks in nearby,https://cdn.weatherapi.com/weather/64x64/night/200.png,1087,6.7,10.8,333,NNW,1012,29.87,0.0,0.0,0,74,31,32.3,90.1,28.5,83.3,32.4,90.3,23.4,74.1,0,9,0,0,9,5,7.0,11.2,0.0,24.8,76.6,594.0,20.6,166,33.8,76.6,83.1,4,10,0.0,0.0,0.0,0.0
Mumbai,Maharashtra,India,18.975,72.826,Asia/Kolkata,1791360015,2026-10-07 13:30:00,1791574200,2026-10-10 00:59:59.999999786,28.3,82.9,0,Thundery outbreaks in nearby,https://cdn.weatherapi.com/weather/64x64/night/200.png,1087,8.3,13.3,331,NNW,1011,29.85,0.0,0.0,0,75,99,32.0,89.6,28.3,82.9,32.1,89.8,23.4,74.1,0,20,0,0,9,5,8.3,13.4,0.0,24.7,76.5,601.0,18.7,163,39.3,76.4,82.2,4,10,0.0,0.0,0.0,0.0
Mumbai,Maharashtra,India,18.975,72.826,Asia/Kolkata,1791360015,2026-10-07 13:30:00,1791577800,2026-10-10 02:00:00.000000213,28.3,82.9,0,Thundery outbreaks in nearby,https://cdn.weatherapi.com/weather/64x64/night/200.png,1087,9.8,15.8,345,NNW,1010,29.84,0.0,0.0,0,75,100,32.1,89.8,28.3,82.9,32.2,90.0,23.5,74.3,0,21,0,0,9,5,11.2,18.0,0.0,24.8,76.7,584.0,17.0,161,43.7,75.4,81.0,4,10,0.0,0.0,0.0,0.0
Mumbai,Maharashtra,India,18.975,72.826,Asia/Kolkata,1791360015,2026-10-07 13:30:00,1791581400,2026-10-10 03:00:00.000000000,28.2,82.8,0,Thundery outbreaks in nearby,https://cdn.weatherapi.com/weather/64x64/night/200.png,1087,10.5,16.9,351,N,1010,29.83,0.0,0.0,0,75,100,31.9,89.4,28.2,82.8,32.0,89.7,23.4,74.2,0,21,0,0,9,5,12.1,19.4,0.0,24.7,76.5,521.0,15.3,158,45.3,75.2,80.3,4,10,0.0,0.0,0.0,0.0
Mumbai,Maharashtra,India,18.975,72.826,Asia/Kolkata,1791360015,2026-10-07 13:30:00,1791585000,2026-10-10 03:59:59.999999786,28.2,82.8,0,Thundery outbreaks in nearby,https://cdn.weatherapi.com/weather/64x64/night/200.png,1087,9.6,15.5,351,N,1010,29.84,0.0,0.0,0,76,100,31.9,89.4,28.2,82.8,32.1,89.8,23.5,74.3,0,21,0,0,9,5,11.2,18.1,0.0,24.8,76.6,433.0,13.8,157,45.7,74.7,79.9,4,10,0.0,0.0,0.0,0.0
Mumbai,Maharashtra,India,18.975,72.826,Asia/Kolkata,1791360015,2026-10-07 13:30:00,1791588600,2026-10-10 05:00:00.000000213,28.2,82.7,0,Cloudy,https://cdn.weatherapi.com/weather/64x64/night/119.png,1006,9.2,14.8,356,N,1011,29.86,0.0,0.0,0,76,80,31.8,89.2,28.2,82.7,32.0,89.6,23.5,74.3,0,17,0,0,5,3,10.5,17.0,0.0,24.8,76.6,390.0,13.7,158,47.1,75.0,80.1,4,10,0.0,0.0,0.0,0.0
Mumbai,Maharashtra,India,18.975,72.826,Asia/Kolkata,1791360015,2026-10-07 13:30:00,1791592200,2026-10-10 06:00:00.000000000,28.1,82.5,0,Overcast,https://cdn.weatherapi.com/weather/64x64/night/122.png,1009,8.1,13.0,8,N,1012,29.88,0.0,0.0,0,75,96,31.5,88.7,28.1,82.5,31.7,89.0,23.2,73.7,0,19,0,0,5,3,9.2,14.8,0.0,24.5,76.1,443.0,16.4,157,50.3,75.0,80.3,4,10,0.0,0.0,0.0,0.0
Mumbai,Maharashtra,India,18.975,72.826,Asia/Kolkata,1791360015,2026-10-07 13:30:00,1791635400,2026-10-10 18:00:00.000000000,28.1,82.5,0,Smoky haze,https://cdn.weatherapi.com/weather/64x64/night/149.png,1036,17.2,27.7,320,NW,1010,29.83,0.0,0.0,0,79,0,32.1,89.8,28.1,82.5,32.3,90.1,24.1,75.3,0,8,0,0,5,3,22.2,35.7,0.0,25.1,77.2,370.0,18.8,251,25.4,63.3,70.5,3,8,0.0,0.0,0.0,0.0
Mumbai,Maharashtra,India,18.975,72.826,Asia/Kolkata,1791360015,2026-10-07 13:30:00,1791639000,2026-10-10 18:59:59.999999786,28.2,82.7,0,Smoky haze,https://cdn.weatherapi.com/weather/64x64/night/149.png,1036,16.6,26.6,324,NW,1011,29.85,0.0,0.0,0,77,0,32.2,90.0,28.2,82.7,32.3,90.2,23.9,74.9,0,8,0,0,6,3,21.3,34.2,0.0,25.0,77.0,354.0,19.6,223,24.4,62.9,70.5,3,8,0.0,0.0,0.0,0.0
Mumbai,Maharashtra,India,18.975,72.826,Asia/Kolkata,1791360015,2026-10-07 13:30:00,1791642600,2026-10-10 20:00:00.000000213,28.2,82.8,0,Smoky haze,https://cdn.weatherapi.com/weather/64x64/night/149.png,1036,15.4,24.8,335,NNW,1012,29.88,0.0,0.0,0,76,0,32.0,89.6,28.2,82.8,32.2,89.9,23.6,74.5,0,7,0,0,6,3,20.4,32.8,0.0,24.8,76.7,352.0,20.2,200,24.4,61.7,69.6,3,8,0.0,0.0,0.0,0.0
Mumbai,Maharashtra,India,18.975,72.826,Asia/Kolkata,1791360015,2026-10-07 13:30:00,1791646200,2026-10-10 21:00:00.000000000,28.2,82.8,0,Smoky haze,https://cdn.weatherapi.com/weather/64x64/night/149.png,1036,15.2,24.5,341,NNW,1012,29.89,0.0,0.0,0,76,0,31.9,89.4,28.2,82.7,32.0,89.7,23.5,74.2,0,7,0,0,6,3,20.0,32.1,0.0,24.7,76.5,382.0,20.8,181,25.4,58.9,66.6,3,7,0.0,0.0,0.0,0.0
Mumbai,Maharashtra,India,18.975,72.826,Asia/Kolkata,1791360015,2026-10-07 13:30:00,1791649800,2026-10-10 21:59:59.999999786,28.3,82.9,0,Smoky haze,https://cdn.weatherapi.com/weather/64x64/night/149.png,1036,13.4,21.6,345,NNW,1012,29.89,0.0,0.0,0,75,13,32.0,89.6,28.3,82.9,32.2,90.0,23.5,74.3,0,8,0,0,7,4,17.7,28.5,0.0,24.8,76.6,427.0,21.1,166,27.2,55.8,62.9,3,7,0.0,0.0,0.0,0.0
Mumbai,Maharashtra,India,18.975,72.826,Asia/Kolkata,1791360015,2026-10-07 13:30:00,1791653400,2026-10-10 23:00:00.000000213,28.2,82.8,0,Smoky haze,https://cdn.weatherapi.com/weather/64x64/night/149.png,1036,13.0,20.9,346,NNW,1012,29.88,0.0,0.0,0,75,79,31.8,89.2,28.2,82.8,32.0,89.6,23.4,74.1,0,16,0,0,7,4,17.0,27.4,0.0,24.7,76.4,452.0,21.0,154,28.9,55.3,61.2,3,7,0.0,0.0,0.0,0.0
Mumbai,Maharashtra,India,18.975,72.826,Asia/Kolkata,1791360015,2026-10-07 13:30:00,1791657000,2026-10-11 00:00:00.000000000,28.2,82.8,0,Cloudy,https://cdn.weatherapi.com/weather/64x64/night/119.png,1006,11.9,19.1,346,NNW,1012,29.88,0.0,0.0,0,75,84,31.9,89.4,28.2,82.8,32.1,89.7,23.4,74.2,0,17,0,0,10,6,14.8,23.8,0.0,24.7,76.5,440.0,20.1,144,30.0,53.1,58.1,3,6,0.0,0.0,0.0,0.0
Mumbai,Maharashtra,India,18.975,72.826,Asia/Kolkata,1791360015,2026-10-07 13:30:00,1791660600,2026-10-11 00:59:59.999999786,28.1,82.6,0,Smoky haze,https://cdn.weatherapi.com/weather/64x64/night/149.png,1036,11.6,18.7,340,NNW,1011,29.86,0.0,0.0,0,76,6,31.8,89.2,28.1,82.6,31.9,89.5,23.5,74.2,0,8,0,0,8,4,14.1,22.7,0.0,24.7,76.5,409.0,18.8,136,30.8,50.6,55.5,3,6,0.0,0.0,0.0,0.0
Mumbai,Maharashtra,India,18.975,72.826,Asia/Kolkata,1791360015,2026-10-07 13:30:00,1791664200,2026-10-11 02:00:00.000000213,28.0,82.5,0,Smoky haze,https://cdn.weatherapi.com/weather/64x64/night/149.png,1036,12.1,19.4,345,NNW,1011,29.85,0.0,0.0,0,76,4,31.6,88.9,28.0,82.5,31.8,89.3,23.5,74.2,0,8,0,0,8,4,15.3,24.6,0.0,24.7,76.5,378.0,17.7,128,31.4,48.7,53.6,3,6,0.0,0.0,0.0,0.0
Mumbai,Maharashtra,India,18.975,72.826,Asia/Kolkata,1791360015,2026-10-07 13:30:00,1791667800,2026-10-11 03:00:00.000000000,28.0,82.4,0,Smoky haze,https://cdn.weatherapi.com/weather/64x64/night/149.png,1036,12.8,20.5,346,NNW,1011,29.84,0.0,0.0,0,76,57,31.6,88.9,28.0,82.4,31.8,89.2,23.5,74.2,0,13,0,0,8,4,16.1,26.0,0.0,24.7,76.4,348.0,16.9,118,31.6,47.5,52.5,3,5,0.0,0.0,0.0,0.0
Mumbai,Maharashtra,India,18.975,72.826,Asia/Kolkata,1791360015,2026-10-07 13:30:00,1791671400,2026-10-11 03:59:59.999999786,27.9,82.1,0,Smoky haze,https://cdn.weatherapi.com/weather/64x64/night/149.png,1036,13.0,20.9,351,N,1011,29.84,0.0,0.0,0,77,21,31.3,88.3,27.9,82.1,31.6,88.9,23.5,74.3,0,9,0,0,8,4,16.8,27.1,0.0,24.7,76.4,317.0,16.4,107,31.5,47.4,52.3,3,5,0.0,0.0,0.0,0.0
Mumbai,Maharashtra,India,18.975,72.826,Asia/Kolkata,1791360015,2026-10-07 13:30:00,1791675000,2026-10-11 05:00:00.000000213,27.8,82.0,0,Smoky haze,https://cdn.weatherapi.com/weather/64x64/night/149.png,1036,11.2,18.0,2,N,1011,29.87,0.0,0.0,0,77,7,31.2,88.2,27.8,82.0,31.5,88.6,23.4,74.2,0,8,0,0,8,4,14.3,23.0,0.0,24.6,76.3,330.3,16.4,102,31.7,46.9,51.8,3,5,0.0,0.0,0.0,0.0
Mumbai,Maharashtra,India,18.975,72.826,Asia/Kolkata,1791360015,2026-10-07 13:30:00,1791678600,2026-10-11 06:00:00.000000000,27.7,81.9,0,Smoky haze,https://cdn.weatherapi.com/weather/64x64/night/149.png,1036,9.2,14.8,7,N,1012,29.89,0.0,0.0,0,76,14,30.9,87.6,27.7,81.9,31.2,88.1,23.2,73.7,0,8,0,0,8,5,11.4,18.4,0.0,24.4,75.9,360.0,17.7,99,32.5,46.3,51.2,3,5,0.0,0.0,0.0,0.0
Mumbai,Maharashtra,India,18.975,72.826,Asia/Kolkata,1791360015,2026-10-07 13:30:00,1791721800,2026-10-11 18:00:00.000000000,28.4,83.1,0,Thundery outbreaks in nearby,https://cdn.weatherapi.com/weather/64x64/night/200.png,1087,17.0,27.4,318,NW,1010,29.82,0.0,0.0,0,79,98,33.0,91.4,28.4,83.1,33.1,91.6,24.4,76.0,0,23,0,0,9,5,22.2,35.7,0.0,25.5,77.9,,,,,,,,,0.0,0.0,0.0,0.0
Mumbai,Maharashtra,India,18.975,72.826,Asia/Kolkata,1791360015,2026-10-07 13:30:00,1791725400,2026-10-11 18:59:59.999999786,28.8,83.8,0,Thundery outbreaks in nearby,https://cdn.weatherapi.com/weather/64x64/night/200.png,1087,16.6,26.6,332,NNW,1011,29.84,0.0,0.0,0,77,100,33.5,92.3,28.8,83.8,33.5,92.3,24.3,75.8,0,22,0,0,9,5,21.9,35.3,0.0,25.5,77.9,,,,,,,,,0.0,0.0,0.0,0.0
Mumbai,Maharashtra,India,18.975,72.826,Asia/Kolkata,1791360015,2026-10-07 13:30:00,1791729000,2026-10-11 20:00:00.000000213,29.1,84.3,0,Thundery outbreaks in nearby,https://cdn.weatherapi.com/weather/64x64/night/200.png,1087,14.8,23.8,341,NNW,1012,29.87,0.0,0.0,0,76,95,34.0,93.2,29.1,84.3,34.0,93.2,24.3,75.8,0,20,0,0,9,5,19.7,31.8,0.0,25.6,78.0,,,,,,,,,0.0,0.0,0.0,0.0
Mumbai,Maharashtra,India,18.975,72.826,Asia/Kolkata,1791360015,2026-10-07 13:30:00,1791732600,2026-10-11 21:00:00.000000000,29.1,84.4,0,Thundery outbreaks in nearby,https://cdn.weatherapi.com/weather/64x64/night/200.png,1087,13.0,20.9,335,NNW,1012,29.89,0.0,0.0,0,77,94,34.4,93.9,29.1,84.4,34.3,93.8,24.7,76.4,0,21,0,0,9,5,16.1,26.0,0.0,25.8,78.5,,,,,,,,,0.0,0.0,0.0,0.0
Mumbai,Maharashtra,India,18.975,72.826,Asia/Kolkata,1791360015,2026-10-07 13:30:00,1791736200,2026-10-11 21:59:59.999999786,29.1,84.4,0,Thundery outbreaks in nearby,https://cdn.weatherapi.com/weather/64x64/night/200.png,1087,11.4,18.4,347,NNW,1012,29.89,0.0,0.0,0,77,57,34.3,93.7,29.1,84.4,34.3,93.7,24.6,76.2,0,14,0,0,9,5,13.9,22.3,0.0,25.8,78.4,,,,,,,,,0.0,0.0,0.0,0.0
Mumbai,Maharashtra,India,18.975,72.826,Asia/Kolkata,1791360015,2026-10-07 13:30:00,1791739800,2026-10-11 23:00:00.000000213,29.1,84.3,0,Clear,https://cdn.weatherapi.com/weather/64x64/night/113.png,1000,12.3,19.8,344,NNW,1012,29.88,0.0,0.0,0,76,2,34.1,93.4,29.1,84.3,34.1,93.3,24.4,76.0,0,8,0,0,10,6,14.6,23.5,0.0,25.6,78.2,,,,,,,,,0.0,0.0,0.0,0.0
Mumbai,Maharashtra,India,18.975,72.826,Asia/Kolkata,1791360015,2026-10-07 13:30:00,1791743400,2026-10-12 00:00:00.000000000,29.0,84.2,0,Partly Cloudy,https://cdn.weatherapi.com/weather/64x64/night/116.png,1003,10.7,17.3,345,NNW,1012,29.87,0.0,0.0,0,76,49,33.9,93.0,29.0,84.2,33.9,93.0,24.3,75.8,0,12,0,0,10,6,13.0,20.9,0.0,25.6,78.0,,,,,,,,,0.0,0.0,0.0,0.0
Mumbai,Maharashtra,India,18.975,72.826,Asia/Kolkata,1791360015,2026-10-07 13:30:00,1791747000,2026-10-12 00:59:59.999999786,28.9,84.1,0,Overcast,https://cdn.weatherapi.com/weather/64x64/night/122.png,1009,10.5,16.9,347,NNW,1011,29.86,0.0,0.0,0,76,96,33.8,92.8,28.9,84.1,33.8,92.8,24.4,75.8,0,20,0,0,10,6,12.8,20.6,0.0,25.6,78.0,,,,,,,,,0.0,0.0,0.0,0.0
Mumbai,Maharashtra,India,18.975,72.826,Asia/Kolkata,1791360015,2026-10-07 13:30:00,1791750600,2026-10-12 02:00:00.000000213,28.8,83.9,0,Cloudy,https://cdn.weatherapi.com/weather/64x64/night/119.png,1006,11.0,17.6,354,N,1011,29.86,0.0,0.0,0,78,66,33.8,92.8,28.9,83.9,33.8,92.9,24.5,76.2,0,15,0,0,10,6,14.1,22.7,0.0,25.7,78.2,,,,,,,,,0.0,0.0,0.0,0.0
Mumbai,Maharashtra,India,18.975,72.826,Asia/Kolkata,1791360015,2026-10-07 13:30:00,1791754200,2026-10-12 03:00:00.000000000,28.8,83.8,0,Clear,https://cdn.weatherapi.com/weather/64x64/night/113.png,1000,10.7,17.3,8,N,1011,29.86,0.0,0.0,0,77,17,33.5,92.3,28.8,83.8,33.5,92.4,24.3,75.8,0,9,0,0,10,6,13.0,20.9,0.0,25.5,77.9,,,,,,,,,0.0,0.0,0.0,0.0
Mumbai,Maharashtra,India,18.975,72.826,Asia/Kolkata,1791360015,2026-10-07 13:30:00,1791757800,2026-10-12 03:59:59.999999786,28.7,83.7,0,Clear,https://cdn.weatherapi.com/weather/64x64/night/113.png,1000,8.9,14.4,32,NNE,1011,29.86,0.0,0.0,0,75,5,33.0,91.4,28.7,83.7,33.0,91.5,23.9,74.9,0,7,0,0,10,6,9.9,15.9,0.0,25.1,77.3,,,,,,,,,0.0,0.0,0.0,0.0
Mumbai,Maharashtra,India,18.975,72.826,Asia/Kolkata,1791360015,2026-10-07 13:30:00,1791761400,2026-10-12 05:00:00.000000213,28.5,83.4,0,Clear,https://cdn.weatherapi.com/weather/64x64/night/113.png,1000,8.3,13.3,65,ENE,1012,29.88,0.0,0.0,0,74,0,32.4,90.3,28.5,83.4,32.6,90.6,23.5,74.3,0,7,0,0,10,6,9.0,14.5,0.0,24.9,76.8,,,,,,,,,0.0,0.0,0.0,0.0
Mumbai,Maharashtra,India,18.975,72.826,Asia/Kolkata,1791360015,2026-10-07 13:30:00,1791765000,2026-10-12 06:00:00.000000000,28.6,83.5,0,Clear,https://cdn.weatherapi.com/weather/64x64/night/113.png,1000,8.5,13.7,69,ENE,1013,29.91,0.0,0.0,0,72,0,32.2,90.0,28.6,83.5,32.3,90.1,23.0,73.4,0,6,0,0,10,6,8.9,14.4,0.0,24.5,76.2,,,,,,,,,0.0,0.0,0.0,0.0
Mumbai,Maharashtra,India,18.975,72.826,Asia/Kolkata,1791360015,2026-10-07 13:30:00,1791808200,2026-10-12 18:00:00.000000000,29.7,85.5,0,Clear,https://cdn.weatherapi.com/weather/64x64/night/113.png,1000,16.3,26.3,323,NW,1012,29.88,0.0,0.0,0,70,0,34.3,93.7,29.7,85.5,34.4,93.9,23.7,74.7,0,5,0,0,10,6,21.9,35.3,0.0,25.3,77.5,,,,,,,,,0.0,0.0,0.0,0.0
Mumbai,Maharashtra,India,18.975,72.826,Asia/Kolkata,1791360015,2026-10-07 13:30:00,1791811800,2026-10-12 18:59:59.999999786,29.7,85.5,0,Clear,https://cdn.weatherapi.com/weather/64x64/night/113.png,1000,16.1,25.9,334,NNW,1012,29.89,0.0,0.0,0,71,0,34.6,94.3,29.7,85.5,34.4,93.9,23.9,75.0,0,6,0,0,10,6,22.4,36.0,0.0,25.5,77.8,,,,,,,,,0.0,0.0,0.0,0.0
Mumbai,Maharashtra,India,18.975,72.826,Asia/Kolkata,1791360015,2026-10-07 13:30:00,1791815400,2026-10-12 20:00:00.000000213,29.6,85.2,0,Clear,https://cdn.weatherapi.com/weather/64x64/night/113.png,1000,15.7,25.2,344,NNW,1013,29.91,0.0,0.0,0,72,0,34.5,94.1,29.6,85.2,34.5,94.0,24.1,75.3,0,6,0,0,10,6,22.9,36.8,0.0,25.5,77.9,,,,,,,,,0.0,0.0,0.0,0.0
Mumbai,Maharashtra,India,18.975,72.826,Asia/Kolkata,1791360015,2026-10-07 13:30:00,1791819000,2026-10-12 21:00:00.000000000,29.6,85.3,0,Clear,https://cdn.weatherapi.com/weather/64x64/night/113.png,1000,13.2,21.2,231,SW,1013,29.91,0.0,0.0,0,72,0,34.6,94.3,29.6,85.3,34.4,93.9,24.0,75.2,0,6,0,0,10,6,18.6,29.9,0.0,25.5,78.0,,,,,,,,,0.0,0.0,0.0,0.0
Mumbai,Maharashtra,India,18.975,72.826,Asia/Kolkata,1791360015,2026-10-07 13:30:00,1791822600,2026-10-12 21:59:59.999999786,29.6,85.3,0,Clear,https://cdn.weatherapi.com/weather/64x64/night/113.png,1000,11.0,17.6,118,ESE,1013,29.91,0.0,0.0,0,72,0,34.6,94.3,29.6,85.3,34.4,93.9,24.0,75.2,0,6,0,0,10,6,14.1,22.7,0.0,25.5,77.9,,,,,,,,,0.0,0.0,0.0,0.0
Mumbai,Maharashtra,India,18.975,72.826,Asia/Kolkata,1791360015,2026-10-07 13:30:00,1791826200,2026-10-12 23:00:00.000000213,29.5,85.2,0,Clear,https://cdn.weatherapi.com/weather/64x64/night/113.png,1000,8.5,13.7,5,N,1013,29.91,0.0,0.0,0,72,0,34.4,93.9,29.6,85.2,34.4,93.9,24.0,75.2,0,6,0,0,10,6,9.7,15.6,0.0,25.5,77.9,,,,,,,,,0.0,0.0,0.0,0.0
Mumbai,Maharashtra,India,18.975,72.826,Asia/Kolkata,1791360015,2026-10-07 13:30:00,1791829800,2026-10-13 00:00:00.000000000,29.1,84.4,0,Clear,https://cdn.weatherapi.com/weather/64x64/night/113.png,1000,8.3,13.3,38,NE,1012,29.89,0.0,0.0,0,73,0,33.5,92.3,29.1,84.4,33.6,92.5,23.7,74.7,0,6,0,0,10,6,9.4,15.1,0.0,25.1,77.2,,,,,,,,,0.0,0.0,0.0,0.0
Mumbai,Maharashtra,India,18.975,72.826,Asia/Kolkata,1791360015,2026-10-07 13:30:00,1791833400,2026-10-13 00:59:59.999999786,28.7,83.7,0,Clear,https://cdn.weatherapi.com/weather/64x64/night/113.png,1000,8.3,13.3,71,ENE,1012,29.88,0.0,0.0,0,73,0,32.6,90.7,28.7,83.7,32.7,90.9,23.4,74.1,0,6,0,0,10,6,8.9,14.4,0.0,24.8,76.7,,,,,,,,,0.0,0.0,0.0,0.0
Mumbai,Maharashtra,India,18.975,72.826,Asia/Kolkata,1791360015,2026-10-07 13:30:00,1791837000,2026-10-13 02:00:00.000000213,28.3,82.9,0,Clear,https://cdn.weatherapi.com/weather/64x64/night/113.png,1000,8.1,13.0,104,ESE,1011,29.87,0.0,0.0,0,73,0,31.7,89.1,28.3,82.9,31.9,89.4,23.1,73.5,0,6,0,0,10,6,8.5,13.8,0.0,24.5,76.1,,,,,,,,,0.0,0.0,0.0,0.0
Mumbai,Maharashtra,India,18.975,72.826,Asia/Kolkata,1791360015,2026-10-07 13:30:00,1791840600,2026-10-13 03:00:00.000000000,28.4,83.1,0,Clear,https://cdn.weatherapi.com/weather/64x64/night/113.png,1000,8.1,13.0,97,E,1012,29.87,0.0,0.0,0,71,0,31.7,89.1,28.4,83.1,31.8,89.2,22.7,72.9,0,6,0,0,10,6,8.5,13.7,0.0,24.3,75.7,,,,,,,,,0.0,0.0,0.0,0.0
Mumbai,Maharashtra,India,18.975,72.826,Asia/Kolkata,1791360015,2026-10-07 13:30:00,1791844200,2026-10-13 03:59:59.999999786,28.4,83.1,0,Clear,https://cdn.weatherapi.com/weather/64x64/night/113.png,1000,7.8,12.6,89,E,1012,29.88,0.0,0.0,0,69,0,31.4,88.5,28.4,83.1,31.6,88.9,22.3,72.1,0,5,0,0,10,6,8.3,13.3,0.0,24.0,75.2,,,,,,,,,0.0,0.0,0.0,0.0
Mumbai,Maharashtra,India,18.975,72.826,Asia/Kolkata,1791360015,2026-10-07 13:30:00,1791847800,2026-10-13 05:00:00.000000213,28.5,83.3,0,Clear,https://cdn.weatherapi.com/weather/64x64/night/113.png,1000,7.8,12.6,82,E,1012,29.88,0.0,0.0,0,67,0,31.3,88.3,28.5,83.3,31.5,88.6,21.9,71.4,0,5,0,0,10,6,8.3,13.4,0.0,23.8,74.8,,,,,,,,,0.0,0.0,0.0,0.0
Mumbai,Maharashtra,India,18.975,72.826,Asia/Kolkata,1791360015,2026-10-07 13:30:00,1791851400,2026-10-13 06:00:00.000000000,28.6,83.5,0,Clear,https://cdn.weatherapi.com/weather/64x64/night/113.png,1000,7.2,11.5,69,ENE,1013,29.91,0.0,0.0,0,65,0,31.1,88.0,28.6,83.5,31.4,88.5,21.5,70.7,0,4,0,0,10,6,7.6,12.2,0.0,23.5,74.4,,,,,,,,,0.0,0.0,0.0,0.0
Mumbai,Maharashtra,India,18.975,72.826,Asia/Kolkata,1791360015,2026-10-07 13:30:00,1791894600,2026-10-13 18:00:00.000000000,29.7,85.5,0,Clear,https://cdn.weatherapi.com/weather/64x64/night/113.png,1000,14.8,23.8,321,NW,1011,29.86,0.0,0.0,0,66,1,33.3,91.9,29.7,85.5,33.4,92.1,22.5,72.5,0,4,0,0,10,6,18.6,29.9,0.0,24.5,76.1,,,,,,,,,0.0,0.0,0.0,0.0
Mumbai,Maharashtra,India,18.975,72.826,Asia/Kolkata,1791360015,2026-10-07 13:30:00,1791898200,2026-10-13 18:59:59.999999786,29.5,85.1,0,Clear,https://cdn.weatherapi.com/weather/64x64/night/113.png,1000,15.0,24.1,332,NNW,1012,29.88,0.0,0.0,0,68,2,33.5,92.3,29.5,85.1,33.6,92.5,23.0,73.4,0,5,0,0,10,6,20.1,32.4,0.0,24.8,76.7,,,,,,,,,0.0,0.0,0.0,0.0
Mumbai,Maharashtra,India,18.975,72.826,Asia/Kolkata,1791360015,2026-10-07 13:30:00,1791901800,2026-10-13 20:00:00.000000213,29.3,84.7,0,Clear,https://cdn.weatherapi.com/weather/64x64/night/113.png,1000,15.4,24.8,343,NNW,1012,29.89,0.0,0.0,0,71,4,33.7,92.7,29.3,84.8,33.7,92.6,23.6,74.4,0,6,0,0,10,6,21.7,34.9,0.0,25.1,77.2,,,,,,,,,0.0,0.0,0.0,0.0
Mumbai,Maharashtra,India,18.975,72.826,Asia/Kolkata,1791360015,2026-10-07 13:30:00,1791905400,2026-10-13 21:00:00.000000000,29.3,84.7,0,Clear,https://cdn.weatherapi.com/weather/64x64/night/113.png,1000,12.5,20.2,247,WSW,1012,29.89,0.0,0.0,0,70,2,33.5,92.3,29.3,84.7,33.5,92.3,23.3,73.9,0,6,0,0,10,6,17.0,27.4,0.0,24.9,76.9,,,,,,,,,0.0,0.0,0.0,0.0
Mumbai,Maharashtra,India,18.975,72.826,Asia/Kolkata,1791360015,2026-10-07 13:30:00,1791909000,2026-10-13 21:59:59.999999786,29.3,84.7,0,Clear,https://cdn.weatherapi.com/weather/64x64/night/113.png,1000,9.6,15.5,152,SSE,1012,29.9,0.0,0.0,0,70,1,33.3,91.9,29.3,84.7,33.3,91.9,23.1,73.6,0,5,0,0,10,6,12.1,19.4,0.0,24.8,76.7,,,,,,,,,0.0,0.0,0.0,0.0
Mumbai,Maharashtra,India,18.975,72.826,Asia/Kolkata,1791360015,2026-10-07 13:30:00,1791912600,2026-10-13 23:00:00.000000213,29.3,84.7,0,Clear,https://cdn.weatherapi.com/weather/64x64/night/113.png,1000,6.7,10.8,56,ENE,1012,29.9,0.0,0.0,0,69,0,33.1,91.6,29.3,84.7,33.2,91.7,22.9,73.3,0,5,0,0,10,6,7.4,11.9,0.0,24.7,76.4,,,,,,,,,0.0,0.0,0.0,0.0
Surat,Gujarat,India,20.9667,72.9,Asia/Kolkata,1791360015,2026-10-07 13:30:00,1791311400,2026-10-07 00:00:00.000000000,25.1,77.2,0,Clear,https://cdn.weatherapi.com/weather/64x64/night/113.png,1000,3.1,5.0,210,SSW,1014,29.93,0.0,0.0,0,76,0,28.1,82.6,25.1,77.2,27.1,80.7,20.7,69.3,0,8,0,0,10,6,3.4,5.4,0.0,22.0,71.7,435.0,7.3,96,4.1,46.0,61.7,3,5,0.0,0.0,0.0,0.0
Surat,Gujarat,India,20.9667,72.9,Asia/Kolkata,1791360015,2026-10-07 13:30:00,1791315000,2026-10-07 00:59:59.999999786,24.9,76.8,0,Smoky haze,https://cdn.weatherapi.com/weather/64x64/night/149.png,1036,2.9,4.7,174,S,1013,29.92,0.0,0.0,0,78,0,28.0,82.4,24.9,76.7,26.8,80.2,20.7,69.2,0,8,0,0,8,4,3.2,5.1,0.0,21.9,71.5,484.0,8.6,91,5.9,45.5,60.1,3,5,0.0,0.0,0.0,0.0
Surat,Gujarat,India,20.9667,72.9,Asia/Kolkata,1791360015,2026-10-07 13:30:00,1791318600,2026-10-07 02:00:00.000000213,24.5,76.1,0,Smoky haze,https://cdn.weatherapi.com/weather/64x64/night/149.png,1036,3.8,6.1,156,SSE,1013,29.91,0.0,0.0,0,79,0,27.3,81.1,24.5,76.1,26.4,79.5,20.6,69.0,0,8,0,0,7,4,3.8,6.2,0.0,21.8,71.2,526.0,10.0,86,8.8,45.3,59.1,3,5,0.0,0.0,0.0,0.0
Surat,Gujarat,India,20.9667,72.9,Asia/Kolkata,1791360015,2026-10-07 13:30:00,1791322200,2026-10-07 03:00:00.000000000,24.2,75.5,0,Smoky haze,https://cdn.weatherapi.com/weather/64x64/night/149.png,1036,2.9,4.7,172,S,1013,29.91,0.0,0.0,0,80,0,27.3,81.1,24.2,75.5,26.1,79.1,20.6,69.0,0,9,0,0,7,4,3.0,4.8,0.0,21.7,71.0,557.0,11.6,81,13.5,45.8,59.3,3,5,0.0,0.0,0.0,0.0
Surat,Gujarat,India,20.9667,72.9,Asia/Kolkata,1791360015,2026-10-07 13:30:00,1791325800,2026-10-07 03:59:59.999999786,24.0,75.2,0,Smoky haze,https://cdn.weatherapi.com/weather/64x64/night/149.png,1036,2.0,3.2,157,SSE,1013,29.92,0.0,0.0,0,81,0,27.3,81.1,24.0,75.2,25.9,78.7,20.5,68.8,0,9,0,0,6,4,2.0,3.2,0.0,21.5,70.8,581.0,13.4,76,19.2,48.3,62.4,3,6,0.0,0.0,0.0,0.0
Surat,Gujarat,India,20.9667,72.9,Asia/Kolkata,1791360015,2026-10-07 13:30:00,1791329400,2026-10-07 05:00:00.000000213,23.8,74.8,0,Smoky haze,https://cdn.weatherapi.com/weather/64x64/night/149.png,1036,2.0,3.2,92,E,1014,29.94,0.0,0.0,0,81,0,27.0,80.6,23.8,74.8,25.7,78.3,20.3,68.5,0,9,0,0,6,3,2.0,3.2,0.0,21.4,70.5,584.0,14.9,74,24.2,50.2,64.3,3,6,0.0,0.0,0.0,0.0
Surat,Gujarat,India,20.9667,72.9,Asia/Kolkata,1791360015,2026-10-07 13:30:00,1791333000,2026-10-07 06:00:00.000000000,23.7,74.6,0,Smoky haze,https://cdn.weatherapi.com/weather/64x64/night/149.png,1036,3.1,5.0,60,ENE,1015,29.96,0.0,0.0,0,81,0,26.5,79.7,23.7,74.6,25.6,78.1,20.1,68.3,0,9,0,0,6,3,3.1,5.0,0.0,21.2,70.2,547.0,16.0,76,27.0,50.9,63.6,3,6,0.0,0.0,0.0,0.0
Surat,Gujarat,India,20.9667,72.9,Asia/Kolkata,1791360015,2026-10-07 13:30:00,1791376200,2026-10-07 18:00:00.000000000,28.3,83.0,0,Clear,https://cdn.weatherapi.com/weather/64x64/night/113.png,1000,6.5,10.4,270,W,1013,29.93,0.0,0.0,0,62,0,30.2,86.4,28.4,83.0,30.5,86.8,20.3,68.6,0,4,0,0,10,6,9.4,15.2,0.0,22.7,72.9,806.0,38.5,137,53.1,79.2,86.4,4,10,0.0,0.0,0.0,0.0
Surat,Gujarat,India,20.9667,72.9,Asia/Kolkata,1791360015,2026-10-07 13:30:00,1791379800,2026-10-07 18:59:59.999999786,28.9,84.1,0,Clear,https://cdn.weatherapi.com/weather/64x64/night/113.png,1000,6.0,9.7,294,WNW,1014,29.94,0.0,0.0,0,57,0,30.5,86.9,29.0,84.1,30.9,87.5,19.7,67.4,0,3,0,0,10,6,7.9,12.7,0.0,22.5,72.5,915.0,32.6,134,51.5,78.0,85.2,4,10,0.0,0.0,0.0,0.0
Surat,Gujarat,India,20.9667,72.9,Asia/Kolkata,1791360015,2026-10-07 13:30:00,1791383400,2026-10-07 20:00:00.000000213,28.9,84.0,0,Clear,https://cdn.weatherapi.com/weather/64x64/night/113.png,1000,5.1,8.3,323,NW,1015,29.96,0.0,0.0,0,56,0,30.3,86.5,28.9,84.0,30.7,87.2,19.4,66.8,0,3,0,0,10,6,6.5,10.5,0.0,22.3,72.1,952.0,27.7,132,50.4,75.2,82.4,4,10,0.0,0.0,0.0,0.0
Surat,Gujarat,India,20.9667,72.9,Asia/Kolkata,1791360015,2026-10-07 13:30:00,1791387000,2026-10-07 21:00:00.000000000,28.2,82.8,0,Clear,https://cdn.weatherapi.com/weather/64x64/night/113.png,1000,3.4,5.4,343,NNW,1015,29.97,0.0,0.0,0,57,0,29.4,84.9,28.2,82.8,29.7,85.5,18.9,65.9,0,3,0,0,10,6,3.6,5.8,0.0,21.8,71.2,863.0,25.1,131,49.7,71.2,78.5,4,10,0.0,0.0,0.0,0.0
Surat,Gujarat,India,20.9667,72.9,Asia/Kolkata,1791360015,2026-10-07 13:30:00,1791390600,2026-10-07 21:59:59.999999786,27.5,81.6,0,Clear,https://cdn.weatherapi.com/weather/64x64/night/113.png,1000,4.0,6.5,72,ENE,1015,29.98,0.0,0.0,0,58,0,28.6,83.5,27.6,81.6,28.9,84.0,18.5,65.3,0,3,0,0,10,6,4.1,6.7,0.0,21.4,70.5,702.0,23.5,129,49.4,68.2,75.2,4,9,0.0,0.0,0.0,0.0
Surat,Gujarat,India,20.9667,72.9,Asia/Kolkata,1791360015,2026-10-07 13:30:00,1791394200,2026-10-07 23:00:00.000000213,26.4,79.5,0,Clear,https://cdn.weatherapi.com/weather/64x64/night/113.png,1000,6.0,9.7,77,ENE,1015,29.98,0.0,0.0,0,62,0,27.5,81.5,26.4,79.5,27.8,82.0,18.6,65.4,0,4,0,0,10,6,12.8,20.5,0.0,21.1,69.9,579.0,22.7,125,50.0,65.9,72.9,4,9,0.0,0.0,0.0,0.0
Surat,Gujarat,India,20.9667,72.9,Asia/Kolkata,1791360015,2026-10-07 13:30:00,1791397800,2026-10-08 00:00:00.000000000,26.0,78.8,0,Clear,https://cdn.weatherapi.com/weather/64x64/night/113.png,1000,4.7,7.6,75,ENE,1015,29.96,0.0,0.0,0,63,0,27.3,81.1,26.0,78.8,27.4,81.2,18.4,65.1,0,4,0,0,10,6,4.7,7.6,0.0,20.8,69.5,537.0,23.3,115,52.6,64.0,70.8,3,8,0.0,0.0,0.0,0.0
Surat,Gujarat,India,20.9667,72.9,Asia/Kolkata,1791360015,2026-10-07 13:30:00,1791401400,2026-10-08 00:59:59.999999786,25.8,78.4,0,Clear,https://cdn.weatherapi.com/weather/64x64/night/113.png,1000,3.6,5.8,82,E,1014,29.94,0.0,0.0,0,63,0,27.3,81.1,25.8,78.4,27.1,80.8,18.2,64.8,0,4,0,0,10,6,3.6,5.8,0.0,20.7,69.2,533.0,24.7,102,56.0,63.8,69.6,3,8,0.0,0.0,0.0,0.0
Surat,Gujarat,India,20.9667,72.9,Asia/Kolkata,1791360015,2026-10-07 13:30:00,1791405000,2026-10-08 02:00:00.000000213,25.5,77.9,0,Clear,https://cdn.weatherapi.com/weather/64x64/night/113.png,1000,2.7,4.3,62,ENE,1014,29.94,0.0,0.0,0,63,0,27.2,81.0,25.5,77.8,26.8,80.3,18.0,64.4,0,4,0,0,10,6,2.7,4.4,0.0,20.4,68.8,546.0,25.6,91,57.2,62.6,67.8,3,8,0.0,0.0,0.0,0.0
Surat,Gujarat,India,20.9667,72.9,Asia/Kolkata,1791360015,2026-10-07 13:30:00,1791408600,2026-10-08 03:00:00.000000000,25.4,77.7,0,Clear,https://cdn.weatherapi.com/weather/64x64/night/113.png,1000,2.5,4.0,19,NNE,1014,29.94,0.0,0.0,0,63,0,27.2,81.0,25.4,77.7,26.7,80.0,17.8,64.1,0,4,0,0,10,6,2.7,4.4,0.0,20.3,68.5,580.0,25.1,83,54.4,60.1,64.7,3,8,0.0,0.0,0.0,0.0
Surat,Gujarat,India,20.9667,72.9,Asia/Kolkata,1791360015,2026-10-07 13:30:00,1791412200,2026-10-08 03:59:59.999999786,25.3,77.5,0,Clear,https://cdn.weatherapi.com/weather/64x64/night/113.png,1000,3.4,5.4,26,NNE,1014,29.94,0.0,0.0,0,62,0,26.7,80.1,25.3,77.5,26.6,79.8,17.4,63.4,0,4,0,0,10,6,3.6,5.8,0.0,20.0,68.1,631.0,24.0,78,49.5,57.0,61.2,3,7,0.0,0.0,0.0,0.0
Surat,Gujarat,India,20.9667,72.9,Asia/Kolkata,1791360015,2026-10-07 13:30:00,1791415800,2026-10-08 05:00:00.000000213,25.2,77.3,0,Clear,https://cdn.weatherapi.com/weather/64x64/night/113.png,1000,4.3,6.8,49,NE,1015,29.96,0.0,0.0,0,61,0,26.3,79.3,25.2,77.3,26.4,79.5,17.1,62.7,0,3,0,0,10,6,4.3,6.8,0.0,19.8,67.6,667.0,23.4,75,45.0,53.9,58.0,3,6,0.0,0.0,0.0,0.0
Surat,Gujarat,India,20.9667,72.9,Asia/Kolkata,1791360015,2026-10-07 13:30:00,1791419400,2026-10-08 06:00:00.000000000,24.9,76.9,0,Clear,https://cdn.weatherapi.com/weather/64x64/night/113.png,1000,4.9,7.9,48,NE,1015,29.98,0.0,0.0,0,60,0,25.7,78.3,25.0,76.9,26.2,79.1,16.7,62.1,0,3,0,0,10,6,5.1,8.3,0.0,19.5,67.1,687.0,24.2,74,41.7,51.5,55.6,3,6,0.0,0.0,0.0,0.0
Surat,Gujarat,India,20.9667,72.9,Asia/Kolkata,1791360015,2026-10-07 13:30:00,1791462600,2026-10-08 18:00:00.000000000,28.8,83.8,0,Clear,https://cdn.weatherapi.com/weather/64x64/night/113.png,1000,6.7,10.8,271,W,1013,29.9,0.0,0.0,0,55,0,30.0,86.0,28.8,83.8,30.3,86.5,18.9,66.0,0,2,0,0,10,6,9.4,15.2,0.0,22.0,71.5,684.0,18.9,257,47.6,72.2,77.1,4,10,0.0,0.0,0.0,0.0
Surat,Gujarat,India,20.9667,72.9,Asia/Kolkata,1791360015,2026-10-07 13:30:00,1791466200,2026-10-08 18:59:59.999999786,29.4,84.8,0,Clear,https://cdn.weatherapi.com/weather/64x64/night/113.png,1000,6.3,10.1,282,WNW,1013,29.91,0.0,0.0,0,51,0,30.3,86.5,29.4,84.8,30.7,87.2,18.2,64.7,0,2,0,0,10,6,7.8,12.6,0.0,21.7,71.1,609.0,19.9,222,53.5,69.8,75.0,4,9,0.0,0.0,0.0,0.0
Surat,Gujarat,India,20.9667,72.9,Asia/Kolkata,1791360015,2026-10-07 13:30:00,1791469800,2026-10-08 20:00:00.000000213,29.4,84.9,0,Clear,https://cdn.weatherapi.com/weather/64x64/night/113.png,1000,6.0,9.7,308,NW,1013,29.93,0.0,0.0,0,50,0,30.2,86.4,29.4,84.8,30.6,87.0,18.0,64.3,0,2,0,0,10,6,6.3,10.1,0.0,21.6,70.9,541.0,21.2,188,58.1,67.3,72.2,4,9,0.0,0.0,0.0,0.0
Surat,Gujarat,India,20.9667,72.9,Asia/Kolkata,1791360015,2026-10-07 13:30:00,1791473400,2026-10-08 21:00:00.000000000,28.9,84.0,0,Clear,https://cdn.weatherapi.com/weather/64x64/night/113.png,1000,5.8,9.4,344,NNW,1013,29.93,0.0,0.0,0,50,0,29.6,85.3,28.9,84.0,29.9,85.9,17.6,63.6,0,2,0,0,10,6,6.1,9.8,0.0,21.2,70.2,505.0,23.8,158,61.1,65.0,69.6,3,9,0.0,0.0,0.0,0.0
Surat,Gujarat,India,20.9667,72.9,Asia/Kolkata,1791360015,2026-10-07 13:30:00,1791477000,2026-10-08 21:59:59.999999786,28.3,82.9,0,Clear,https://cdn.weatherapi.com/weather/64x64/night/113.png,1000,4.5,7.2,38,NE,1013,29.92,0.0,0.0,0,51,0,28.9,84.0,28.3,82.9,29.2,84.5,17.2,62.9,0,2,0,0,10,6,4.7,7.6,0.0,20.8,69.4,477.0,26.7,129,63.0,62.9,67.3,3,8,0.0,0.0,0.0,0.0
Surat,Gujarat,India,20.9667,72.9,Asia/Kolkata,1791360015,2026-10-07 13:30:00,1791480600,2026-10-08 23:00:00.000000213,27.0,80.6,0,Clear,https://cdn.weatherapi.com/weather/64x64/night/113.png,1000,5.8,9.4,90,E,1013,29.91,0.0,0.0,0,55,0,27.7,81.9,27.0,80.6,27.9,82.3,17.1,62.8,0,2,0,0,10,6,5.8,9.4,0.0,20.4,68.7,465.0,28.5,106,62.7,60.5,65.2,3,8,0.0,0.0,0.0,0.0
Surat,Gujarat,India,20.9667,72.9,Asia/Kolkata,1791360015,2026-10-07 13:30:00,1791484200,2026-10-09 00:00:00.000000000,26.0,78.8,0,Clear,https://cdn.weatherapi.com/weather/64x64/night/113.png,1000,4.7,7.6,95,E,1012,29.9,0.0,0.0,0,59,0,27.0,80.6,26.0,78.8,27.1,80.8,17.3,63.2,0,3,0,0,10,6,4.7,7.6,0.0,20.2,68.3,477.0,28.4,92,59.3,58.8,63.1,3,7,0.0,0.0,0.0,0.0
Surat,Gujarat,India,20.9667,72.9,Asia/Kolkata,1791360015,2026-10-07 13:30:00,1791487800,2026-10-09 00:59:59.999999786,25.6,78.1,0,Clear,https://cdn.weatherapi.com/weather/64x64/night/113.png,1000,0.9,1.4,122,ESE,1012,29.89,0.0,0.0,0,60,0,27.5,81.5,25.6,78.1,26.8,80.2,17.4,63.3,0,3,0,0,10,6,1.2,1.9,0.0,20.1,68.2,505.0,27.1,85,53.7,56.6,60.5,3,7,0.0,0.0,0.0,0.0
Surat,Gujarat,India,20.9667,72.9,Asia/Kolkata,1791360015,2026-10-07 13:30:00,1791491400,2026-10-09 02:00:00.000000213,25.6,78.0,0,Clear,https://cdn.weatherapi.com/weather/64x64/night/113.png,1000,2.7,4.3,321,NW,1012,29.89,0.0,0.0,0,60,0,27.0,80.6,25.6,78.0,26.8,80.2,17.3,63.2,0,3,0,0,10,6,2.7,4.4,0.0,20.1,68.1,533.0,25.5,80,48.4,54.1,58.1,3,7,0.0,0.0,0.0,0.0
Surat,Gujarat,India,20.9667,72.9,Asia/Kolkata,1791360015,2026-10-07 13:30:00,1791495000,2026-10-09 03:00:00.000000000,25.5,78.0,0,Clear,https://cdn.weatherapi.com/weather/64x64/night/113.png,1000,2.5,4.0,120,ESE,1012,29.87,0.0,0.0,0,61,0,27.1,80.8,25.6,78.0,26.8,80.2,17.4,63.3,0,3,0,0,10,6,2.5,4.0,0.0,20.1,68.1,559.0,23.4,77,43.7,51.5,55.5,3,6,0.0,0.0,0.0,0.0
Surat,Gujarat,India,20.9667,72.9,Asia/Kolkata,1791360015,2026-10-07 13:30:00,1791498600,2026-10-09 03:59:59.999999786,25.3,77.5,0,Smoky haze,https://cdn.weatherapi.com/weather/64x64/night/149.png,1036,3.6,5.8,117,ESE,1012,29.88,0.0,0.0,0,61,0,26.6,79.9,25.3,77.5,26.5,79.7,17.3,63.1,0,4,0,0,10,6,10.3,16.6,0.0,19.9,67.9,585.0,21.0,77,39.2,49.1,53.3,3,6,0.0,0.0,0.0,0.0
Surat,Gujarat,India,20.9667,72.9,Asia/Kolkata,1791360015,2026-10-07 13:30:00,1791502200,2026-10-09 05:00:00.000000213,24.8,76.6,0,Smoky haze,https://cdn.weatherapi.com/weather/64x64/night/149.png,1036,3.4,5.4,118,ESE,1012,29.9,0.0,0.0,0,62,0,26.1,79.0,24.8,76.6,26.1,79.0,17.0,62.6,0,4,0,0,10,6,3.4,5.4,0.0,19.6,67.3,602.0,19.6,79,36.1,47.5,51.7,3,5,0.0,0.0,0.0,0.0
Surat,Gujarat,India,20.9667,72.9,Asia/Kolkata,1791360015,2026-10-07 13:30:00,1791505800,2026-10-09 06:00:00.000000000,24.6,76.2,0,Smoky haze,https://cdn.weatherapi.com/weather/64x64/night/149.png,1036,3.1,5.0,110,ESE,1013,29.92,0.0,0.0,0,62,0,25.9,78.6,24.6,76.2,25.9,78.7,16.9,62.4,0,4,0,0,10,6,3.2,5.1,0.0,19.5,67.0,613.0,20.4,81,34.9,46.6,51.0,3,5,0.0,0.0,0.0,0.0
Surat,Gujarat,India,20.9667,72.9,Asia/Kolkata,1791360015,2026-10-07 13:30:00,1791549000,2026-10-09 18:00:00.000000000,28.7,83.6,0,Clear,https://cdn.weatherapi.com/weather/64x64/night/113.png,1000,6.3,10.1,285,WNW,1011,29.85,0.0,0.0,0,55,0,29.9,85.8,28.7,83.6,30.2,86.4,18.9,66.0,0,2,0,0,10,6,8.7,14.1,0.0,21.9,71.5,661.0,20.5,210,48.6,64.3,70.1,3,8,0.0,0.0,0.0,0.0
Surat,Gujarat,India,20.9667,72.9,Asia/Kolkata,1791360015,2026-10-07 13:30:00,1791552600,2026-10-09 18:59:59.999999786,28.9,84.1,0,Clear,https://cdn.weatherapi.com/weather/64x64/night/113.png,1000,5.6,9.0,288,WNW,1012,29.87,0.0,0.0,0,52,0,29.8,85.6,29.0,84.1,30.2,86.3,18.0,64.4,0,2,0,0,10,6,7.0,11.3,0.0,21.5,70.7,827.0,21.5,185,54.7,64.5,70.5,3,8,0.0,0.0,0.0,0.0
Surat,Gujarat,India,20.9667,72.9,Asia/Kolkata,1791360015,2026-10-07 13:30:00,1791556200,2026-10-09 20:00:00.000000213,28.6,83.5,0,Clear,https://cdn.weatherapi.com/weather/64x64/night/113.png,1000,5.1,8.3,289,WNW,1012,29.89,0.0,0.0,0,51,0,29.3,84.7,28.6,83.5,29.6,85.3,17.5,63.5,0,2,0,0,10,6,5.2,8.3,0.0,21.1,70.0,952.0,22.6,163,60.0,65.4,71.7,4,9,0.0,0.0,0.0,0.0
Surat,Gujarat,India,20.9667,72.9,Asia/Kolkata,1791360015,2026-10-07 13:30:00,1791559800,2026-10-09 21:00:00.000000000,28.4,83.1,0,Smoky haze,https://cdn.weatherapi.com/weather/64x64/night/149.png,1036,4.7,7.6,279,W,1012,29.89,0.0,0.0,0,50,0,28.9,84.0,28.4,83.1,29.3,84.7,17.1,62.7,0,2,0,0,10,6,5.0,8.0,0.0,20.8,69.4,1013.0,24.2,146,64.8,66.6,72.9,4,9,0.0,0.0,0.0,0.0
Surat,Gujarat,India,20.9667,72.9,Asia/Kolkata,1791360015,2026-10-07 13:30:00,1791563400,2026-10-09 21:59:59.999999786,27.8,82.0,0,Smoky haze,https://cdn.weatherapi.com/weather/64x64/night/149.png,1036,5.4,8.6,264,W,1012,29.88,0.0,0.0,0,53,0,28.5,83.3,27.8,82.0,28.7,83.7,17.3,63.1,0,2,0,0,10,6,7.0,11.2,0.0,20.7,69.3,1033.0,25.9,131,68.9,68.7,75.2,4,9,0.0,0.0,0.0,0.0
Surat,Gujarat,India,20.9667,72.9,Asia/Kolkata,1791360015,2026-10-07 13:30:00,1791567000,2026-10-09 23:00:00.000000213,26.7,80.1,0,Smoky haze,https://cdn.weatherapi.com/weather/64x64/night/149.png,1036,4.7,7.6,255,WSW,1012,29.88,0.0,0.0,0,65,0,28.2,82.8,26.8,80.2,28.4,83.2,19.7,67.4,0,4,0,0,10,6,7.2,11.6,0.0,21.8,71.3,1015.0,26.4,120,68.0,67.5,74.0,4,9,0.0,0.0,0.0,0.0
Surat,Gujarat,India,20.9667,72.9,Asia/Kolkata,1791360015,2026-10-07 13:30:00,1791570600,2026-10-10 00:00:00.000000000,26.1,79.0,0,Clear,https://cdn.weatherapi.com/weather/64x64/night/113.png,1000,2.5,4.0,240,WSW,1011,29.87,0.0,0.0,0,71,0,28.3,82.9,26.1,79.1,28.0,82.4,20.4,68.7,0,6,0,0,10,6,3.8,6.2,0.0,22.1,71.8,933.0,24.3,117,57.4,59.8,66.8,3,8,0.0,0.0,0.0,0.0
Surat,Gujarat,India,20.9667,72.9,Asia/Kolkata,1791360015,2026-10-07 13:30:00,1791574200,2026-10-10 00:59:59.999999786,25.7,78.3,0,Clear,https://cdn.weatherapi.com/weather/64x64/night/113.png,1000,3.4,5.4,153,SSE,1011,29.85,0.0,0.0,0,73,0,28.1,82.6,25.8,78.4,27.7,81.8,20.6,69.1,0,6,0,0,8,4,3.6,5.9,0.0,22.1,71.8,813.0,21.1,119,41.9,53.6,61.9,3,6,0.0,0.0,0.0,0.0
Surat,Gujarat,India,20.9667,72.9,Asia/Kolkata,1791360015,2026-10-07 13:30:00,1791577800,2026-10-10 02:00:00.000000213,24.9,76.8,0,Smoky haze,https://cdn.weatherapi.com/weather/64x64/night/149.png,1036,4.9,7.9,149,SSE,1011,29.85,0.0,0.0,0,77,0,27.3,81.1,24.9,76.8,26.8,80.2,20.6,69.0,0,8,0,0,7,4,4.9,7.9,0.0,21.9,71.3,730.0,20.1,115,32.2,50.1,58.3,3,6,0.0,0.0,0.0,0.0
Surat,Gujarat,India,20.9667,72.9,Asia/Kolkata,1791360015,2026-10-07 13:30:00,1791581400,2026-10-10 03:00:00.000000000,24.6,76.2,0,Smoky haze,https://cdn.weatherapi.com/weather/64x64/night/149.png,1036,4.5,7.2,154,SSE,1011,29.85,0.0,0.0,0,79,0,27.2,81.0,24.6,76.2,26.5,79.7,20.6,69.1,0,8,0,0,7,4,4.5,7.2,0.0,21.8,71.2,736.0,23.5,98,34.1,49.7,57.3,3,6,0.0,0.0,0.0,0.0
Surat,Gujarat,India,20.9667,72.9,Asia/Kolkata,1791360015,2026-10-07 13:30:00,1791585000,2026-10-10 03:59:59.999999786,24.4,75.9,0,Clear,https://cdn.weatherapi.com/weather/64x64/night/113.png,1000,2.9,4.7,165,SSE,1011,29.85,0.0,0.0,0,79,0,27.5,81.5,24.4,75.9,26.3,79.4,20.5,68.9,0,8,0,0,7,4,3.0,4.8,0.0,21.7,71.0,781.0,29.2,76,41.8,53.4,60.1,3,6,0.0,0.0,0.0,0.0
Surat,Gujarat,India,20.9667,72.9,Asia/Kolkata,1791360015,2026-10-07 13:30:00,1791588600,2026-10-10 05:00:00.000000213,24.5,76.0,0,Clear,https://cdn.weatherapi.com/weather/64x64/night/113.png,1000,0.9,1.4,186,S,1012,29.87,0.0,0.0,0,79,0,28.2,82.8,24.5,76.0,26.4,79.4,20.5,68.9,0,8,0,0,6,3,0.9,1.5,0.0,21.7,71.1,787.0,33.5,60,48.8,57.6,63.3,3,7,0.0,0.0,0.0,0.0
Surat,Gujarat,India,20.9667,72.9,Asia/Kolkata,1791360015,2026-10-07 13:30:00,1791592200,2026-10-10 06:00:00.000000000,24.4,76.0,0,Clear,https://cdn.weatherapi.com/weather/64x64/night/113.png,1000,0.4,0.7,93,E,1012,29.89,0.0,0.0,0,77,0,28.1,82.6,24.5,76.0,26.3,79.3,20.2,68.4,0,8,0,0,6,3,0.5,0.8,0.0,21.5,70.7,714.0,35.6,55,53.4,60.5,66.4,3,8,0.0,0.0,0.0,0.0
Surat,Gujarat,India,20.9667,72.9,Asia/Kolkata,1791360015,2026-10-07 13:30:00,1791635400,2026-10-10 18:00:00.000000000,28.4,83.1,0,Clear,https://cdn.weatherapi.com/weather/64x64/night/113.png,1000,6.9,11.2,284,WNW,1010,29.84,0.0,0.0,0,54,0,29.3,84.7,28.4,83.2,29.6,85.3,18.1,64.6,0,2,0,0,10,6,12.1,19.5,0.0,21.4,70.5,500.0,21.3,168,49.5,52.3,59.0,3,6,0.0,0.0,0.0,0.0
Surat,Gujarat,India,20.9667,72.9,Asia/Kolkata,1791360015,2026-10-07 13:30:00,1791639000,2026-10-10 18:59:59.999999786,28.4,83.2,0,Clear,https://cdn.weatherapi.com/weather/64x64/night/113.png,1000,5.1,8.3,301,WNW,1011,29.85,0.0,0.0,0,51,0,29.1,84.4,28.5,83.2,29.4,84.9,17.3,63.1,0,2,0,0,10,6,8.1,13.0,0.0,20.9,69.7,558.0,24.2,144,57.5,53.3,60.3,3,6,0.0,0.0,0.0,0.0
Surat,Gujarat,India,20.9667,72.9,Asia/Kolkata,1791360015,2026-10-07 13:30:00,1791642600,2026-10-10 20:00:00.000000213,27.9,82.2,0,Clear,https://cdn.weatherapi.com/weather/64x64/night/113.png,1000,3.4,5.4,321,NW,1012,29.88,0.0,0.0,0,52,0,28.5,83.3,27.9,82.2,28.8,83.8,17.0,62.6,0,2,0,0,10,6,3.6,5.8,0.0,20.6,69.1,589.0,27.5,121,63.6,54.6,61.7,3,7,0.0,0.0,0.0,0.0
Surat,Gujarat,India,20.9667,72.9,Asia/Kolkata,1791360015,2026-10-07 13:30:00,1791646200,2026-10-10 21:00:00.000000000,27.4,81.2,0,Clear,https://cdn.weatherapi.com/weather/64x64/night/113.png,1000,2.0,3.2,352,N,1012,29.89,0.0,0.0,0,54,0,28.0,82.4,27.4,81.2,28.3,82.9,17.1,62.8,0,2,0,0,10,6,2.3,3.7,0.0,20.5,68.9,575.0,31.7,99,66.6,55.4,62.4,3,7,0.0,0.0,0.0,0.0
Surat,Gujarat,India,20.9667,72.9,Asia/Kolkata,1791360015,2026-10-07 13:30:00,1791649800,2026-10-10 21:59:59.999999786,26.8,80.3,0,Clear,https://cdn.weatherapi.com/weather/64x64/night/113.png,1000,2.0,3.2,5,N,1012,29.9,0.0,0.0,0,56,0,27.7,81.9,26.9,80.3,27.9,82.2,17.3,63.2,0,3,0,0,10,6,2.3,3.7,0.0,20.5,68.8,534.0,36.2,77,67.8,55.6,62.4,3,7,0.0,0.0,0.0,0.0
Surat,Gujarat,India,20.9667,72.9,Asia/Kolkata,1791360015,2026-10-07 13:30:00,1791653400,2026-10-10 23:00:00.000000213,26.5,79.6,0,Clear,https://cdn.weatherapi.com/weather/64x64/night/113.png,1000,2.5,4.0,321,NW,1012,29.89,0.0,0.0,0,59,3,27.7,81.9,26.5,79.6,27.6,81.8,17.9,64.1,0,3,0,0,10,6,2.5,4.0,0.0,20.6,69.2,495.0,38.8,62,66.8,53.7,60.5,3,6,0.0,0.0,0.0,0.0
Surat,Gujarat,India,20.9667,72.9,Asia/Kolkata,1791360015,2026-10-07 13:30:00,1791657000,2026-10-11 00:00:00.000000000,26.2,79.1,0,Clear,https://cdn.weatherapi.com/weather/64x64/night/113.png,1000,2.9,4.7,275,W,1012,29.89,0.0,0.0,0,63,23,27.7,81.9,26.2,79.1,27.6,81.6,18.5,65.4,0,5,0,0,10,6,3.2,5.1,0.0,21.0,69.8,464.0,37.9,59,62.3,50.4,57.3,3,6,0.0,0.0,0.0,0.0
Surat,Gujarat,India,20.9667,72.9,Asia/Kolkata,1791360015,2026-10-07 13:30:00,1791660600,2026-10-11 00:59:59.999999786,26.0,78.8,0,Cloudy,https://cdn.weatherapi.com/weather/64x64/night/119.png,1006,1.6,2.5,305,NW,1012,29.88,0.0,0.0,0,64,70,27.9,82.2,26.0,78.8,27.4,81.4,18.8,65.8,0,11,0,0,10,6,1.8,2.9,0.0,21.1,69.9,435.0,35.1,62,55.6,47.6,54.7,3,5,0.0,0.0,0.0,0.0
Surat,Gujarat,India,20.9667,72.9,Asia/Kolkata,1791360015,2026-10-07 13:30:00,1791664200,2026-10-11 02:00:00.000000213,26.7,80.0,0,Cloudy,https://cdn.weatherapi.com/weather/64x64/night/119.png,1006,2.7,4.3,0,N,1011,29.87,0.0,0.0,0,62,74,28.0,82.4,26.7,80.0,28.0,82.5,18.7,65.6,0,10,0,0,10,6,3.2,5.1,0.0,21.2,70.1,423.0,33.3,63,49.9,46.1,53.2,3,5,0.0,0.0,0.0,0.0
Surat,Gujarat,India,20.9667,72.9,Asia/Kolkata,1791360015,2026-10-07 13:30:00,1791667800,2026-10-11 03:00:00.000000000,26.4,79.6,0,Partly Cloudy,https://cdn.weatherapi.com/weather/64x64/night/116.png,1003,2.7,4.3,25,NNE,1011,29.87,0.0,0.0,0,61,31,27.8,82.0,26.4,79.6,27.7,81.9,18.4,65.0,0,5,0,0,10,6,3.2,5.1,0.0,20.9,69.7,445.0,34.1,56,46.5,45.6,52.4,3,5,0.0,0.0,0.0,0.0
Surat,Gujarat,India,20.9667,72.9,Asia/Kolkata,1791360015,2026-10-07 13:30:00,1791671400,2026-10-11 03:59:59.999999786,25.7,78.2,0,Clear,https://cdn.weatherapi.com/weather/64x64/night/113.png,1000,2.5,4.0,27,NNE,1012,29.87,0.0,0.0,0,63,4,27.4,81.3,25.7,78.2,27.0,80.6,18.1,64.7,0,4,0,0,10,6,3.2,5.1,0.0,20.6,69.0,483.0,36.0,48,44.1,45.3,51.6,3,5,0.0,0.0,0.0,0.0
Surat,Gujarat,India,20.9667,72.9,Asia/Kolkata,1791360015,2026-10-07 13:30:00,1791675000,2026-10-11 05:00:00.000000213,25.1,77.2,0,Clear,https://cdn.weatherapi.com/weather/64x64/night/113.png,1000,3.1,5.0,58,ENE,1012,29.9,0.0,0.0,0,66,0,27.0,80.6,25.1,77.2,26.5,79.8,18.2,64.8,0,4,0,0,10,6,3.4,5.4,0.0,20.5,68.8,499.0,36.8,43,42.5,44.4,49.9,3,5,0.0,0.0,0.0,0.0
Surat,Gujarat,India,20.9667,72.9,Asia/Kolkata,1791360015,2026-10-07 13:30:00,1791678600,2026-10-11 06:00:00.000000000,24.4,76.0,0,Clear,https://cdn.weatherapi.com/weather/64x64/night/113.png,1000,5.1,8.3,72,ENE,1013,29.93,0.0,0.0,0,68,0,25.7,78.3,24.5,76.0,26.0,78.8,18.1,64.6,0,5,0,0,10,6,5.8,9.4,0.0,20.2,68.3,498.0,35.7,44,41.7,42.5,47.3,3,5,0.0,0.0,0.0,0.0
Surat,Gujarat,India,20.9667,72.9,Asia/Kolkata,1791360015,2026-10-07 13:30:00,1791721800,2026-10-11 18:00:00.000000000,30.5,86.9,0,Clear,https://cdn.weatherapi.com/weather/64x64/night/113.png,1000,6.0,9.7,301,WNW,1011,29.85,0.0,0.0,0,51,8,32.0,89.6,30.5,86.9,32.5,90.5,19.3,66.7,0,2,0,0,10,6,8.3,13.4,0.0,22.7,72.8,,,,,,,,,0.0,0.0,0.0,0.0
Surat,Gujarat,India,20.9667,72.9,Asia/Kolkata,1791360015,2026-10-07 13:30:00,1791725400,2026-10-11 18:59:59.999999786,29.8,85.6,0,Clear,https://cdn.weatherapi.com/weather/64x64/night/113.png,1000,7.8,12.6,335,NNW,1011,29.86,0.0,0.0,0,51,0,30.9,87.6,29.8,85.6,31.3,88.4,18.6,65.6,0,2,0,0,10,6,13.2,21.3,0.0,22.1,71.8,,,,,,,,,0.0,0.0,0.0,0.0
Surat,Gujarat,India,20.9667,72.9,Asia/Kolkata,1791360015,2026-10-07 13:30:00,1791729000,2026-10-11 20:00:00.000000213,29.0,84.3,0,Clear,https://cdn.weatherapi.com/weather/64x64/night/113.png,1000,8.3,13.3,2,N,1012,29.89,0.0,0.0,0,53,0,30.1,86.2,29.1,84.3,30.5,86.8,18.5,65.3,0,2,0,0,10,6,15.5,24.9,0.0,21.8,71.2,,,,,,,,,0.0,0.0,0.0,0.0
Surat,Gujarat,India,20.9667,72.9,Asia/Kolkata,1791360015,2026-10-07 13:30:00,1791732600,2026-10-11 21:00:00.000000000,28.3,82.9,0,Clear,https://cdn.weatherapi.com/weather/64x64/night/113.png,1000,6.9,11.2,25,NNE,1013,29.91,0.0,0.0,0,55,0,29.2,84.6,28.3,82.9,29.6,85.2,18.3,65.0,0,2,0,0,10,6,12.5,20.2,0.0,21.5,70.7,,,,,,,,,0.0,0.0,0.0,0.0
Surat,Gujarat,India,20.9667,72.9,Asia/Kolkata,1791360015,2026-10-07 13:30:00,1791736200,2026-10-11 21:59:59.999999786,27.7,81.9,0,Clear,https://cdn.weatherapi.com/weather/64x64/night/113.png,1000,4.9,7.9,32,NNE,1013,29.91,0.0,0.0,0,54,0,28.5,83.3,27.8,82.0,28.8,83.8,17.6,63.7,0,2,0,0,10,6,6.7,10.8,0.0,20.9,69.6,,,,,,,,,0.0,0.0,0.0,0.0
Surat,Gujarat,India,20.9667,72.9,Asia/Kolkata,1791360015,2026-10-07 13:30:00,1791739800,2026-10-11 23:00:00.000000213,27.5,81.5,0,Clear,https://cdn.weatherapi.com/weather/64x64/night/113.png,1000,6.0,9.7,39,NE,1013,29.91,0.0,0.0,0,53,0,28.1,82.6,27.5,81.4,28.3,83.0,16.9,62.5,0,2,0,0,10,6,7.4,12.0,0.0,20.4,68.8,,,,,,,,,0.0,0.0,0.0,0.0
Surat,Gujarat,India,20.9667,72.9,Asia/Kolkata,1791360015,2026-10-07 13:30:00,1791743400,2026-10-12 00:00:00.000000000,26.8,80.2,0,Clear,https://cdn.weatherapi.com/weather/64x64/night/113.png,1000,6.0,9.7,51,NE,1013,29.91,0.0,0.0,0,53,0,27.4,81.3,26.8,80.2,27.6,81.7,16.5,61.7,0,2,0,0,10,6,9.4,15.2,0.0,20.0,67.9,,,,,,,,,0.0,0.0,0.0,0.0
Surat,Gujarat,India,20.9667,72.9,Asia/Kolkata,1791360015,2026-10-07 13:30:00,1791747000,2026-10-12 00:59:59.999999786,26.6,79.8,0,Clear,https://cdn.weatherapi.com/weather/64x64/night/113.png,1000,5.6,9.0,43,NE,1012,29.9,0.0,0.0,0,53,0,27.1,80.8,26.6,79.8,27.4,81.3,16.3,61.4,0,2,0,0,10,6,7.4,11.9,0.0,19.8,67.6,,,,,,,,,0.0,0.0,0.0,0.0
Surat,Gujarat,India,20.9667,72.9,Asia/Kolkata,1791360015,2026-10-07 13:30:00,1791750600,2026-10-12 02:00:00.000000213,26.5,79.7,0,Clear,https://cdn.weatherapi.com/weather/64x64/night/113.png,1000,6.9,11.2,22,NNE,1012,29.89,0.0,0.0,0,52,0,26.9,80.4,26.5,79.7,27.3,81.1,16.0,60.8,0,2,0,0,10,6,10.7,17.3,0.0,19.6,67.3,,,,,,,,,0.0,0.0,0.0,0.0
Surat,Gujarat,India,20.9667,72.9,Asia/Kolkata,1791360015,2026-10-07 13:30:00,1791754200,2026-10-12 03:00:00.000000000,26.5,79.7,0,Clear,https://cdn.weatherapi.com/weather/64x64/night/113.png,1000,7.2,11.5,28,NNE,1012,29.89,0.0,0.0,0,53,0,26.9,80.4,26.5,79.7,27.3,81.1,16.1,61.1,0,2,0,0,10,6,11.0,17.6,0.0,19.7,67.4,,,,,,,,,0.0,0.0,0.0,0.0
Surat,Gujarat,India,20.9667,72.9,Asia/Kolkata,1791360015,2026-10-07 13:30:00,1791757800,2026-10-12 03:59:59.999999786,26.1,79.0,0,Clear,https://cdn.weatherapi.com/weather/64x64/night/113.png,1000,6.0,9.7,53,NE,1013,29.91,0.0,0.0,0,55,2,26.6,79.9,26.1,79.0,27.0,80.6,16.3,61.4,0,3,0,0,10,6,8.1,13.0,0.0,19.7,67.4,,,,,,,,,0.0,0.0,0.0,0.0
Surat,Gujarat,India,20.9667,72.9,Asia/Kolkata,1791360015,2026-10-07 13:30:00,1791761400,2026-10-12 05:00:00.000000213,25.8,78.5,0,Partly Cloudy,https://cdn.weatherapi.com/weather/64x64/night/116.png,1003,5.4,8.6,52,NE,1014,29.93,0.0,0.0,0,56,43,26.5,79.7,25.8,78.5,26.8,80.3,16.4,61.6,0,6,0,0,10,6,5.6,9.1,0.0,19.6,67.3,,,,,,,,,0.0,0.0,0.0,0.0
Surat,Gujarat,India,20.9667,72.9,Asia/Kolkata,1791360015,2026-10-07 13:30:00,1791765000,2026-10-12 06:00:00.000000000,26.8,80.2,0,Clear,https://cdn.weatherapi.com/weather/64x64/night/113.png,1000,5.6,9.0,56,ENE,1014,29.95,0.0,0.0,0,56,29,27.6,81.7,26.8,80.2,27.9,82.2,17.3,63.1,0,4,0,0,10,6,6.9,11.2,0.0,20.5,68.8,,,,,,,,,0.0,0.0,0.0,0.0
Surat,Gujarat,India,20.9667,72.9,Asia/Kolkata,1791360015,2026-10-07 13:30:00,1791808200,2026-10-12 18:00:00.000000000,31.2,88.2,0,Clear,https://cdn.weatherapi.com/weather/64x64/night/113.png,1000,6.7,10.8,339,NNW,1012,29.9,0.0,0.0,0,48,0,32.5,90.5,31.2,88.2,33.1,91.6,18.7,65.7,0,1,0,0,10,6,12.8,20.5,0.0,22.6,72.6,,,,,,,,,0.0,0.0,0.0,0.0
Surat,Gujarat,India,20.9667,72.9,Asia/Kolkata,1791360015,2026-10-07 13:30:00,1791811800,2026-10-12 18:59:59.999999786,30.3,86.5,0,Clear,https://cdn.weatherapi.com/weather/64x64/night/113.png,1000,6.9,11.2,347,NNW,1013,29.91,0.0,0.0,0,47,0,31.0,87.8,30.3,86.5,31.7,89.1,17.7,63.9,0,1,0,0,10,6,12.8,20.5,0.0,21.7,71.1,,,,,,,,,0.0,0.0,0.0,0.0
Surat,Gujarat,India,20.9667,72.9,Asia/Kolkata,1791360015,2026-10-07 13:30:00,1791815400,2026-10-12 20:00:00.000000213,29.5,85.0,0,Clear,https://cdn.weatherapi.com/weather/64x64/night/113.png,1000,7.2,11.5,354,N,1014,29.93,0.0,0.0,0,46,0,29.8,85.6,29.5,85.0,30.2,86.3,16.7,62.0,0,1,0,0,10,6,12.8,20.6,0.0,20.9,69.6,,,,,,,,,0.0,0.0,0.0,0.0
Surat,Gujarat,India,20.9667,72.9,Asia/Kolkata,1791360015,2026-10-07 13:30:00,1791819000,2026-10-12 21:00:00.000000000,28.6,83.5,0,Partly Cloudy,https://cdn.weatherapi.com/weather/64x64/night/116.png,1003,6.3,10.1,262,W,1014,29.93,0.0,0.0,0,48,12,29.0,84.2,28.6,83.5,29.3,84.7,16.6,61.9,0,2,0,0,10,6,10.1,16.2,0.0,20.6,69.1,,,,,,,,,0.0,0.0,0.0,0.0
Surat,Gujarat,India,20.9667,72.9,Asia/Kolkata,1791360015,2026-10-07 13:30:00,1791822600,2026-10-12 21:59:59.999999786,27.7,81.9,0,Clear,https://cdn.weatherapi.com/weather/64x64/night/113.png,1000,5.6,9.0,170,S,1014,29.93,0.0,0.0,0,51,24,28.2,82.8,27.7,81.9,28.5,83.3,16.5,61.7,0,3,0,0,10,6,7.4,11.9,0.0,20.3,68.5,,,,,,,,,0.0,0.0,0.0,0.0
Surat,Gujarat,India,20.9667,72.9,Asia/Kolkata,1791360015,2026-10-07 13:30:00,1791826200,2026-10-12 23:00:00.000000213,26.8,80.3,0,Partly Cloudy,https://cdn.weatherapi.com/weather/64x64/night/116.png,1003,4.7,7.6,78,ENE,1014,29.94,0.0,0.0,0,53,36,27.4,81.3,26.8,80.3,27.6,81.7,16.5,61.7,0,4,0,0,10,6,4.8,7.7,0.0,20.0,67.9,,,,,,,,,0.0,0.0,0.0,0.0
Surat,Gujarat,India,20.9667,72.9,Asia/Kolkata,1791360015,2026-10-07 13:30:00,1791829800,2026-10-13 00:00:00.000000000,26.8,80.2,0,Clear,https://cdn.weatherapi.com/weather/64x64/night/113.png,1000,5.8,9.4,64,ENE,1013,29.92,0.0,0.0,0,52,24,27.3,81.1,26.8,80.2,27.5,81.5,16.1,61.0,0,3,0,0,10,6,8.3,13.3,0.0,19.7,67.5,,,,,,,,,0.0,0.0,0.0,0.0
Surat,Gujarat,India,20.9667,72.9,Asia/Kolkata,1791360015,2026-10-07 13:30:00,1791833400,2026-10-13 00:59:59.999999786,26.8,80.2,0,Partly Cloudy,https://cdn.weatherapi.com/weather/64x64/night/116.png,1003,7.2,11.5,49,NE,1013,29.91,0.0,0.0,0,51,12,27.2,81.0,26.8,80.2,27.4,81.3,15.7,60.3,0,2,0,0,10,6,11.6,18.7,0.0,19.6,67.2,,,,,,,,,0.0,0.0,0.0,0.0
Surat,Gujarat,India,20.9667,72.9,Asia/Kolkata,1791360015,2026-10-07 13:30:00,1791837000,2026-10-13 02:00:00.000000213,26.7,80.1,0,Clear,https://cdn.weatherapi.com/weather/64x64/night/113.png,1000,8.3,13.3,35,NE,1012,29.89,0.0,0.0,0,50,0,27.0,80.6,26.7,80.1,27.3,81.1,15.3,59.6,0,2,0,0,10,6,15.0,24.2,0.0,19.3,66.7,,,,,,,,,0.0,0.0,0.0,0.0
Surat,Gujarat,India,20.9667,72.9,Asia/Kolkata,1791360015,2026-10-07 13:30:00,1791840600,2026-10-13 03:00:00.000000000,26.4,79.5,0,Clear,https://cdn.weatherapi.com/weather/64x64/night/113.png,1000,8.1,13.0,42,NE,1012,29.9,0.0,0.0,0,49,0,26.4,79.5,26.4,79.5,27.0,80.6,14.9,58.8,0,2,0,0,10,6,14.5,23.4,0.0,19.0,66.1,,,,,,,,,0.0,0.0,0.0,0.0
Surat,Gujarat,India,20.9667,72.9,Asia/Kolkata,1791360015,2026-10-07 13:30:00,1791844200,2026-10-13 03:59:59.999999786,26.0,78.8,0,Clear,https://cdn.weatherapi.com/weather/64x64/night/113.png,1000,7.6,12.2,49,NE,1013,29.9,0.0,0.0,0,49,0,25.8,78.4,26.0,78.8,26.6,79.9,14.4,57.9,0,2,0,0,10,6,13.9,22.3,0.0,18.6,65.4,,,,,,,,,0.0,0.0,0.0,0.0
Surat,Gujarat,India,20.9667,72.9,Asia/Kolkata,1791360015,2026-10-07 13:30:00,1791847800,2026-10-13 05:00:00.000000213,25.7,78.3,0,Clear,https://cdn.weatherapi.com/weather/64x64/night/113.png,1000,7.4,11.9,56,NE,1013,29.91,0.0,0.0,0,48,0,25.2,77.4,25.7,78.3,26.3,79.3,14.0,57.2,0,2,0,0,10,6,13.4,21.6,0.0,18.2,64.8,,,,,,,,,0.0,0.0,0.0,0.0
Surat,Gujarat,India,20.9667,72.9,Asia/Kolkata,1791360015,2026-10-07 13:30:00,1791851400,2026-10-13 06:00:00.000000000,26.5,79.7,0,Clear,https://cdn.weatherapi.com/weather/64x64/night/113.png,1000,6.0,9.7,68,ENE,1014,29.93,0.0,0.0,0,49,0,26.8,80.2,26.5,79.7,27.2,81.0,15.0,59.0,0,2,0,0,10,6,10.7,17.3,0.0,19.0,66.3,,,,,,,,,0.0,0.0,0.0,0.0
Surat,Gujarat,India,20.9667,72.9,Asia/Kolkata,1791360015,2026-10-07 13:30:00,1791894600,2026-10-13 18:00:00.000000000,30.7,87.3,0,Clear,https://cdn.weatherapi.com/weather/64x64/night/113.png,1000,6.9,11.2,317,NW,1012,29.88,0.0,0.0,0,47,0,31.7,89.1,30.7,87.3,32.2,90.0,18.2,64.8,0,1,0,0,10,6,9.6,15.5,0.0,22.1,71.9,,,,,,,,,0.0,0.0,0.0,0.0
Surat,Gujarat,India,20.9667,72.9,Asia/Kolkata,1791360015,2026-10-07 13:30:00,1791898200,2026-10-13 18:59:59.999999786,30.0,86.0,0,Clear,https://cdn.weatherapi.com/weather/64x64/night/113.png,1000,6.0,9.7,336,NNW,1012,29.89,0.0,0.0,0,47,0,30.6,87.1,30.0,86.0,31.1,88.0,17.3,63.1,0,1,0,0,10,6,8.3,13.3,0.0,21.4,70.6,,,,,,,,,0.0,0.0,0.0,0.0
Surat,Gujarat,India,20.9667,72.9,Asia/Kolkata,1791360015,2026-10-07 13:30:00,1791901800,2026-10-13 20:00:00.000000213,29.2,84.6,0,Clear,https://cdn.weatherapi.com/weather/64x64/night/113.png,1000,5.4,8.6,356,N,1013,29.9,0.0,0.0,0,46,0,29.5,85.1,29.3,84.7,29.9,85.8,16.5,61.7,0,1,0,0,10,6,7.2,11.5,0.0,20.7,69.3,,,,,,,,,0.0,0.0,0.0,0.0
Surat,Gujarat,India,20.9667,72.9,Asia/Kolkata,1791360015,2026-10-07 13:30:00,1791905400,2026-10-13 21:00:00.000000000,28.4,83.1,0,Clear,https://cdn.weatherapi.com/weather/64x64/night/113.png,1000,5.8,9.4,264,W,1013,29.91,0.0,0.0,0,48,0,28.7,83.7,28.4,83.1,29.0,84.2,16.3,61.3,0,1,0,0,10,6,7.4,11.9,0.0,20.4,68.7,,,,,,,,,0.0,0.0,0.0,0.0
Surat,Gujarat,India,20.9667,72.9,Asia/Kolkata,1791360015,2026-10-07 13:30:00,1791909000,2026-10-13 21:59:59.999999786,27.5,81.5,0,Clear,https://cdn.weatherapi.com/weather/64x64/night/113.png,1000,6.0,9.7,172,S,1013,29.92,0.0,0.0,0,50,0,27.9,82.2,27.5,81.5,28.2,82.8,16.1,61.0,0,2,0,0,10,6,7.4,11.9,0.0,20.0,68.0,,,,,,,,,0.0,0.0,0.0,0.0
Surat,Gujarat,India,20.9667,72.9,Asia/Kolkata,1791360015,2026-10-07 13:30:00,1791912600,2026-10-13 23:00:00.000000213,26.6,79.9,0,Clear,https://cdn.weatherapi.com/weather/64x64/night/113.png,1000,6.5,10.4,80,E,1013,29.92,0.0,0.0,0,52,0,27.0,80.6,26.6,79.9,27.3,81.2,15.9,60.6,0,2,0,0,10,6,7.6,12.2,0.0,19.6,67.2,,,,,,,,,0.0,0.0,0.0,0.0
Kolkata,West Bengal,India,22.5697,88.3697,Asia/Kolkata,1791360015,2026-10-07 13:30:00,1791311400,2026-10-07 00:00:00.000000000,27.9,82.2,0,Partly Cloudy,https://cdn.weatherapi.com/weather/64x64/night/116.png,1003,4.9,7.9,210,SSW,1013,29.92,0.0,0.0,0,67,61,30.0,86.0,27.9,82.2,30.3,86.5,21.2,70.1,0,10,0,0,10,6,6.7,10.8,0.0,23.1,73.6,943.0,16.8,66,22.1,89.2,101.5,4,10,0.0,0.0,0.0,0.0
Kolkata,West Bengal,India,22.5697,88.3697,Asia/Kolkata,1791360015,2026-10-07 13:30:00,1791315000,2026-10-07 00:59:59.999999786,27.4,81.3,0,Smoky haze,https://cdn.weatherapi.com/weather/64x64/night/149.png,1036,4.9,7.9,228,SW,1013,29.91,0.0,0.0,0,68,61,29.4,84.9,27.4,81.3,29.7,85.4,21.0,69.8,0,10,0,0,8,4,7.0,11.2,0.0,22.9,73.2,845.0,15.0,62,20.0,84.8,98.3,4,10,0.0,0.0,0.0,0.0
Kolkata,West Bengal,India,22.5697,88.3697,Asia/Kolkata,1791360015,2026-10-07 13:30:00,1791318600,2026-10-07 02:00:00.000000213,26.5,79.6,0,Smoky haze,https://cdn.weatherapi.com/weather/64x64/night/149.png,1036,4.0,6.5,219,SW,1013,29.91,0.0,0.0,0,74,28,28.6,83.5,26.5,79.6,28.8,83.8,21.5,70.8,0,9,0,0,5,3,5.6,9.0,0.0,23.0,73.3,782.0,14.0,58,18.4,79.9,93.8,4,10,0.0,0.0,0.0,0.0
Kolkata,West Bengal,India,22.5697,88.3697,Asia/Kolkata,1791360015,2026-10-07 13:30:00,1791329400,2026-10-07 05:00:00.000000213,25.9,78.6,0,Smoky haze,https://cdn.weatherapi.com/weather/64x64/night/149.png,1036,1.1,1.8,208,SSW,1014,29.94,0.0,0.0,0,76,0,28.8,83.8,25.9,78.6,28.0,82.5,21.3,70.4,0,7,0,0,5,3,1.8,2.9,0.0,22.7,72.8,871.0,15.9,52,17.6,74.5,89.6,4,10,0.0,0.0,0.0,0.0
Kolkata,West Bengal,India,22.5697,88.3697,Asia/Kolkata,1791360015,2026-10-07 13:30:00,1791372600,2026-10-07 17:00:00.000000213,29.1,84.3,0,Smoky haze,https://cdn.weatherapi.com/weather/64x64/night/149.png,1036,8.5,13.7,194,SSW,1013,29.91,0.0,0.0,0,65,36,31.9,89.4,29.1,84.3,32.1,89.8,21.8,71.2,0,7,0,0,10,6,12.5,20.2,0.0,23.8,74.9,1043.0,18.3,114,18.7,64.7,74.7,3,8,0.0,0.0,0.0,0.0
Kolkata,West Bengal,India,22.5697,88.3697,Asia/Kolkata,1791360015,2026-10-07 13:30:00,1791376200,2026-10-07 18:00:00.000000000,28.2,82.8,0,Smoky haze,https://cdn.weatherapi.com/weather/64x64/night/149.png,1036,8.7,14.0,204,SSW,1013,29.93,0.0,0.0,0,68,17,30.9,87.6,28.2,82.8,31.1,87.9,21.8,71.3,0,6,0,0,9,5,13.4,21.6,0.0,23.7,74.6,1137.0,22.9,95,21.5,72.2,82.0,4,10,0.0,0.0,0.0,0.0
Kolkata,West Bengal,India,22.5697,88.3697,Asia/Kolkata,1791360015,2026-10-07 13:30:00,1791379800,2026-10-07 18:59:59.999999786,27.7,81.9,0,Smoky haze,https://cdn.weatherapi.com/weather/64x64/night/149.png,1036,7.6,12.2,210,SSW,1014,29.95,0.0,0.0,0,70,11,30.1,86.2,27.7,81.9,30.4,86.7,21.7,71.1,0,6,0,0,8,5,12.4,19.9,0.0,23.5,74.2,1188.0,27.5,80,26.1,82.7,92.9,4,10,0.0,0.0,0.0,0.0
Kolkata,West Bengal,India,22.5697,88.3697,Asia/Kolkata,1791360015,2026-10-07 13:30:00,1791383400,2026-10-07 20:00:00.000000213,27.6,81.6,0,Smoky haze,https://cdn.weatherapi.com/weather/64x64/night/149.png,1036,6.9,11.2,210,SSW,1015,29.96,0.0,0.0,0,70,10,29.9,85.8,27.6,81.6,30.2,86.3,21.7,71.0,0,6,0,0,4,2,11.5,18.4,0.0,23.4,74.1,1216.0,32.6,68,30.8,95.2,106.2,4,10,0.0,0.0,0.0,0.0
Kolkata,West Bengal,India,22.5697,88.3697,Asia/Kolkata,1791360015,2026-10-07 13:30:00,1791387000,2026-10-07 21:00:00.000000000,27.2,81.0,0,Smoky haze,https://cdn.weatherapi.com/weather/64x64/night/149.png,1036,6.9,11.2,207,SSW,1015,29.96,0.0,0.0,0,71,8,29.3,84.7,27.2,81.0,29.7,85.5,21.6,70.9,0,6,0,0,4,2,11.4,18.4,0.0,23.2,73.8,1231.0,40.5,55,36.4,110.1,121.5,4,10,0.0,0.0,0.0,0.0
Kolkata,West Bengal,India,22.5697,88.3697,Asia/Kolkata,1791360015,2026-10-07 13:30:00,1791390600,2026-10-07 21:59:59.999999786,26.9,80.3,0,Smoky haze,https://cdn.weatherapi.com/weather/64x64/night/149.png,1036,7.2,11.5,208,SSW,1015,29.97,0.0,0.0,0,73,6,28.9,84.0,26.9,80.3,29.3,84.8,21.7,71.1,0,7,0,0,3,1,12.2,19.6,0.0,23.2,73.7,1223.0,49.0,45,42.2,124.3,136.4,4,10,0.0,0.0,0.0,0.0
Kolkata,West Bengal,India,22.5697,88.3697,Asia/Kolkata,1791360015,2026-10-07 13:30:00,1791394200,2026-10-07 23:00:00.000000213,26.4,79.5,0,Smoky haze,https://cdn.weatherapi.com/weather/64x64/night/149.png,1036,7.2,11.5,221,SW,1015,29.96,0.0,0.0,0,76,6,28.4,83.1,26.4,79.5,28.8,83.9,21.8,71.3,0,8,0,0,3,1,13.3,21.4,0.0,23.2,73.7,1185.0,51.3,43,44.6,131.3,143.4,4,10,0.0,0.0,0.0,0.0
Kolkata,West Bengal,India,22.5697,88.3697,Asia/Kolkata,1791360015,2026-10-07 13:30:00,1791397800,2026-10-08 00:00:00.000000000,26.1,79.0,0,Clear,https://cdn.weatherapi.com/weather/64x64/night/113.png,1000,6.3,10.1,230,SW,1014,29.95,0.0,0.0,0,78,6,28.3,82.9,26.1,79.0,28.5,83.4,22.0,71.6,0,9,0,0,10,6,11.6,18.7,0.0,23.2,73.7,1103.0,41.9,57,40.5,115.5,127.1,4,10,0.0,0.0,0.0,0.0
Kolkata,West Bengal,India,22.5697,88.3697,Asia/Kolkata,1791360015,2026-10-07 13:30:00,1791401400,2026-10-08 00:59:59.999999786,26.0,78.7,0,Smoky haze,https://cdn.weatherapi.com/weather/64x64/night/149.png,1036,5.8,9.4,231,SW,1014,29.93,0.0,0.0,0,80,19,28.3,82.9,26.0,78.7,28.4,83.2,22.1,71.9,0,10,0,0,4,2,9.8,15.8,0.0,23.2,73.8,990.0,26.4,79,33.0,92.7,101.7,4,10,0.0,0.0,0.0,0.0
Kolkata,West Bengal,India,22.5697,88.3697,Asia/Kolkata,1791360015,2026-10-07 13:30:00,1791405000,2026-10-08 02:00:00.000000213,26.0,78.7,0,Smoky haze,https://cdn.weatherapi.com/weather/64x64/night/149.png,1036,5.6,9.0,229,SW,1013,29.92,0.0,0.0,0,79,20,28.3,82.9,26.0,78.7,28.4,83.2,22.1,71.8,0,10,0,0,5,2,9.9,15.9,0.0,23.2,73.8,879.0,15.1,93,27.5,76.6,84.3,4,10,0.0,0.0,0.0,0.0
Kolkata,West Bengal,India,22.5697,88.3697,Asia/Kolkata,1791360015,2026-10-07 13:30:00,1791408600,2026-10-08 03:00:00.000000000,25.8,78.4,0,Smoky haze,https://cdn.weatherapi.com/weather/64x64/night/149.png,1036,4.9,7.9,221,SW,1013,29.92,0.0,0.0,0,80,19,28.3,82.9,25.8,78.4,28.2,82.7,22.0,71.5,0,10,0,0,5,2,8.3,13.4,0.0,23.1,73.5,768.0,13.2,88,26.7,75.4,82.4,4,10,0.0,0.0,0.0,0.0
Kolkata,West Bengal,India,22.5697,88.3697,Asia/Kolkata,1791360015,2026-10-07 13:30:00,1791412200,2026-10-08 03:59:59.999999786,25.7,78.3,0,Smoky haze,https://cdn.weatherapi.com/weather/64x64/night/149.png,1036,4.5,7.2,210,SSW,1014,29.93,0.0,0.0,0,80,19,28.3,82.9,25.7,78.2,28.1,82.5,22.0,71.5,0,10,0,0,4,2,7.0,11.2,0.0,23.0,73.5,660.0,15.5,75,27.9,77.5,85.7,4,10,0.0,0.0,0.0,0.0
Kolkata,West Bengal,India,22.5697,88.3697,Asia/Kolkata,1791360015,2026-10-07 13:30:00,1791415800,2026-10-08 05:00:00.000000213,25.7,78.2,0,Smoky haze,https://cdn.weatherapi.com/weather/64x64/night/149.png,1036,4.0,6.5,213,SSW,1014,29.95,0.0,0.0,0,80,18,28.4,83.1,25.7,78.2,28.0,82.4,22.0,71.6,0,10,0,0,4,2,5.8,9.4,0.0,23.0,73.5,592.0,16.7,73,28.6,80.1,88.2,4,10,0.0,0.0,0.0,0.0
Kolkata,West Bengal,India,22.5697,88.3697,Asia/Kolkata,1791360015,2026-10-07 13:30:00,1791459000,2026-10-08 17:00:00.000000213,29.2,84.6,0,Smoky haze,https://cdn.weatherapi.com/weather/64x64/night/149.png,1036,8.7,14.0,198,SSW,1010,29.84,0.0,0.0,0,63,61,32.0,89.6,29.2,84.6,32.2,90.0,21.6,70.8,0,9,0,0,10,6,13.0,20.9,0.0,23.8,74.8,836.0,13.6,138,17.9,58.4,64.3,3,7,0.0,0.0,0.0,0.0
Kolkata,West Bengal,India,22.5697,88.3697,Asia/Kolkata,1791360015,2026-10-07 13:30:00,1791462600,2026-10-08 18:00:00.000000000,28.5,83.2,0,Smoky haze,https://cdn.weatherapi.com/weather/64x64/night/149.png,1036,8.9,14.4,198,SSW,1011,29.86,0.0,0.0,0,68,56,31.3,88.3,28.5,83.2,31.5,88.6,21.9,71.5,0,9,0,0,10,6,14.3,23.1,0.0,23.8,74.8,941.0,17.3,115,19.5,61.5,67.8,3,8,0.0,0.0,0.0,0.0
Kolkata,West Bengal,India,22.5697,88.3697,Asia/Kolkata,1791360015,2026-10-07 13:30:00,1791466200,2026-10-08 18:59:59.999999786,28.2,82.8,0,Smoky haze,https://cdn.weatherapi.com/weather/64x64/night/149.png,1036,7.8,12.6,203,SSW,1012,29.88,0.0,0.0,0,69,23,31.0,87.8,28.2,82.8,31.2,88.2,22.0,71.7,0,7,0,0,10,6,13.0,20.9,0.0,23.8,74.8,1015.0,21.0,97,22.5,69.4,75.2,4,9,0.0,0.0,0.0,0.0
Kolkata,West Bengal,India,22.5697,88.3697,Asia/Kolkata,1791360015,2026-10-07 13:30:00,1791469800,2026-10-08 20:00:00.000000213,27.4,81.2,0,Smoky haze,https://cdn.weatherapi.com/weather/64x64/night/149.png,1036,8.3,13.3,206,SSW,1012,29.89,0.0,0.0,0,72,0,29.6,85.3,27.4,81.2,30.0,85.9,21.8,71.2,0,6,0,0,6,3,14.5,23.4,0.0,23.4,74.1,1025.0,22.8,85,24.1,76.1,82.2,4,10,0.0,0.0,0.0,0.0
Kolkata,West Bengal,India,22.5697,88.3697,Asia/Kolkata,1791360015,2026-10-07 13:30:00,1791473400,2026-10-08 21:00:00.000000000,27.1,80.8,0,Smoky haze,https://cdn.weatherapi.com/weather/64x64/night/149.png,1036,6.5,10.4,208,SSW,1012,29.89,0.0,0.0,0,72,0,29.2,84.6,27.1,80.8,29.5,85.2,21.5,70.7,0,6,0,0,5,3,11.4,18.4,0.0,23.1,73.6,932.0,21.2,78,22.4,84.8,90.6,4,10,0.0,0.0,0.0,0.0
Kolkata,West Bengal,India,22.5697,88.3697,Asia/Kolkata,1791360015,2026-10-07 13:30:00,1791480600,2026-10-08 23:00:00.000000213,26.3,79.4,0,Smoky haze,https://cdn.weatherapi.com/weather/64x64/night/149.png,1036,5.4,8.6,243,WSW,1012,29.88,0.0,0.0,0,74,4,28.3,82.9,26.3,79.4,28.6,83.4,21.4,70.5,0,7,0,0,6,3,9.4,15.1,0.0,22.8,73.1,640.0,14.6,77,16.5,65.2,69.6,3,9,0.0,0.0,0.0,0.0
Kolkata,West Bengal,India,22.5697,88.3697,Asia/Kolkata,1791360015,2026-10-07 13:30:00,1791484200,2026-10-09 00:00:00.000000000,26.2,79.1,0,Partly Cloudy,https://cdn.weatherapi.com/weather/64x64/night/116.png,1003,4.3,6.8,242,WSW,1011,29.87,0.0,0.0,0,76,59,28.4,83.1,26.2,79.1,28.5,83.2,21.5,70.7,0,13,0,0,10,6,7.2,11.6,0.0,22.9,73.2,555.0,12.7,78,14.7,57.4,61.0,3,7,0.0,0.0,0.0,0.0
Kolkata,West Bengal,India,22.5697,88.3697,Asia/Kolkata,1791360015,2026-10-07 13:30:00,1791487800,2026-10-09 00:59:59.999999786,26.5,79.7,0,Smoky haze,https://cdn.weatherapi.com/weather/64x64/night/149.png,1036,4.3,6.8,234,SW,1011,29.85,0.0,0.0,0,75,70,28.7,83.7,26.5,79.6,28.8,83.9,21.6,70.9,0,15,0,0,7,4,7.2,11.6,0.0,23.0,73.4,492.0,11.3,81,13.4,53.8,57.2,3,6,0.0,0.0,0.0,0.0
Kolkata,West Bengal,India,22.5697,88.3697,Asia/Kolkata,1791360015,2026-10-07 13:30:00,1791491400,2026-10-09 02:00:00.000000213,26.4,79.6,0,Smoky haze,https://cdn.weatherapi.com/weather/64x64/night/149.png,1036,4.9,7.9,234,SW,1011,29.85,0.0,0.0,0,75,60,28.6,83.5,26.4,79.6,28.8,83.8,21.7,71.0,0,13,0,0,8,4,8.1,13.0,0.0,23.0,73.5,442.0,10.6,83,12.9,52.9,55.6,3,6,0.0,0.0,0.0,0.0
Kolkata,West Bengal,India,22.5697,88.3697,Asia/Kolkata,1791360015,2026-10-07 13:30:00,1791495000,2026-10-09 03:00:00.000000000,26.3,79.4,0,Smoky haze,https://cdn.weatherapi.com/weather/64x64/night/149.png,1036,3.6,5.8,242,WSW,1011,29.84,0.0,0.0,0,76,6,28.7,83.7,26.3,79.4,28.7,83.7,21.8,71.2,0,8,0,0,7,4,6.1,9.8,0.0,23.1,73.5,396.0,11.1,80,13.9,55.4,58.4,3,7,0.0,0.0,0.0,0.0
Kolkata,West Bengal,India,22.5697,88.3697,Asia/Kolkata,1791360015,2026-10-07 13:30:00,1791545400,2026-10-09 17:00:00.000000213,29.8,85.6,0,Smoky haze,https://cdn.weatherapi.com/weather/64x64/night/149.png,1036,1.8,2.9,198,SSW,1009,29.8,0.0,0.0,0,60,100,32.4,90.3,29.8,85.6,32.7,90.8,21.3,70.3,0,14,0,0,10,6,2.0,3.2,0.0,23.7,74.6,1327.0,22.3,152,25.2,51.0,54.2,3,6,0.0,0.0,0.0,0.0
Kolkata,West Bengal,India,22.5697,88.3697,Asia/Kolkata,1791360015,2026-10-07 13:30:00,1791549000,2026-10-09 18:00:00.000000000,29.6,85.2,0,Smoky haze,https://cdn.weatherapi.com/weather/64x64/night/149.png,1036,2.7,4.3,191,SSW,1010,29.82,0.0,0.0,0,61,95,32.2,90.0,29.6,85.2,32.4,90.4,21.2,70.2,0,14,0,0,10,6,2.7,4.4,0.0,23.6,74.5,1330.0,28.8,125,28.4,70.3,73.3,4,9,0.0,0.0,0.0,0.0
Kolkata,West Bengal,India,22.5697,88.3697,Asia/Kolkata,1791360015,2026-10-07 13:30:00,1791552600,2026-10-09 18:59:59.999999786,29.0,84.3,0,Smoky haze,https://cdn.weatherapi.com/weather/64x64/night/149.png,1036,5.4,8.6,197,SSW,1010,29.84,0.0,0.0,0,64,98,31.7,89.1,29.0,84.3,31.9,89.5,21.5,70.7,0,15,0,0,9,5,7.2,11.6,0.0,23.7,74.6,1217.0,35.2,95,32.6,81.3,84.1,4,10,0.0,0.0,0.0,0.0
Kolkata,West Bengal,India,22.5697,88.3697,Asia/Kolkata,1791360015,2026-10-07 13:30:00,1791556200,2026-10-09 20:00:00.000000213,28.2,82.8,0,Smoky haze,https://cdn.weatherapi.com/weather/64x64/night/149.png,1036,6.3,10.1,203,SSW,1011,29.84,0.0,0.0,0,67,81,30.7,87.3,28.2,82.8,30.9,87.6,21.5,70.8,0,13,0,0,8,4,9.0,14.4,0.0,23.5,74.2,1079.0,40.3,71,35.8,91.7,94.5,4,10,0.0,0.0,0.0,0.0
Kolkata,West Bengal,India,22.5697,88.3697,Asia/Kolkata,1791360015,2026-10-07 13:30:00,1791559800,2026-10-09 21:00:00.000000000,27.6,81.6,0,Smoky haze,https://cdn.weatherapi.com/weather/64x64/night/149.png,1036,5.6,9.0,215,SW,1011,29.86,0.0,0.0,0,69,83,29.8,85.6,27.6,81.6,30.1,86.2,21.5,70.7,0,14,0,0,7,4,8.3,13.4,0.0,23.2,73.8,923.0,43.3,57,37.2,101.0,104.1,4,10,0.0,0.0,0.0,0.0
Kolkata,West Bengal,India,22.5697,88.3697,Asia/Kolkata,1791360015,2026-10-07 13:30:00,1791563400,2026-10-09 21:59:59.999999786,27.3,81.1,0,Smoky haze,https://cdn.weatherapi.com/weather/64x64/night/149.png,1036,5.1,8.3,239,WSW,1011,29.86,0.0,0.0,0,71,83,29.4,84.9,27.3,81.1,29.8,85.6,21.6,70.8,0,15,0,0,4,2,7.2,11.6,0.0,23.2,73.8,743.0,44.9,49,37.7,108.3,111.3,4,10,0.0,0.0,0.0,0.0
Kolkata,West Bengal,India,22.5697,88.3697,Asia/Kolkata,1791360015,2026-10-07 13:30:00,1791567000,2026-10-09 23:00:00.000000213,27.1,80.8,0,Smoky haze,https://cdn.weatherapi.com/weather/64x64/night/149.png,1036,2.9,4.7,216,SW,1011,29.85,0.0,0.0,0,73,72,29.3,84.7,27.1,80.8,29.7,85.4,21.8,71.2,0,14,0,0,4,2,3.8,6.2,0.0,23.3,74.0,609.0,45.7,44,38.0,111.8,115.0,4,10,0.0,0.0,0.0,0.0
Kolkata,West Bengal,India,22.5697,88.3697,Asia/Kolkata,1791360015,2026-10-07 13:30:00,1791577800,2026-10-10 02:00:00.000000213,26.2,79.1,0,Smoky haze,https://cdn.weatherapi.com/weather/64x64/night/149.png,1036,2.5,4.0,214,SW,1010,29.81,0.0,0.0,0,76,17,28.7,83.7,26.2,79.1,28.5,83.3,21.7,71.0,0,9,0,0,3,1,2.9,4.7,0.0,23.0,73.3,557.0,44.2,46,37.9,122.0,125.7,4,10,0.0,0.0,0.0,0.0
Kolkata,West Bengal,India,22.5697,88.3697,Asia/Kolkata,1791360015,2026-10-07 13:30:00,1791585000,2026-10-10 03:59:59.999999786,25.5,77.9,0,Smoky haze,https://cdn.weatherapi.com/weather/64x64/night/149.png,1036,2.2,3.6,272,W,1010,29.83,0.0,0.0,0,79,5,28.7,83.7,25.5,77.9,27.7,81.9,21.6,70.9,0,9,0,0,3,1,2.5,4.0,0.0,22.7,72.9,634.0,43.0,23,33.8,135.5,138.8,4,10,0.0,0.0,0.0,0.0
Kolkata,West Bengal,India,22.5697,88.3697,Asia/Kolkata,1791360015,2026-10-07 13:30:00,1791588600,2026-10-10 05:00:00.000000213,25.4,77.6,0,Smoky haze,https://cdn.weatherapi.com/weather/64x64/night/149.png,1036,2.2,3.6,280,W,1011,29.85,0.0,0.0,0,80,5,28.7,83.7,25.4,77.6,27.6,81.6,21.6,70.9,0,9,0,0,2,1,2.3,3.6,0.0,22.7,72.9,671.0,39.6,28,33.0,139.2,142.5,4,10,0.0,0.0,0.0,0.0
Kolkata,West Bengal,India,22.5697,88.3697,Asia/Kolkata,1791360015,2026-10-07 13:30:00,1791631800,2026-10-10 17:00:00.000000213,30.2,86.4,0,Smoky haze,https://cdn.weatherapi.com/weather/64x64/night/149.png,1036,2.2,3.6,333,NNW,1009,29.81,0.0,0.0,0,55,94,32.2,90.0,30.3,86.5,32.6,90.7,20.1,68.2,0,12,0,0,10,6,3.2,5.1,0.0,23.1,73.6,1422.0,22.9,159,28.3,59.6,60.5,3,8,0.0,0.0,0.0,0.0
Kolkata,West Bengal,India,22.5697,88.3697,Asia/Kolkata,1791360015,2026-10-07 13:30:00,1791635400,2026-10-10 18:00:00.000000000,30.0,86.0,0,Smoky haze,https://cdn.weatherapi.com/weather/64x64/night/149.png,1036,2.5,4.0,314,NW,1010,29.82,0.0,0.0,0,56,100,32.0,89.6,30.0,86.0,32.4,90.3,20.2,68.4,0,13,0,0,9,5,3.8,6.2,0.0,23.1,73.6,1329.0,29.5,136,32.4,77.5,78.5,4,10,0.0,0.0,0.0,0.0
Kolkata,West Bengal,India,22.5697,88.3697,Asia/Kolkata,1791360015,2026-10-07 13:30:00,1791639000,2026-10-10 18:59:59.999999786,29.5,85.2,0,Smoky haze,https://cdn.weatherapi.com/weather/64x64/night/149.png,1036,4.3,6.8,322,NW,1011,29.84,0.0,0.0,0,59,100,31.7,89.1,29.5,85.2,32.0,89.6,20.6,69.0,0,14,0,0,8,4,6.0,9.7,0.0,23.2,73.8,1099.0,35.9,119,38.9,93.4,94.1,4,10,0.0,0.0,0.0,0.0
Kolkata,West Bengal,India,22.5697,88.3697,Asia/Kolkata,1791360015,2026-10-07 13:30:00,1791642600,2026-10-10 20:00:00.000000213,29.2,84.5,0,Overcast,https://cdn.weatherapi.com/weather/64x64/night/122.png,1009,5.4,8.6,341,NNW,1011,29.86,0.0,0.0,0,62,100,31.6,88.9,29.2,84.5,31.8,89.3,21.0,69.8,0,15,0,0,7,4,7.8,12.6,0.0,23.4,74.1,922.0,39.9,104,42.8,104.1,104.8,4,10,0.0,0.0,0.0,0.0
Kolkata,West Bengal,India,22.5697,88.3697,Asia/Kolkata,1791360015,2026-10-07 13:30:00,1791646200,2026-10-10 21:00:00.000000000,28.9,84.1,0,Overcast,https://cdn.weatherapi.com/weather/64x64/night/122.png,1009,4.9,7.9,0,N,1011,29.87,0.0,0.0,0,63,100,31.4,88.5,28.9,84.1,31.6,89.0,21.2,70.2,0,15,0,0,6,4,7.7,12.3,0.0,23.5,74.2,887.0,39.7,90,41.8,108.5,109.2,4,10,0.0,0.0,0.0,0.0
Kolkata,West Bengal,India,22.5697,88.3697,Asia/Kolkata,1791360015,2026-10-07 13:30:00,1791649800,2026-10-10 21:59:59.999999786,28.7,83.7,0,Smoky haze,https://cdn.weatherapi.com/weather/64x64/night/149.png,1036,4.7,7.6,17,NNE,1011,29.87,0.0,0.0,0,64,100,31.1,88.0,28.7,83.7,31.3,88.4,21.1,70.0,0,15,0,0,7,4,7.4,12.0,0.0,23.3,74.0,905.0,37.0,79,38.2,108.3,108.7,4,10,0.0,0.0,0.0,0.0
Kolkata,West Bengal,India,22.5697,88.3697,Asia/Kolkata,1791360015,2026-10-07 13:30:00,1791653400,2026-10-10 23:00:00.000000213,28.5,83.4,0,Smoky haze,https://cdn.weatherapi.com/weather/64x64/night/149.png,1036,4.7,7.6,24,NNE,1011,29.86,0.0,0.0,0,64,100,30.8,87.4,28.5,83.4,31.1,87.9,21.1,69.9,0,15,0,0,7,4,7.2,11.6,0.0,23.2,73.8,903.0,34.1,69,34.4,103.1,103.8,4,10,0.0,0.0,0.0,0.0
Kolkata,West Bengal,India,22.5697,88.3697,Asia/Kolkata,1791360015,2026-10-07 13:30:00,1791657000,2026-10-11 00:00:00.000000000,28.4,83.0,0,Overcast,https://cdn.weatherapi.com/weather/64x64/night/122.png,1009,4.3,6.8,25,NNE,1011,29.85,0.0,0.0,0,64,100,30.6,87.1,28.4,83.0,30.8,87.5,21.0,69.8,0,15,0,0,10,6,6.1,9.8,0.0,23.1,73.7,845.0,31.5,60,30.8,99.4,99.9,4,10,0.0,0.0,0.0,0.0
Kolkata,West Bengal,India,22.5697,88.3697,Asia/Kolkata,1791360015,2026-10-07 13:30:00,1791660600,2026-10-11 00:59:59.999999786,28.3,82.9,0,Smoky haze,https://cdn.weatherapi.com/weather/64x64/night/149.png,1036,3.6,5.8,15,NNE,1011,29.84,0.0,0.0,0,64,100,30.4,86.7,28.3,82.9,30.6,87.2,20.9,69.6,0,15,0,0,8,4,4.9,8.0,0.0,23.1,73.5,766.0,28.6,53,26.9,94.8,95.2,4,10,0.0,0.0,0.0,0.0
Kolkata,West Bengal,India,22.5697,88.3697,Asia/Kolkata,1791360015,2026-10-07 13:30:00,1791664200,2026-10-11 02:00:00.000000213,28.3,82.9,0,Smoky haze,https://cdn.weatherapi.com/weather/64x64/night/149.png,1036,3.8,6.1,354,N,1010,29.84,0.0,0.0,0,64,96,30.4,86.7,28.3,82.9,30.7,87.2,20.9,69.6,0,15,0,0,8,4,4.7,7.6,0.0,23.0,73.5,706.0,26.3,48,23.7,88.9,89.4,4,10,0.0,0.0,0.0,0.0
Kolkata,West Bengal,India,22.5697,88.3697,Asia/Kolkata,1791360015,2026-10-07 13:30:00,1791667800,2026-10-11 03:00:00.000000000,28.0,82.4,0,Smoky haze,https://cdn.weatherapi.com/weather/64x64/night/149.png,1036,4.7,7.6,345,NNW,1010,29.83,0.0,0.0,0,64,94,30.0,86.0,28.0,82.4,30.2,86.4,20.7,69.2,0,14,0,0,8,5,6.1,9.8,0.0,22.8,73.1,679.0,25.3,41,21.5,83.8,84.3,4,10,0.0,0.0,0.0,0.0
Kolkata,West Bengal,India,22.5697,88.3697,Asia/Kolkata,1791360015,2026-10-07 13:30:00,1791671400,2026-10-11 03:59:59.999999786,27.7,81.8,0,Smoky haze,https://cdn.weatherapi.com/weather/64x64/night/149.png,1036,4.9,7.9,358,N,1011,29.85,0.0,0.0,0,65,60,29.5,85.1,27.7,81.8,29.8,85.6,20.5,68.9,0,9,0,0,9,5,6.8,10.9,0.0,22.6,72.7,669.0,24.9,35,19.9,79.6,80.1,4,10,0.0,0.0,0.0,0.0
Kolkata,West Bengal,India,22.5697,88.3697,Asia/Kolkata,1791360015,2026-10-07 13:30:00,1791675000,2026-10-11 05:00:00.000000213,27.2,81.0,0,Smoky haze,https://cdn.weatherapi.com/weather/64x64/night/149.png,1036,4.5,7.2,18,NNE,1012,29.87,0.0,0.0,0,67,54,28.9,84.0,27.2,81.0,29.2,84.6,20.5,69.0,0,9,0,0,9,5,6.7,10.8,0.0,22.5,72.5,700.0,23.3,41,18.9,75.7,76.1,4,10,0.0,0.0,0.0,0.0
Kolkata,West Bengal,India,22.5697,88.3697,Asia/Kolkata,1791360015,2026-10-07 13:30:00,1791718200,2026-10-11 17:00:00.000000213,30.5,86.9,0,Overcast,https://cdn.weatherapi.com/weather/64x64/night/122.png,1009,4.9,7.9,334,NNW,1011,29.84,0.0,0.0,0,53,95,32.3,90.1,30.5,86.9,32.7,90.9,19.8,67.6,0,11,0,0,10,6,8.5,13.7,0.0,23.0,73.4,575.0,17.2,130,21.1,47.8,48.4,3,5,0.0,0.0,0.0,0.0
Kolkata,West Bengal,India,22.5697,88.3697,Asia/Kolkata,1791360015,2026-10-07 13:30:00,1791721800,2026-10-11 18:00:00.000000000,29.9,85.9,0,Overcast,https://cdn.weatherapi.com/weather/64x64/night/122.png,1009,6.3,10.1,343,NNW,1011,29.86,0.0,0.0,0,55,100,31.7,89.1,29.9,85.9,32.1,89.7,19.8,67.6,0,13,0,0,10,6,9.9,15.9,0.0,22.8,73.1,,,,,,,,,0.0,0.0,0.0,0.0
Kolkata,West Bengal,India,22.5697,88.3697,Asia/Kolkata,1791360015,2026-10-07 13:30:00,1791725400,2026-10-11 18:59:59.999999786,29.5,85.1,0,Overcast,https://cdn.weatherapi.com/weather/64x64/night/122.png,1009,6.9,11.2,10,N,1012,29.88,0.0,0.0,0,56,100,31.2,88.2,29.5,85.1,31.6,88.8,19.8,67.7,0,13,0,0,10,6,11.4,18.4,0.0,22.7,72.9,,,,,,,,,0.0,0.0,0.0,0.0
Kolkata,West Bengal,India,22.5697,88.3697,Asia/Kolkata,1791360015,2026-10-07 13:30:00,1791729000,2026-10-11 20:00:00.000000213,29.3,84.7,0,Cloudy,https://cdn.weatherapi.com/weather/64x64/night/119.png,1006,6.3,10.1,3,N,1012,29.89,0.0,0.0,0,57,80,31.0,87.8,29.3,84.7,31.4,88.4,20.0,67.9,0,10,0,0,10,6,10.6,17.0,0.0,22.7,72.9,,,,,,,,,0.0,0.0,0.0,0.0
Kolkata,West Bengal,India,22.5697,88.3697,Asia/Kolkata,1791360015,2026-10-07 13:30:00,1791732600,2026-10-11 21:00:00.000000000,28.8,83.8,0,Clear,https://cdn.weatherapi.com/weather/64x64/night/113.png,1000,6.3,10.1,332,NNW,1013,29.9,0.0,0.0,0,58,8,30.5,86.9,28.8,83.8,30.8,87.4,19.9,67.7,0,3,0,0,10,6,9.4,15.2,0.0,22.5,72.6,,,,,,,,,0.0,0.0,0.0,0.0
Kolkata,West Bengal,India,22.5697,88.3697,Asia/Kolkata,1791360015,2026-10-07 13:30:00,1791736200,2026-10-11 21:59:59.999999786,27.8,82.1,0,Clear,https://cdn.weatherapi.com/weather/64x64/night/113.png,1000,5.6,9.0,326,NNW,1013,29.91,0.0,0.0,0,61,0,29.3,84.7,27.8,82.1,29.6,85.3,19.7,67.4,0,3,0,0,10,6,7.8,12.6,0.0,22.2,71.9,,,,,,,,,0.0,0.0,0.0,0.0
Kolkata,West Bengal,India,22.5697,88.3697,Asia/Kolkata,1791360015,2026-10-07 13:30:00,1791739800,2026-10-11 23:00:00.000000213,27.6,81.6,0,Clear,https://cdn.weatherapi.com/weather/64x64/night/113.png,1000,4.3,6.8,332,NNW,1013,29.9,0.0,0.0,0,61,0,28.9,84.0,27.6,81.6,29.2,84.6,19.4,66.9,0,3,0,0,10,6,6.1,9.8,0.0,21.9,71.5,,,,,,,,,0.0,0.0,0.0,0.0
Kolkata,West Bengal,India,22.5697,88.3697,Asia/Kolkata,1791360015,2026-10-07 13:30:00,1791743400,2026-10-12 00:00:00.000000000,27.4,81.3,0,Clear,https://cdn.weatherapi.com/weather/64x64/night/113.png,1000,3.4,5.4,340,NNW,1012,29.9,0.0,0.0,0,60,0,28.6,83.5,27.4,81.3,28.9,84.0,19.0,66.2,0,3,0,0,10,6,4.0,6.5,0.0,21.6,70.9,,,,,,,,,0.0,0.0,0.0,0.0
Kolkata,West Bengal,India,22.5697,88.3697,Asia/Kolkata,1791360015,2026-10-07 13:30:00,1791747000,2026-10-12 00:59:59.999999786,27.1,80.7,0,Clear,https://cdn.weatherapi.com/weather/64x64/night/113.png,1000,3.4,5.4,347,NNW,1012,29.89,0.0,0.0,0,60,0,28.2,82.8,27.1,80.7,28.5,83.2,18.7,65.7,0,3,0,0,10,6,3.4,5.4,0.0,21.3,70.4,,,,,,,,,0.0,0.0,0.0,0.0
Kolkata,West Bengal,India,22.5697,88.3697,Asia/Kolkata,1791360015,2026-10-07 13:30:00,1791750600,2026-10-12 02:00:00.000000213,26.7,80.0,0,Clear,https://cdn.weatherapi.com/weather/64x64/night/113.png,1000,3.4,5.4,339,NNW,1012,29.88,0.0,0.0,0,60,0,27.9,82.2,26.7,80.0,28.0,82.4,18.4,65.1,0,3,0,0,10,6,3.6,5.8,0.0,21.0,69.9,,,,,,,,,0.0,0.0,0.0,0.0
Kolkata,West Bengal,India,22.5697,88.3697,Asia/Kolkata,1791360015,2026-10-07 13:30:00,1791754200,2026-10-12 03:00:00.000000000,26.3,79.3,0,Clear,https://cdn.weatherapi.com/weather/64x64/night/113.png,1000,3.8,6.1,321,NW,1012,29.89,0.0,0.0,0,62,0,27.6,81.7,26.3,79.3,27.6,81.7,18.4,65.0,0,4,0,0,10,6,4.3,6.8,0.0,20.9,69.6,,,,,,,,,0.0,0.0,0.0,0.0
Kolkata,West Bengal,India,22.5697,88.3697,Asia/Kolkata,1791360015,2026-10-07 13:30:00,1791757800,2026-10-12 03:59:59.999999786,25.9,78.6,0,Clear,https://cdn.weatherapi.com/weather/64x64/night/113.png,1000,4.5,7.2,319,NW,1013,29.9,0.0,0.0,0,63,0,27.2,81.0,25.9,78.6,27.2,81.0,18.3,64.9,0,4,0,0,10,6,5.4,8.7,0.0,20.7,69.3,,,,,,,,,0.0,0.0,0.0,0.0
Kolkata,West Bengal,India,22.5697,88.3697,Asia/Kolkata,1791360015,2026-10-07 13:30:00,1791761400,2026-10-12 05:00:00.000000213,25.6,78.0,0,Clear,https://cdn.weatherapi.com/weather/64x64/night/113.png,1000,4.0,6.5,328,NNW,1013,29.93,0.0,0.0,0,64,0,27.1,80.8,25.6,78.0,26.9,80.5,18.4,65.0,0,4,0,0,10,6,5.2,8.4,0.0,20.7,69.2,,,,,,,,,0.0,0.0,0.0,0.0
Kolkata,West Bengal,India,22.5697,88.3697,Asia/Kolkata,1791360015,2026-10-07 13:30:00,1791804600,2026-10-12 17:00:00.000000213,30.3,86.5,0,Partly Cloudy,https://cdn.weatherapi.com/weather/64x64/night/116.png,1003,8.5,13.7,319,NW,1012,29.87,0.0,0.0,0,54,35,32.2,90.0,30.3,86.5,32.6,90.6,20.0,68.0,0,4,0,0,10,6,13.9,22.4,0.0,23.1,73.5,,,,,,,,,0.0,0.0,0.0,0.0
Kolkata,West Bengal,India,22.5697,88.3697,Asia/Kolkata,1791360015,2026-10-07 13:30:00,1791808200,2026-10-12 18:00:00.000000000,29.8,85.6,0,Clear,https://cdn.weatherapi.com/weather/64x64/night/113.png,1000,7.2,11.5,321,NW,1012,29.89,0.0,0.0,0,54,24,31.5,88.7,29.8,85.6,31.9,89.4,19.7,67.5,0,4,0,0,10,6,11.4,18.4,0.0,22.7,72.9,,,,,,,,,0.0,0.0,0.0,0.0
Kolkata,West Bengal,India,22.5697,88.3697,Asia/Kolkata,1791360015,2026-10-07 13:30:00,1791811800,2026-10-12 18:59:59.999999786,29.4,84.9,0,Partly Cloudy,https://cdn.weatherapi.com/weather/64x64/night/116.png,1003,5.8,9.4,323,NW,1013,29.91,0.0,0.0,0,55,12,30.9,87.6,29.4,84.9,31.3,88.3,19.4,66.9,0,3,0,0,10,6,8.7,14.0,0.0,22.4,72.3,,,,,,,,,0.0,0.0,0.0,0.0
Kolkata,West Bengal,India,22.5697,88.3697,Asia/Kolkata,1791360015,2026-10-07 13:30:00,1791815400,2026-10-12 20:00:00.000000213,29.0,84.2,0,Clear,https://cdn.weatherapi.com/weather/64x64/night/113.png,1000,4.5,7.2,325,NW,1013,29.92,0.0,0.0,0,55,0,30.3,86.5,29.0,84.2,30.7,87.2,19.1,66.3,0,2,0,0,10,6,6.1,9.8,0.0,22.1,71.9,,,,,,,,,0.0,0.0,0.0,0.0
Kolkata,West Bengal,India,22.5697,88.3697,Asia/Kolkata,1791360015,2026-10-07 13:30:00,1791819000,2026-10-12 21:00:00.000000000,28.6,83.5,0,Clear,https://cdn.weatherapi.com/weather/64x64/night/113.png,1000,3.8,6.1,324,NW,1013,29.92,0.0,0.0,0,56,0,29.8,85.6,28.6,83.5,30.2,86.4,18.9,66.0,0,3,0,0,10,6,4.9,7.9,0.0,21.9,71.5,,,,,,,,,0.0,0.0,0.0,0.0
Kolkata,West Bengal,India,22.5697,88.3697,Asia/Kolkata,1791360015,2026-10-07 13:30:00,1791822600,2026-10-12 21:59:59.999999786,28.3,82.9,0,Clear,https://cdn.weatherapi.com/weather/64x64/night/113.png,1000,2.9,4.7,322,NW,1013,29.92,0.0,0.0,0,56,0,29.5,85.1,28.3,82.9,29.7,85.5,18.8,65.8,0,3,0,0,10,6,3.8,6.1,0.0,21.8,71.2,,,,,,,,,0.0,0.0,0.0,0.0
Kolkata,West Bengal,India,22.5697,88.3697,Asia/Kolkata,1791360015,2026-10-07 13:30:00,1791826200,2026-10-12 23:00:00.000000213,27.9,82.2,0,Clear,https://cdn.weatherapi.com/weather/64x64/night/113.png,1000,2.2,3.6,320,NW,1013,29.91,0.0,0.0,0,57,0,29.0,84.2,27.9,82.2,29.3,84.7,18.7,65.6,0,3,0,0,10,6,2.6,4.1,0.0,21.6,70.8,,,,,,,,,0.0,0.0,0.0,0.0
Kolkata,West Bengal,India,22.5697,88.3697,Asia/Kolkata,1791360015,2026-10-07 13:30:00,1791829800,2026-10-13 00:00:00.000000000,27.5,81.5,0,Clear,https://cdn.weatherapi.com/weather/64x64/night/113.png,1000,2.2,3.6,323,NW,1013,29.9,0.0,0.0,0,58,3,28.6,83.5,27.5,81.5,28.9,84.0,18.6,65.5,0,3,0,0,10,6,2.5,4.0,0.0,21.4,70.6,,,,,,,,,0.0,0.0,0.0,0.0
Kolkata,West Bengal,India,22.5697,88.3697,Asia/Kolkata,1791360015,2026-10-07 13:30:00,1791833400,2026-10-13 00:59:59.999999786,27.1,80.8,0,Clear,https://cdn.weatherapi.com/weather/64x64/night/113.png,1000,2.0,3.2,325,NW,1012,29.89,0.0,0.0,0,60,6,28.2,82.8,27.1,80.8,28.4,83.1,18.6,65.5,0,4,0,0,10,6,2.5,4.0,0.0,21.3,70.3,,,,,,,,,0.0,0.0,0.0,0.0
Kolkata,West Bengal,India,22.5697,88.3697,Asia/Kolkata,1791360015,2026-10-07 13:30:00,1791837000,2026-10-13 02:00:00.000000213,26.7,80.0,0,Clear,https://cdn.weatherapi.com/weather/64x64/night/113.png,1000,2.0,3.2,327,NNW,1012,29.88,0.0,0.0,0,61,10,28.0,82.4,26.7,80.0,28.0,82.4,18.5,65.4,0,4,0,0,10,6,2.3,3.7,0.0,21.1,70.0,,,,,,,,,0.0,0.0,0.0,0.0
Kolkata,West Bengal,India,22.5697,88.3697,Asia/Kolkata,1791360015,2026-10-07 13:30:00,1791840600,2026-10-13 03:00:00.000000000,26.3,79.3,0,Clear,https://cdn.weatherapi.com/weather/64x64/night/113.png,1000,2.5,4.0,219,SW,1012,29.89,0.0,0.0,0,62,6,27.8,82.0,26.3,79.3,27.7,81.9,18.5,65.3,0,4,0,0,10,6,2.9,4.7,0.0,21.0,69.8,,,,,,,,,0.0,0.0,0.0,0.0
Kolkata,West Bengal,India,22.5697,88.3697,Asia/Kolkata,1791360015,2026-10-07 13:30:00,1791844200,2026-10-13 03:59:59.999999786,25.9,78.6,0,Clear,https://cdn.weatherapi.com/weather/64x64/night/113.png,1000,3.1,5.0,111,ESE,1013,29.9,0.0,0.0,0,64,3,27.5,81.5,25.9,78.6,27.3,81.1,18.5,65.3,0,4,0,0,10,6,3.6,5.8,0.0,20.9,69.6,,,,,,,,,0.0,0.0,0.0,0.0
Kolkata,West Bengal,India,22.5697,88.3697,Asia/Kolkata,1791360015,2026-10-07 13:30:00,1791847800,2026-10-13 05:00:00.000000213,25.5,77.9,0,Clear,https://cdn.weatherapi.com/weather/64x64/night/113.png,1000,3.6,5.8,3,N,1013,29.91,0.0,0.0,0,65,0,27.2,81.0,25.5,77.9,26.9,80.5,18.5,65.3,0,4,0,0,10,6,4.3,6.9,0.0,20.8,69.4,,,,,,,,,0.0,0.0,0.0,0.0
Kolkata,West Bengal,India,22.5697,88.3697,Asia/Kolkata,1791360015,2026-10-07 13:30:00,1791891000,2026-10-13 17:00:00.000000213,31.1,88.0,0,Overcast,https://cdn.weatherapi.com/weather/64x64/night/122.png,1009,0.4,0.7,324,NW,1011,29.86,0.0,0.0,0,49,92,32.6,90.7,31.1,88.0,33.2,91.7,19.2,66.6,0,10,0,0,10,6,3.2,5.1,0.0,22.8,73.1,,,,,,,,,0.0,0.0,0.0,0.0
Kolkata,West Bengal,India,22.5697,88.3697,Asia/Kolkata,1791360015,2026-10-07 13:30:00,1791894600,2026-10-13 18:00:00.000000000,30.4,86.7,0,Cloudy,https://cdn.weatherapi.com/weather/64x64/night/119.png,1006,1.3,2.2,322,NW,1012,29.88,0.0,0.0,0,52,88,31.9,89.4,30.4,86.7,32.3,90.1,19.3,66.7,0,10,0,0,10,6,3.6,5.8,0.0,22.7,72.8,,,,,,,,,0.0,0.0,0.0,0.0
Kolkata,West Bengal,India,22.5697,88.3697,Asia/Kolkata,1791360015,2026-10-07 13:30:00,1791898200,2026-10-13 18:59:59.999999786,29.7,85.5,0,Overcast,https://cdn.weatherapi.com/weather/64x64/night/122.png,1009,2.2,3.6,320,NW,1013,29.9,0.0,0.0,0,54,85,31.2,88.2,29.7,85.5,31.5,88.7,19.3,66.7,0,10,0,0,10,6,4.0,6.5,0.0,22.5,72.5,,,,,,,,,0.0,0.0,0.0,0.0
Kolkata,West Bengal,India,22.5697,88.3697,Asia/Kolkata,1791360015,2026-10-07 13:30:00,1791901800,2026-10-13 20:00:00.000000213,29.0,84.1,0,Cloudy,https://cdn.weatherapi.com/weather/64x64/night/119.png,1006,3.1,5.0,318,NW,1013,29.92,0.0,0.0,0,56,81,30.4,86.7,29.0,84.1,30.7,87.3,19.3,66.8,0,10,0,0,10,6,4.5,7.2,0.0,22.3,72.1,,,,,,,,,0.0,0.0,0.0,0.0
Kolkata,West Bengal,India,22.5697,88.3697,Asia/Kolkata,1791360015,2026-10-07 13:30:00,1791905400,2026-10-13 21:00:00.000000000,28.6,83.5,0,Overcast,https://cdn.weatherapi.com/weather/64x64/night/122.png,1009,3.4,5.4,215,SW,1013,29.92,0.0,0.0,0,57,87,30.0,86.0,28.6,83.5,30.3,86.5,19.3,66.7,0,11,0,0,10,6,4.5,7.2,0.0,22.1,71.8,,,,,,,,,0.0,0.0,0.0,0.0
Kolkata,West Bengal,India,22.5697,88.3697,Asia/Kolkata,1791360015,2026-10-07 13:30:00,1791909000,2026-10-13 21:59:59.999999786,28.3,82.9,0,Cloudy,https://cdn.weatherapi.com/weather/64x64/night/119.png,1006,3.6,5.8,112,ESE,1013,29.91,0.0,0.0,0,58,94,29.6,85.3,28.3,82.9,30.0,86.0,19.2,66.6,0,12,0,0,10,6,4.7,7.6,0.0,22.0,71.6,,,,,,,,,0.0,0.0,0.0,0.0
Kolkata,West Bengal,India,22.5697,88.3697,Asia/Kolkata,1791360015,2026-10-07 13:30:00,1791912600,2026-10-13 23:00:00.000000213,28.0,82.4,0,Overcast,https://cdn.weatherapi.com/weather/64x64/night/122.png,1009,3.8,6.1,8,N,1013,29.91,0.0,0.0,0,59,100,29.3,84.7,28.0,82.4,29.6,85.3,19.2,66.5,0,14,0,0,10,6,4.7,7.6,0.0,21.9,71.4,,,,,,,,,0.0,0.0,0.0,0.0
Bangalore,Karnataka,India,12.9833,77.5833,Asia/Kolkata,1791360015,2026-10-07 13:30:00,1791390600,2026-10-07 21:59:59.999999786,23.5,74.4,0,Light drizzle,https://cdn.weatherapi.com/weather/64x64/night/266.png,1153,5.4,8.6,108,ESE,1017,30.03,0.19,0.01,0,69,96,24.5,76.1,23.5,74.4,25.3,77.6,17.6,63.7,0,35,0,0,2,1,9.5,15.3,0.0,19.6,67.2,1060.0,40.3,45,10.1,28.2,30.6,2,3,0.0,0.0,0.0,0.0
Bangalore,Karnataka,India,12.9833,77.5833,Asia/Kolkata,1791360015,2026-10-07 13:30:00,1791401400,2026-10-08 00:59:59.999999786,22.0,71.6,0,Patchy rain nearby,https://cdn.weatherapi.com/weather/64x64/night/176.png,1063,6.9,11.2,92,E,1015,29.99,0.03,0.0,0,80,62,22.8,73.0,22.0,71.5,24.5,76.1,18.3,65.0,0,18,0,0,10,6,11.2,18.0,0.0,19.5,67.1,325.0,18.7,48,6.6,17.5,19.6,2,2,0.0,0.0,0.0,0.0
Bangalore,Karnataka,India,12.9833,77.5833,Asia/Kolkata,1791360015,2026-10-07 13:30:00,1791405000,2026-10-08 02:00:00.000000213,21.2,70.2,0,Patchy rain nearby,https://cdn.weatherapi.com/weather/64x64/night/176.png,1063,7.8,12.6,98,E,1015,29.98,0.19,0.01,0,86,84,22.0,71.6,21.2,70.2,24.2,75.6,18.9,66.0,0,39,0,0,9,5,14.8,23.8,0.0,19.6,67.3,325.0,14.5,45,6.0,15.6,17.7,2,2,0.0,0.0,0.0,0.0
Bangalore,Karnataka,India,12.9833,77.5833,Asia/Kolkata,1791360015,2026-10-07 13:30:00,1791408600,2026-10-08 03:00:00.000000000,21.0,69.8,0,Patchy rain nearby,https://cdn.weatherapi.com/weather/64x64/night/176.png,1063,7.6,12.2,100,E,1015,29.97,0.02,0.0,0,88,77,21.8,71.2,21.0,69.8,21.0,69.8,18.9,66.1,0,25,0,0,10,6,14.3,23.1,0.0,19.6,67.3,300.0,12.4,41,5.9,14.1,16.4,1,2,0.0,0.0,0.0,0.0
Bangalore,Karnataka,India,12.9833,77.5833,Asia/Kolkata,1791360015,2026-10-07 13:30:00,1791412200,2026-10-08 03:59:59.999999786,21.0,69.9,0,Light rain shower,https://cdn.weatherapi.com/weather/64x64/night/353.png,1240,7.4,11.9,103,ESE,1015,29.99,0.26,0.01,0,88,68,22.0,71.6,21.0,69.9,24.2,75.5,19.1,66.3,0,39,0,0,10,6,13.7,22.0,0.0,19.7,67.5,301.0,11.7,37,6.1,13.0,15.2,1,2,0.0,0.0,0.0,0.0
Bangalore,Karnataka,India,12.9833,77.5833,Asia/Kolkata,1791360015,2026-10-07 13:30:00,1791415800,2026-10-08 05:00:00.000000213,21.1,69.9,0,Light rain shower,https://cdn.weatherapi.com/weather/64x64/night/353.png,1240,6.9,11.2,102,ESE,1016,30.01,0.18,0.01,0,88,54,22.2,72.0,21.1,69.9,24.2,75.5,19.0,66.2,0,31,0,0,10,6,12.1,19.4,0.0,19.7,67.4,343.0,11.6,36,6.4,12.1,14.3,1,2,0.0,0.0,0.0,0.0
Bangalore,Karnataka,India,12.9833,77.5833,Asia/Kolkata,1791360015,2026-10-07 13:30:00,1791477000,2026-10-08 21:59:59.999999786,24.4,76.0,0,Patchy rain nearby,https://cdn.weatherapi.com/weather/64x64/night/176.png,1063,3.6,5.8,100,E,1016,29.99,0.02,0.0,0,64,99,25.8,78.4,24.5,76.0,25.9,78.6,17.3,63.1,0,17,0,0,10,6,4.5,7.2,0.0,19.7,67.4,2673.0,29.1,39,7.5,15.5,16.2,2,2,0.0,0.0,0.0,0.0
Bangalore,Karnataka,India,12.9833,77.5833,Asia/Kolkata,1791360015,2026-10-07 13:30:00,1791660600,2026-10-11 00:59:59.999999786,22.1,71.8,0,Patchy rain nearby,https://cdn.weatherapi.com/weather/64x64/night/176.png,1063,7.4,11.9,109,ESE,1013,29.91,0.07,0.0,0,74,71,22.3,72.1,22.1,71.8,24.6,76.3,17.2,63.0,0,20,0,0,10,6,15.0,24.2,0.0,18.9,66.0,406.0,14.5,83,10.2,25.4,29.0,2,3,0.0,0.0,0.0,0.0
Bangalore,Karnataka,India,12.9833,77.5833,Asia/Kolkata,1791360015,2026-10-07 13:30:00,1791664200,2026-10-11 02:00:00.000000213,21.6,70.8,0,Patchy rain nearby,https://cdn.weatherapi.com/weather/64x64/night/176.png,1063,6.9,11.2,101,ESE,1012,29.9,0.09,0.0,0,78,83,22.1,71.8,21.6,70.8,24.4,75.9,17.7,63.8,0,27,0,0,10,6,13.9,22.4,0.0,19.0,66.1,328.0,12.2,85,11.0,25.8,29.5,2,3,0.0,0.0,0.0,0.0
Bangalore,Karnataka,India,12.9833,77.5833,Asia/Kolkata,1791360015,2026-10-07 13:30:00,1791667800,2026-10-11 03:00:00.000000000,21.3,70.4,0,Patchy rain nearby,https://cdn.weatherapi.com/weather/64x64/night/176.png,1063,6.3,10.1,99,E,1013,29.9,0.14,0.01,0,81,70,22.1,71.8,21.3,70.4,24.3,75.7,17.9,64.2,0,28,0,0,10,6,11.7,18.8,0.0,19.0,66.3,332.0,12.5,82,12.1,28.6,32.4,2,3,0.0,0.0,0.0,0.0
Bangalore,Karnataka,India,12.9833,77.5833,Asia/Kolkata,1791360015,2026-10-07 13:30:00,1791671400,2026-10-11 03:59:59.999999786,21.2,70.2,0,Patchy rain nearby,https://cdn.weatherapi.com/weather/64x64/night/176.png,1063,5.6,9.0,91,E,1013,29.91,0.04,0.0,0,80,64,22.1,71.8,21.2,70.2,24.3,75.7,17.6,63.7,0,20,0,0,10,6,8.3,13.4,0.0,18.8,65.9,385.0,14.6,76,13.4,31.9,36.0,2,3,0.0,0.0,0.0,0.0
Kolkata,West Bengal,India,22.5697,88.3697,Asia/Kolkata,1791360015,2026-10-07 13:30:00,1791322200,2026-10-07 03:00:00.000000000,26.2,79.1,0,Patchy rain nearby,https://cdn.weatherapi.com/weather/64x64/night/176.png,1063,2.7,4.3,221,SW,1013,29.91,0.26,0.01,0,75,86,28.6,83.5,26.2,79.1,28.4,83.1,21.4,70.6,0,34,0,0,9,5,3.8,6.2,0.0,22.8,73.1,801.0,14.5,52,17.7,75.7,89.9,4,10,0.0,0.0,0.0,0.0
Kolkata,West Bengal,India,22.5697,88.3697,Asia/Kolkata,1791360015,2026-10-07 13:30:00,1791325800,2026-10-07 03:59:59.999999786,25.9,78.6,0,Patchy rain nearby,https://cdn.weatherapi.com/weather/64x64/night/176.png,1063,2.0,3.2,236,SW,1013,29.93,0.14,0.01,0,76,85,28.6,83.5,25.9,78.6,28.0,82.5,21.4,70.4,0,28,0,0,10,6,2.2,3.6,0.0,22.7,72.8,854.0,15.7,47,17.5,73.8,88.2,4,10,0.0,0.0,0.0,0.0
Kolkata,West Bengal,India,22.5697,88.3697,Asia/Kolkata,1791360015,2026-10-07 13:30:00,1791477000,2026-10-08 21:59:59.999999786,26.7,80.0,0,Patchy rain nearby,https://cdn.weatherapi.com/weather/64x64/night/176.png,1063,6.9,11.2,221,SW,1012,29.89,0.06,0.0,0,72,87,28.6,83.5,26.7,80.0,29.0,84.1,21.3,70.4,0,21,0,0,10,6,12.8,20.6,0.0,22.9,73.2,776.0,17.7,77,19.2,84.1,89.6,4,10,0.0,0.0,0.0,0.0
Kolkata,West Bengal,India,22.5697,88.3697,Asia/Kolkata,1791360015,2026-10-07 13:30:00,1791498600,2026-10-09 03:59:59.999999786,25.7,78.2,0,Patchy rain nearby,https://cdn.weatherapi.com/weather/64x64/night/176.png,1063,3.6,5.8,236,WSW,1011,29.85,5.27,0.21,0,79,74,28.4,83.1,25.7,78.2,27.9,82.3,21.7,71.1,1,78,0,0,9,5,5.2,8.4,0.0,22.9,73.1,365.0,12.3,77,15.7,54.9,58.2,3,7,0.0,0.0,0.0,0.0
Kolkata,West Bengal,India,22.5697,88.3697,Asia/Kolkata,1791360015,2026-10-07 13:30:00,1791502200,2026-10-09 05:00:00.000000213,25.5,78.0,0,Patchy rain nearby,https://cdn.weatherapi.com/weather/64x64/night/176.png,1063,3.8,6.1,217,SW,1012,29.88,0.09,0.0,0,80,86,28.4,83.1,25.5,78.0,27.8,82.1,21.9,71.3,0,29,0,0,10,6,4.0,6.5,0.0,22.9,73.3,372.0,12.8,78,17.3,53.8,57.2,3,6,0.0,0.0,0.0,0.0
Kolkata,West Bengal,India,22.5697,88.3697,Asia/Kolkata,1791360015,2026-10-07 13:30:00,1791570600,2026-10-10 00:00:00.000000000,26.8,80.3,0,Patchy rain nearby,https://cdn.weatherapi.com/weather/64x64/night/176.png,1063,2.5,4.0,201,SSW,1010,29.83,0.09,0.0,0,74,55,29.0,84.2,26.8,80.3,29.3,84.7,21.7,71.1,0,18,0,0,10,6,2.7,4.4,0.0,23.2,73.7,555.0,45.8,43,38.3,115.3,119.0,4,10,0.0,0.0,0.0,0.0
Kolkata,West Bengal,India,22.5697,88.3697,Asia/Kolkata,1791360015,2026-10-07 13:30:00,1791574200,2026-10-10 00:59:59.999999786,26.2,79.2,0,Patchy rain nearby,https://cdn.weatherapi.com/weather/64x64/night/176.png,1063,2.9,4.7,206,SSW,1010,29.82,0.16,0.01,0,76,84,28.7,83.7,26.3,79.3,28.6,83.5,21.7,71.0,0,29,0,0,9,5,3.4,5.5,0.0,23.0,73.4,547.0,45.2,46,38.4,117.1,120.6,4,10,0.0,0.0,0.0,0.0
Kolkata,West Bengal,India,22.5697,88.3697,Asia/Kolkata,1791360015,2026-10-07 13:30:00,1791581400,2026-10-10 03:00:00.000000000,25.8,78.4,0,Patchy rain nearby,https://cdn.weatherapi.com/weather/64x64/night/176.png,1063,2.5,4.0,251,WSW,1009,29.81,2.45,0.1,0,78,87,28.6,83.5,25.8,78.4,28.0,82.4,21.6,70.9,1,72,0,0,9,5,2.7,4.3,0.0,22.8,73.0,586.0,43.8,36,36.1,129.5,133.2,4,10,0.0,0.0,0.0,0.0
New Delhi,Delhi,India,28.6,77.2,Asia/Kolkata,1791360015,2026-10-07 13:30:00,1791333000,2026-10-07 06:00:00.000000000,26.1,79.0,1,Sunny,https://cdn.weatherapi.com/weather/64x64/day/113.png,1000,5.1,8.3,141,SE,1015,29.97,0.0,0.0,0,60,0,27.1,80.8,26.1,79.0,27.3,81.1,17.7,63.8,0,3,0,0,7,4,7.4,11.9,0.0,20.4,68.8,578.0,25.1,61,30.2,74.7,166.2,4,10,0.72,0.72,0.0,0.0
New Delhi,Delhi,India,28.6,77.2,Asia/Kolkata,1791360015,2026-10-07 13:30:00,1791419400,2026-10-08 06:00:00.000000000,29.7,85.5,1,Overcast,https://cdn.weatherapi.com/weather/64x64/day/122.png,1009,6.9,11.2,286,WNW,1013,29.92,0.0,0.0,0,27,100,27.3,81.1,29.7,85.5,28.3,82.9,8.7,47.6,0,9,0,0,10,6,14.1,22.7,0.0,17.2,62.9,677.0,29.7,50,33.0,61.0,98.7,3,8,0.32,0.32,0.0,0.0
New Delhi,Delhi,India,28.6,77.2,Asia/Kolkata,1791360015,2026-10-07 13:30:00,1791505800,2026-10-09 06:00:00.000000000,27.7,81.8,1,Sunny,https://cdn.weatherapi.com/weather/64x64/day/113.png,1000,3.8,6.1,238,WSW,1011,29.84,0.0,0.0,0,30,0,26.1,79.0,27.7,81.8,26.7,80.0,8.5,47.2,0,0,0,0,7,4,10.3,16.6,0.0,16.4,61.5,762.0,35.9,63,38.4,89.4,130.9,4,10,0.58,0.58,0.0,0.0
New Delhi,Delhi,India,28.6,77.2,Asia/Kolkata,1791360015,2026-10-07 13:30:00,1791592200,2026-10-10 06:00:00.000000000,25.8,78.5,1,Partly Cloudy,https://cdn.weatherapi.com/weather/64x64/day/116.png,1003,4.0,6.5,122,ESE,1010,29.84,0.0,0.0,0,55,38,26.6,79.9,25.8,78.5,26.7,80.1,16.0,60.9,0,5,0,0,10,6,15.2,24.5,0.0,19.4,66.9,505.0,24.5,53,26.5,48.4,128.5,3,6,0.5,0.5,0.0,0.0
New Delhi,Delhi,India,28.6,77.2,Asia/Kolkata,1791360015,2026-10-07 13:30:00,1791678600,2026-10-11 06:00:00.000000000,25.4,77.8,1,Sunny,https://cdn.weatherapi.com/weather/64x64/day/113.png,1000,4.0,6.5,125,SE,1013,29.91,0.0,0.0,0,67,5,27.2,81.0,25.4,77.8,26.9,80.5,18.9,66.0,0,5,0,0,10,6,4.7,7.6,0.0,21.0,69.7,510.5,22.1,60,26.5,60.3,126.2,3,8,0.4,0.4,0.0,0.0
Noida,Uttar Pradesh,India,28.57,77.32,Asia/Kolkata,1791360015,2026-10-07 13:30:00,1791333000,2026-10-07 06:00:00.000000000,26.2,79.2,1,Sandstorm,https://cdn.weatherapi.com/weather/64x64/day/137.png,1024,5.1,8.3,141,SE,1015,29.97,0.0,0.0,0,60,0,27.2,81.0,26.2,79.2,27.4,81.3,17.7,63.9,0,3,0,0,4,2,7.4,11.9,0.0,20.5,68.9,565.0,22.0,60,21.8,96.9,380.9,4,10,0.84,0.84,0.0,0.0
Noida,Uttar Pradesh,India,28.57,77.32,Asia/Kolkata,1791360015,2026-10-07 13:30:00,1791419400,2026-10-08 06:00:00.000000000,29.8,85.6,1,Overcast,https://cdn.weatherapi.com/weather/64x64/day/122.png,1009,6.9,11.2,286,WNW,1013,29.92,0.0,0.0,0,27,100,27.4,81.3,29.8,85.6,28.4,83.0,8.7,47.7,0,9,0,0,10,6,14.1,22.7,0.0,17.2,63.0,708.0,25.0,49,21.5,65.4,105.0,4,9,0.44,0.44,0.0,0.0
Noida,Uttar Pradesh,India,28.57,77.32,Asia/Kolkata,1791360015,2026-10-07 13:30:00,1791505800,2026-10-09 06:00:00.000000000,27.7,81.8,1,Sunny,https://cdn.weatherapi.com/weather/64x64/day/113.png,1000,3.8,6.1,238,WSW,1011,29.84,0.0,0.0,0,30,0,26.1,79.0,27.7,81.8,26.7,80.0,8.5,47.2,0,0,0,0,6,3,10.3,16.6,0.0,16.4,61.5,1017.0,27.6,64,23.9,92.2,156.5,4,10,0.66,0.66,0.0,0.0
Noida,Uttar Pradesh,India,28.57,77.32,Asia/Kolkata,1791360015,2026-10-07 13:30:00,1791592200,2026-10-10 06:00:00.000000000,25.9,78.6,1,Sandstorm,https://cdn.weatherapi.com/weather/64x64/day/137.png,1024,4.0,6.5,122,ESE,1010,29.84,0.0,0.0,0,55,38,26.6,79.9,25.9,78.6,26.8,80.2,16.1,61.0,0,5,0,0,4,2,10.7,17.3,0.0,19.4,67.0,515.0,22.2,54,28.3,85.7,403.3,4,10,0.56,0.56,0.0,0.0
Noida,Uttar Pradesh,India,28.57,77.32,Asia/Kolkata,1791360015,2026-10-07 13:30:00,1791678600,2026-10-11 06:00:00.000000000,25.5,77.9,1,Sunny,https://cdn.weatherapi.com/weather/64x64/day/113.png,1000,4.0,6.5,125,SE,1013,29.91,0.0,0.0,0,67,5,27.3,81.1,25.5,77.9,27.0,80.6,19.0,66.1,0,5,0,0,5,3,4.7,7.6,0.0,21.0,69.9,510.0,19.8,61,24.3,75.7,245.9,4,10,0.48,0.48,0.0,0.0
Bangalore,Karnataka,India,12.9833,77.5833,Asia/Kolkata,1791360015,2026-10-07 13:30:00,1791333000,2026-10-07 06:00:00.000000000,21.8,71.3,1,Patchy rain nearby,https://cdn.weatherapi.com/weather/64x64/day/176.png,1063,6.0,9.7,101,E,1016,29.99,0.07,0.0,0,80,74,22.9,73.2,21.8,71.3,24.5,76.0,18.3,64.9,0,25,0,0,10,6,9.6,15.5,0.0,19.5,67.0,529.0,15.3,66,14.5,42.1,44.1,3,5,2.64,2.64,0.0,0.0
Bangalore,Karnataka,India,12.9833,77.5833,Asia/Kolkata,1791360015,2026-10-07 13:30:00,1791419400,2026-10-08 06:00:00.000000000,21.1,70.0,1,Patchy rain nearby,https://cdn.weatherapi.com/weather/64x64/day/176.png,1063,6.5,10.4,107,ESE,1017,30.03,0.14,0.01,0,87,84,22.3,72.1,21.1,70.1,24.2,75.6,18.9,65.9,0,36,0,0,10,6,10.5,16.9,0.0,19.6,67.3,476.0,12.2,39,7.0,13.2,15.4,1,2,4.2,4.2,0.0,0.0
Bangalore,Karnataka,India,12.9833,77.5833,Asia/Kolkata,1791360015,2026-10-07 13:30:00,1791505800,2026-10-09 06:00:00.000000000,21.7,71.0,1,Sunny,https://cdn.weatherapi.com/weather/64x64/day/113.png,1000,1.3,2.2,156,SSE,1015,29.98,0.0,0.0,0,79,5,24.1,75.4,21.7,71.0,24.4,75.9,17.9,64.3,0,9,0,0,10,6,1.8,2.9,0.0,19.2,66.5,718.0,25.5,24,10.1,28.6,29.0,2,3,4.22,4.22,0.0,0.0
Bangalore,Karnataka,India,12.9833,77.5833,Asia/Kolkata,1791360015,2026-10-07 13:30:00,1791592200,2026-10-10 06:00:00.000000000,21.1,70.0,1,Smoky haze,https://cdn.weatherapi.com/weather/64x64/day/149.png,1036,1.8,2.9,121,ESE,1014,29.95,0.0,0.0,0,81,5,23.3,73.9,21.1,70.0,24.3,75.7,17.7,63.9,0,10,0,0,6,4,1.8,2.9,0.0,18.9,66.0,2202.0,28.7,31,15.5,52.3,54.0,3,6,4.36,4.36,0.0,0.0
Bangalore,Karnataka,India,12.9833,77.5833,Asia/Kolkata,1791360015,2026-10-07 13:30:00,1791678600,2026-10-11 06:00:00.000000000,20.7,69.3,1,Smoky haze,https://cdn.weatherapi.com/weather/64x64/day/149.png,1036,5.1,8.3,97,E,1015,29.96,0.0,0.0,0,80,77,21.6,70.9,20.7,69.3,20.7,69.3,17.2,62.9,0,19,0,0,8,5,7.4,11.9,0.0,18.4,65.1,412.0,15.7,82,15.7,42.3,46.7,3,5,4.1,4.1,0.0,0.0
New Delhi,Delhi,India,28.6,77.2,Asia/Kolkata,1791360015,2026-10-07 13:30:00,1791891000,2026-10-13 17:00:00.000000213,36.0,96.8,1,Patchy rain nearby,https://cdn.weatherapi.com/weather/64x64/day/176.png,1063,6.3,10.1,6,N,1011,29.85,0.01,0.0,0,22,96,34.3,93.7,36.0,96.8,34.8,94.6,10.8,51.4,0,9,0,0,10,6,7.2,11.6,8.0,20.1,68.2,,,,,,,,,285.62,171.01,291.15,213.07
Noida,Uttar Pradesh,India,28.57,77.32,Asia/Kolkata,1791360015,2026-10-07 13:30:00,1791891000,2026-10-13 17:00:00.000000213,36.1,96.9,1,Patchy rain nearby,https://cdn.weatherapi.com/weather/64x64/day/176.png,1063,6.3,10.1,6,N,1011,29.85,0.01,0.0,0,22,96,34.4,93.9,36.1,96.9,34.9,94.8,10.8,51.5,0,9,0,0,10,6,7.2,11.6,8.0,20.1,68.3,,,,,,,,,291.81,166.19,320.24,213.39
Bangalore,Karnataka,India,12.9833,77.5833,Asia/Kolkata,1791360015,2026-10-07 13:30:00,1791336600,2026-10-07 06:59:59.999999786,22.8,73.1,1,Patchy rain nearby,https://cdn.weatherapi.com/weather/64x64/day/176.png,1063,6.3,10.1,95,E,1016,30.01,0.1,0.0,0,75,72,23.8,74.8,22.9,73.1,24.9,76.9,18.2,64.8,0,23,0,0,10,6,9.9,16.0,0.2,19.8,67.6,683.0,17.4,72,17.6,38.5,40.5,2,4,142.68,86.36,283.8,131.37
Bangalore,Karnataka,India,12.9833,77.5833,Asia/Kolkata,1791360015,2026-10-07 13:30:00,1791340200,2026-10-07 08:00:00.000000213,24.1,75.5,1,Patchy rain nearby,https://cdn.weatherapi.com/weather/64x64/day/176.png,1063,6.9,11.2,100,E,1017,30.03,0.07,0.0,0,69,82,24.8,76.6,24.2,75.5,25.8,78.4,18.0,64.4,0,19,0,0,10,6,8.9,14.4,1.3,20.0,68.1,758.0,17.6,84,18.9,31.8,33.9,2,3,166.56,68.38,494.72,147.69
Bangalore,Karnataka,India,12.9833,77.5833,Asia/Kolkata,1791360015,2026-10-07 13:30:00,1791347400,2026-10-07 09:59:59.999999786,27.7,81.9,1,Patchy rain nearby,https://cdn.weatherapi.com/weather/64x64/day/176.png,1063,5.6,9.0,87,E,1017,30.02,0.02,0.0,0,53,86,28.3,82.9,27.7,81.9,28.6,83.5,17.2,62.9,0,11,0,0,10,6,6.9,11.2,7.7,20.6,69.1,518.0,8.2,135,13.1,29.3,33.1,2,3,814.92,154.76,823.15,745.78
Bangalore,Karnataka,India,12.9833,77.5833,Asia/Kolkata,1791360015,2026-10-07 13:30:00,1791351000,2026-10-07 11:00:00.000000213,28.9,84.1,1,Patchy rain nearby,https://cdn.weatherapi.com/weather/64x64/day/176.png,1063,6.0,9.7,93,E,1016,29.99,0.05,0.0,0,47,87,29.2,84.6,28.9,84.1,29.6,85.2,16.4,61.5,0,12,0,0,10,6,6.9,11.2,10.1,20.6,69.0,392.0,4.1,156,10.0,28.1,32.0,2,3,937.14,167.61,848.91,859.07
Bangalore,Karnataka,India,12.9833,77.5833,Asia/Kolkata,1791360015,2026-10-07 13:30:00,1791423000,2026-10-08 06:59:59.999999786,22.0,71.6,1,Patchy rain nearby,https://cdn.weatherapi.com/weather/64x64/day/176.png,1063,6.0,9.7,104,ESE,1018,30.05,0.03,0.0,0,82,69,23.2,73.8,22.0,71.5,24.5,76.1,18.7,65.6,0,20,0,0,10,6,8.5,13.7,0.5,19.7,67.5,651.0,13.3,46,7.7,12.4,15.1,1,2,142.92,85.96,287.67,131.04
Bangalore,Karnataka,India,12.9833,77.5833,Asia/Kolkata,1791360015,2026-10-07 13:30:00,1791426600,2026-10-08 08:00:00.000000213,24.0,75.1,1,Light rain shower,https://cdn.weatherapi.com/weather/64x64/day/353.png,1240,6.7,10.8,93,E,1018,30.06,0.43,0.02,0,72,66,24.9,76.8,24.0,75.1,25.7,78.2,18.5,65.4,0,36,0,0,10,6,8.3,13.3,1.9,20.3,68.5,737.0,13.3,59,8.2,13.5,16.9,1,2,383.94,132.05,579.39,350.14
Bangalore,Karnataka,India,12.9833,77.5833,Asia/Kolkata,1791360015,2026-10-07 13:30:00,1791430200,2026-10-08 09:00:00.000000000,25.4,77.7,1,Patchy rain nearby,https://cdn.weatherapi.com/weather/64x64/day/176.png,1063,7.4,11.9,105,ESE,1018,30.07,0.51,0.02,0,64,75,26.1,79.0,25.4,77.7,26.8,80.2,18.2,64.7,0,38,0,0,9,5,8.7,14.1,4.4,20.5,68.9,647.0,10.9,82,8.3,14.8,18.0,1,2,372.22,298.37,115.34,360.93
Bangalore,Karnataka,India,12.9833,77.5833,Asia/Kolkata,1791360015,2026-10-07 13:30:00,1791437400,2026-10-08 11:00:00.000000213,28.2,82.8,1,Patchy rain nearby,https://cdn.weatherapi.com/weather/64x64/day/176.png,1063,5.6,9.0,92,E,1016,30.01,0.07,0.0,0,50,77,28.8,83.8,28.2,82.8,29.1,84.3,17.0,62.5,0,17,0,0,10,6,7.4,11.9,10.4,20.7,69.2,331.0,4.6,133,7.7,20.8,25.2,2,2,934.65,167.86,847.52,855.51
Bangalore,Karnataka,India,12.9833,77.5833,Asia/Kolkata,1791360015,2026-10-07 13:30:00,1791441000,2026-10-08 12:00:00.000000000,29.2,84.5,1,Patchy rain nearby,https://cdn.weatherapi.com/weather/64x64/day/176.png,1063,4.5,7.2,65,ENE,1015,29.96,0.03,0.0,0,47,97,29.5,85.1,29.2,84.5,29.9,85.8,16.6,61.9,0,12,0,0,10,6,6.8,10.9,10.9,20.8,69.4,271.0,2.7,142,6.9,21.4,25.6,2,2,956.16,185.48,814.98,877.27
Bangalore,Karnataka,India,12.9833,77.5833,Asia/Kolkata,1791360015,2026-10-07 13:30:00,1791444600,2026-10-08 12:59:59.999999786,28.2,82.8,1,Patchy rain nearby,https://cdn.weatherapi.com/weather/64x64/day/176.png,1063,4.3,6.8,57,ENE,1013,29.92,0.05,0.0,0,50,100,28.7,83.7,28.2,82.8,29.0,84.2,16.7,62.1,0,17,0,0,10,6,5.6,9.0,8.9,20.6,69.0,253.0,1.7,143,5.9,20.9,24.7,2,2,291.4,285.05,6.9,287.85
Bangalore,Karnataka,India,12.9833,77.5833,Asia/Kolkata,1791360015,2026-10-07 13:30:00,1791448200,2026-10-08 14:00:00.000000213,27.3,81.1,1,Patchy rain nearby,https://cdn.weatherapi.com/weather/64x64/day/176.png,1063,5.1,8.3,75,ENE,1013,29.91,0.04,0.0,0,56,100,28.1,82.6,27.3,81.1,28.4,83.1,17.7,63.8,0,16,0,0,10,6,6.7,10.8,4.2,20.8,69.4,305.0,4.0,137,5.4,20.0,23.6,2,2,109.34,108.39,1.14,108.13
Bangalore,Karnataka,India,12.9833,77.5833,Asia/Kolkata,1791360015,2026-10-07 13:30:00,1791451800,2026-10-08 15:00:00.000000000,26.4,79.6,1,Patchy rain nearby,https://cdn.weatherapi.com/weather/64x64/day/176.png,1063,6.0,9.7,75,ENE,1013,29.9,0.04,0.0,0,58,100,27.3,81.1,26.5,79.6,27.5,81.6,17.4,63.4,0,16,0,0,10,6,7.9,12.7,1.5,20.4,68.7,372.0,12.6,121,5.6,19.6,22.9,2,2,88.54,87.79,1.1,87.56
Bangalore,Karnataka,India,12.9833,77.5833,Asia/Kolkata,1791360015,2026-10-07 13:30:00,1791513000,2026-10-09 08:00:00.000000213,24.7,76.5,1,Patchy rain nearby,https://cdn.weatherapi.com/weather/64x64/day/176.png,1063,1.8,2.9,177,S,1016,30.01,0.01,0.0,0,66,88,27.0,80.6,24.8,76.6,26.2,79.2,18.0,64.3,0,15,0,0,10,6,8.5,13.7,2.0,20.2,68.3,1155.0,24.3,53,12.6,21.7,22.6,2,2,394.56,121.28,629.67,357.13
Bangalore,Karnataka,India,12.9833,77.5833,Asia/Kolkata,1791360015,2026-10-07 13:30:00,1791520200,2026-10-09 09:59:59.999999786,28.1,82.6,1,Patchy rain nearby,https://cdn.weatherapi.com/weather/64x64/day/176.png,1063,3.8,6.1,30,NNE,1015,29.98,0.04,0.0,0,51,75,28.7,83.7,28.1,82.6,29.0,84.2,17.2,62.9,0,10,0,0,10,6,6.7,10.8,7.5,20.8,69.4,610.0,10.2,113,9.3,16.0,17.7,2,2,813.16,154.31,824.43,741.58
Bangalore,Karnataka,India,12.9833,77.5833,Asia/Kolkata,1791360015,2026-10-07 13:30:00,1791527400,2026-10-09 12:00:00.000000000,29.4,84.9,1,Patchy rain nearby,https://cdn.weatherapi.com/weather/64x64/day/176.png,1063,5.4,8.6,6,N,1013,29.9,0.08,0.0,0,43,100,29.3,84.7,29.4,84.9,29.7,85.5,15.4,59.8,0,17,0,0,10,6,6.0,9.7,6.4,20.2,68.4,286.0,1.6,143,6.4,16.2,18.5,2,2,439.44,402.01,39.67,431.53
Bangalore,Karnataka,India,12.9833,77.5833,Asia/Kolkata,1791360015,2026-10-07 13:30:00,1791595800,2026-10-10 06:59:59.999999786,22.6,72.7,1,Light drizzle,https://cdn.weatherapi.com/weather/64x64/day/266.png,1153,2.2,3.6,106,ESE,1015,29.96,0.32,0.01,0,74,78,24.6,76.3,22.6,72.7,24.8,76.7,17.7,63.8,0,40,0,0,2,1,3.0,4.8,0.5,19.3,66.8,2073.0,30.2,40,17.3,44.5,46.4,3,5,148.4,81.96,337.22,133.67
Bangalore,Karnataka,India,12.9833,77.5833,Asia/Kolkata,1791360015,2026-10-07 13:30:00,1791599400,2026-10-10 08:00:00.000000213,24.7,76.5,1,Light rain shower,https://cdn.weatherapi.com/weather/64x64/day/353.png,1240,4.7,7.6,85,E,1015,29.97,0.27,0.01,0,65,73,25.9,78.6,24.7,76.5,26.1,79.1,17.6,63.7,0,25,0,0,10,6,6.7,10.8,1.8,20.0,67.9,1828.0,28.9,56,17.7,41.2,43.4,3,4,399.12,116.35,652.74,359.46
Bangalore,Karnataka,India,12.9833,77.5833,Asia/Kolkata,1791360015,2026-10-07 13:30:00,1791603000,2026-10-10 09:00:00.000000000,26.1,79.1,1,Patchy rain nearby,https://cdn.weatherapi.com/weather/64x64/day/176.png,1063,6.7,10.8,65,ENE,1015,29.97,0.01,0.0,0,58,88,26.8,80.2,26.2,79.1,27.2,81.0,17.3,63.1,0,13,0,0,10,6,9.6,15.5,3.6,20.2,68.4,1343.0,21.8,87,15.3,26.3,29.5,2,3,629.32,136.09,772.99,570.48
Bangalore,Karnataka,India,12.9833,77.5833,Asia/Kolkata,1791360015,2026-10-07 13:30:00,1791606600,2026-10-10 09:59:59.999999786,28.0,82.4,1,Patchy rain nearby,https://cdn.weatherapi.com/weather/64x64/day/176.png,1063,8.9,14.4,55,NE,1014,29.95,0.01,0.0,0,48,70,28.2,82.8,28.0,82.4,28.5,83.3,15.8,60.4,0,7,0,0,10,6,12.1,19.5,7.8,20.0,67.9,742.0,11.9,126,11.3,23.1,27.5,2,2,821.4,149.67,842.12,747.18
Kolkata,West Bengal,India,22.5697,88.3697,Asia/Kolkata,1791360015,2026-10-07 13:30:00,1791354600,2026-10-07 12:00:00.000000000,33.8,92.9,1,Patchy rain nearby,https://cdn.weatherapi.com/weather/64x64/day/176.png,1063,5.8,9.4,158,SSE,1013,29.92,0.04,0.0,0,44,73,36.2,97.2,33.8,92.9,36.9,98.3,19.9,67.7,0,9,0,0,10,6,17.0,27.4,5.7,24.0,75.1,399.0,2.6,201,21.9,56.7,72.4,3,7,876.32,173.06,807.33,678.04
Kolkata,West Bengal,India,22.5697,88.3697,Asia/Kolkata,1791360015,2026-10-07 13:30:00,1791361800,2026-10-07 14:00:00.000000213,32.7,90.8,1,Patchy rain nearby,https://cdn.weatherapi.com/weather/64x64/day/176.png,1063,2.2,3.6,243,WSW,1012,29.88,0.08,0.0,0,47,89,34.8,94.6,32.7,90.8,35.4,95.7,19.8,67.7,0,17,0,0,10,6,3.4,5.4,1.6,23.6,74.5,483.0,3.9,205,21.8,57.9,72.4,3,7,307.74,284.01,35.0,292.21
Kolkata,West Bengal,India,22.5697,88.3697,Asia/Kolkata,1791360015,2026-10-07 13:30:00,1791365400,2026-10-07 15:00:00.000000000,32.0,89.6,1,Patchy rain nearby,https://cdn.weatherapi.com/weather/64x64/day/176.png,1063,2.7,4.3,248,WSW,1012,29.88,0.05,0.0,0,52,95,34.8,94.6,32.0,89.6,35.3,95.5,20.9,69.5,0,17,0,0,10,6,4.1,6.6,0.5,24.1,75.3,648.0,7.7,181,20.4,58.0,71.9,3,7,111.78,110.15,3.23,107.9
Kolkata,West Bengal,India,22.5697,88.3697,Asia/Kolkata,1791360015,2026-10-07 13:30:00,1791369000,2026-10-07 15:59:59.999999786,30.0,86.0,1,Light drizzle,https://cdn.weatherapi.com/weather/64x64/day/266.png,1153,6.0,9.7,199,SSW,1012,29.89,0.65,0.03,0,61,96,33.0,91.4,30.0,86.0,33.3,91.9,21.6,70.9,0,50,0,0,2,1,8.3,13.4,0.1,24.0,75.2,867.0,13.0,145,18.7,58.1,69.4,3,7,47.78,47.27,1.74,46.14
Kolkata,West Bengal,India,22.5697,88.3697,Asia/Kolkata,1791360015,2026-10-07 13:30:00,1791451800,2026-10-08 15:00:00.000000000,32.5,90.4,1,Patchy rain nearby,https://cdn.weatherapi.com/weather/64x64/day/176.png,1063,7.4,11.9,215,SW,1010,29.82,0.03,0.0,0,50,77,35.2,95.4,32.5,90.4,35.7,96.2,20.6,69.1,0,10,0,0,10,6,18.6,29.9,0.5,24.0,75.3,486.0,7.1,216,23.2,63.6,74.3,3,8,188.76,181.8,13.92,181.0
Kolkata,West Bengal,India,22.5697,88.3697,Asia/Kolkata,1791360015,2026-10-07 13:30:00,1791516600,2026-10-09 09:00:00.000000000,31.1,88.0,1,Heavy rain at times,https://cdn.weatherapi.com/weather/64x64/day/305.png,1192,2.2,3.6,188,S,1013,29.91,1.02,0.04,0,56,87,34.0,93.2,31.1,88.0,34.4,93.9,21.2,70.1,0,57,0,0,10,6,2.7,4.4,4.5,24.0,75.2,635.0,7.5,136,20.3,30.4,34.0,2,3,677.9,159.68,739.07,521.22
Kolkata,West Bengal,India,22.5697,88.3697,Asia/Kolkata,1791360015,2026-10-07 13:30:00,1791531000,2026-10-09 12:59:59.999999786,32.5,90.5,1,Patchy rain nearby,https://cdn.weatherapi.com/weather/64x64/day/176.png,1063,3.6,5.8,211,SSW,1009,29.8,0.03,0.0,0,47,100,34.6,94.3,32.5,90.5,35.2,95.3,19.8,67.6,0,13,0,0,10,6,3.6,5.8,3.4,23.5,74.4,467.0,3.0,203,23.4,36.0,39.3,2,4,541.48,360.95,226.78,478.83
Kolkata,West Bengal,India,22.5697,88.3697,Asia/Kolkata,1791360015,2026-10-07 13:30:00,1791534600,2026-10-09 14:00:00.000000213,31.7,89.0,1,Light rain shower,https://cdn.weatherapi.com/weather/64x64/day/353.png,1240,2.7,4.3,245,WSW,1009,29.79,0.32,0.01,0,53,100,34.4,93.9,31.7,89.0,34.9,94.8,20.9,69.5,0,36,0,0,10,6,2.9,4.7,2.1,24.0,75.1,533.0,4.5,206,23.6,38.1,41.6,2,4,157.84,155.4,3.64,152.36
Kolkata,West Bengal,India,22.5697,88.3697,Asia/Kolkata,1791360015,2026-10-07 13:30:00,1791538200,2026-10-09 15:00:00.000000000,31.1,88.0,1,Light drizzle,https://cdn.weatherapi.com/weather/64x64/day/266.png,1153,1.8,2.9,240,WSW,1009,29.78,0.64,0.03,0,57,100,34.3,93.7,31.1,88.0,34.6,94.3,21.5,70.8,0,49,0,0,2,1,2.5,4.0,1.0,24.2,75.6,778.0,9.1,195,23.7,39.2,42.7,2,4,54.44,54.05,0.79,52.66
Kolkata,West Bengal,India,22.5697,88.3697,Asia/Kolkata,1791360015,2026-10-07 13:30:00,1791606600,2026-10-10 09:59:59.999999786,32.4,90.2,1,Patchy rain nearby,https://cdn.weatherapi.com/weather/64x64/day/176.png,1063,2.0,3.2,33,NE,1012,29.88,0.05,0.0,0,49,77,34.9,94.8,32.4,90.2,35.4,95.8,20.4,68.7,0,11,0,0,10,6,13.2,21.2,6.1,23.9,75.0,683.0,5.2,226,39.4,49.2,52.0,3,6,811.38,166.39,793.81,620.8
New Delhi,Delhi,India,28.6,77.2,Asia/Kolkata,1791360015,2026-10-07 13:30:00,1791336600,2026-10-07 06:59:59.999999786,26.5,79.8,1,Sunny,https://cdn.weatherapi.com/weather/64x64/day/113.png,1000,5.1,8.3,141,SE,1016,29.99,0.0,0.0,0,58,0,27.5,81.5,26.6,79.8,27.7,81.8,17.7,63.8,0,3,0,0,6,3,7.2,11.7,0.3,20.6,69.0,715.0,27.4,66,32.2,76.1,170.9,4,10,71.4,64.16,49.32,63.03
New Delhi,Delhi,India,28.6,77.2,Asia/Kolkata,1791360015,2026-10-07 13:30:00,1791340200,2026-10-07 08:00:00.000000213,28.3,83.0,1,Sunny,https://cdn.weatherapi.com/weather/64x64/day/113.png,1000,4.9,7.9,155,SSE,1016,30.02,0.0,0.0,0,50,0,28.9,84.0,28.3,83.0,29.2,84.6,17.1,62.8,0,2,0,0,6,3,5.6,9.0,1.2,20.8,69.4,787.0,27.5,82,33.8,75.7,176.0,4,10,111.26,60.45,345.94,71.56
New Delhi,Delhi,India,28.6,77.2,Asia/Kolkata,1791360015,2026-10-07 13:30:00,1791343800,2026-10-07 09:00:00.000000000,30.0,86.0,1,Sunny,https://cdn.weatherapi.com/weather/64x64/day/113.png,1000,5.1,8.3,159,SSE,1017,30.02,0.0,0.0,0,44,0,30.1,86.2,30.0,86.0,30.6,87.1,16.3,61.3,0,1,0,0,6,3,16.3,26.3,3.0,20.9,69.6,729.0,23.1,121,34.8,76.1,185.3,4,10,458.86,188.89,493.37,323.85
New Delhi,Delhi,India,28.6,77.2,Asia/Kolkata,1791360015,2026-10-07 13:30:00,1791347400,2026-10-07 09:59:59.999999786,32.2,90.0,1,Sunny,https://cdn.weatherapi.com/weather/64x64/day/113.png,1000,3.1,5.0,171,S,1017,30.02,0.0,0.0,0,35,0,32.8,91.0,32.2,90.0,32.3,90.1,14.7,58.5,0,1,0,0,6,3,3.8,6.1,5.0,20.7,69.3,607.0,16.3,171,35.4,77.1,194.2,4,10,622.76,199.72,610.41,424.28
New Delhi,Delhi,India,28.6,77.2,Asia/Kolkata,1791360015,2026-10-07 13:30:00,1791351000,2026-10-07 11:00:00.000000213,34.0,93.1,1,Sunny,https://cdn.weatherapi.com/weather/64x64/day/113.png,1000,1.6,2.5,227,SW,1016,30.0,0.0,0.0,0,28,0,34.5,94.1,34.0,93.1,33.5,92.3,13.2,55.7,0,0,0,0,6,3,4.3,6.8,6.6,20.5,68.9,513.0,11.1,211,35.3,75.0,189.1,4,10,732.31,204.8,668.98,491.68
New Delhi,Delhi,India,28.6,77.2,Asia/Kolkata,1791360015,2026-10-07 13:30:00,1791354600,2026-10-07 12:00:00.000000000,35.1,95.2,1,Sunny,https://cdn.weatherapi.com/weather/64x64/day/113.png,1000,3.1,5.0,291,WNW,1015,29.96,0.0,0.0,0,24,7,34.6,94.3,35.1,95.2,34.1,93.4,11.5,52.7,0,1,0,0,6,3,6.5,10.5,7.2,20.1,68.3,473.0,8.5,232,34.2,77.1,215.6,4,10,779.78,204.27,695.8,519.87
New Delhi,Delhi,India,28.6,77.2,Asia/Kolkata,1791360015,2026-10-07 13:30:00,1791358200,2026-10-07 12:59:59.999999786,36.0,96.8,1,Sunny,https://cdn.weatherapi.com/weather/64x64/day/113.png,1000,3.8,6.1,302,WNW,1013,29.92,0.0,0.0,0,21,0,34.8,94.6,36.0,96.7,34.5,94.1,10.0,49.9,0,0,0,0,6,3,8.3,13.4,6.3,19.8,67.6,461.0,7.3,243,32.4,75.7,214.2,4,10,765.26,214.1,668.81,515.27
New Delhi,Delhi,India,28.6,77.2,Asia/Kolkata,1791360015,2026-10-07 13:30:00,1791361800,2026-10-07 14:00:00.000000213,36.7,98.0,1,Sunny,https://cdn.weatherapi.com/weather/64x64/day/113.png,1000,3.8,6.1,313,NW,1012,29.89,0.0,0.0,0,19,0,35.4,95.7,36.7,98.0,35.3,95.5,9.3,48.8,0,0,0,0,6,3,9.6,15.5,4.5,19.8,67.6,495.0,8.2,243,31.1,73.1,201.2,4,10,663.38,199.97,637.34,448.12
New Delhi,Delhi,India,28.6,77.2,Asia/Kolkata,1791360015,2026-10-07 13:30:00,1791365400,2026-10-07 15:00:00.000000000,37.0,98.6,1,Sunny,https://cdn.weatherapi.com/weather/64x64/day/113.png,1000,3.6,5.8,318,NW,1012,29.87,0.0,0.0,0,19,0,35.8,96.4,37.0,98.6,35.7,96.3,9.5,49.0,0,0,0,0,6,3,10.6,17.0,2.5,19.9,67.8,619.0,12.2,231,30.8,73.3,208.6,4,10,513.06,192.54,538.4,356.3
New Delhi,Delhi,India,28.6,77.2,Asia/Kolkata,1791360015,2026-10-07 13:30:00,1791369000,2026-10-07 15:59:59.999999786,36.9,98.5,1,Sunny,https://cdn.weatherapi.com/weather/64x64/day/113.png,1000,2.7,4.3,316,NW,1011,29.86,0.0,0.0,0,19,0,36.0,96.8,36.9,98.5,35.6,96.1,9.5,49.0,0,0,0,0,6,3,9.9,15.9,0.9,19.9,67.8,787.0,18.3,209,31.0,72.6,207.2,4,10,321.34,170.37,359.65,237.94
New Delhi,Delhi,India,28.6,77.2,Asia/Kolkata,1791360015,2026-10-07 13:30:00,1791372600,2026-10-07 17:00:00.000000213,36.2,97.1,1,Sunny,https://cdn.weatherapi.com/weather/64x64/day/113.png,1000,1.6,2.5,259,W,1011,29.86,0.0,0.0,0,20,12,35.7,96.3,36.2,97.1,34.7,94.4,9.8,49.7,0,1,0,0,6,3,9.0,14.4,0.2,19.8,67.6,884.0,23.4,185,31.5,72.6,189.1,4,10,121.46,98.71,107.1,102.5
New Delhi,Delhi,India,28.6,77.2,Asia/Kolkata,1791360015,2026-10-07 13:30:00,1791423000,2026-10-08 06:59:59.999999786,29.8,85.6,1,Overcast,https://cdn.weatherapi.com/weather/64x64/day/122.png,1009,7.2,11.5,288,WNW,1014,29.93,0.0,0.0,0,25,94,27.0,80.6,29.8,85.6,28.2,82.7,7.9,46.2,0,8,0,0,10,6,14.3,23.0,0.3,16.9,62.4,835.0,32.4,58,36.6,61.7,104.3,3,8,26.04,25.73,2.13,24.55
New Delhi,Delhi,India,28.6,77.2,Asia/Kolkata,1791360015,2026-10-07 13:30:00,1791426600,2026-10-08 08:00:00.000000213,30.8,87.4,1,Partly Cloudy,https://cdn.weatherapi.com/weather/64x64/day/116.png,1003,7.6,12.2,300,WNW,1014,29.95,0.0,0.0,0,23,34,27.7,81.9,30.8,87.4,28.9,84.0,7.3,45.1,0,2,0,0,10,6,14.5,23.4,0.7,17.0,62.6,920.0,32.7,77,39.6,61.9,108.3,3,8,141.88,135.59,17.55,131.95
New Delhi,Delhi,India,28.6,77.2,Asia/Kolkata,1791360015,2026-10-07 13:30:00,1791430200,2026-10-08 09:00:00.000000000,32.5,90.5,1,Sunny,https://cdn.weatherapi.com/weather/64x64/day/113.png,1000,8.5,13.7,305,NW,1014,29.96,0.0,0.0,0,20,8,29.1,84.4,32.5,90.5,30.3,86.6,6.6,43.8,0,1,0,0,10,6,15.2,24.5,1.7,17.4,63.3,868.0,28.4,120,41.9,62.6,118.0,3,8,462.32,182.94,513.15,321.23
New Delhi,Delhi,India,28.6,77.2,Asia/Kolkata,1791360015,2026-10-07 13:30:00,1791433800,2026-10-08 09:59:59.999999786,33.9,93.1,1,Sunny,https://cdn.weatherapi.com/weather/64x64/day/113.png,1000,9.4,15.1,303,WNW,1014,29.95,0.0,0.0,0,18,0,30.2,86.4,33.9,93.1,31.9,89.4,6.6,44.0,0,0,0,0,8,5,14.8,23.8,4.5,17.9,64.2,743.0,21.6,176,43.6,64.0,127.6,3,8,626.94,192.66,629.43,421.36
New Delhi,Delhi,India,28.6,77.2,Asia/Kolkata,1791360015,2026-10-07 13:30:00,1791437400,2026-10-08 11:00:00.000000213,35.2,95.4,1,Sunny,https://cdn.weatherapi.com/weather/64x64/day/113.png,1000,9.6,15.5,304,NW,1013,29.92,0.0,0.0,0,18,0,31.6,88.9,35.2,95.4,33.5,92.2,7.1,44.8,0,0,0,0,7,4,15.2,24.5,6.3,18.5,65.3,620.0,15.7,216,42.9,66.4,155.5,4,9,737.57,196.76,688.83,488.87
New Delhi,Delhi,India,28.6,77.2,Asia/Kolkata,1791360015,2026-10-07 13:30:00,1791441000,2026-10-08 12:00:00.000000000,36.4,97.5,1,Sunny,https://cdn.weatherapi.com/weather/64x64/day/113.png,1000,9.6,15.5,310,NW,1012,29.88,0.0,0.0,0,17,0,32.9,91.2,36.4,97.5,34.9,94.8,7.7,45.9,0,0,0,0,10,6,14.1,22.8,7.0,19.1,66.4,506.0,11.5,231,38.0,62.2,142.5,3,8,781.02,199.7,706.0,516.09
New Delhi,Delhi,India,28.6,77.2,Asia/Kolkata,1791360015,2026-10-07 13:30:00,1791444600,2026-10-08 12:59:59.999999786,37.2,98.9,1,Sunny,https://cdn.weatherapi.com/weather/64x64/day/113.png,1000,9.2,14.8,313,NW,1011,29.85,0.0,0.0,0,18,0,34.0,93.2,37.2,98.9,35.9,96.7,8.8,47.8,0,0,0,0,10,6,15.7,25.2,6.2,19.7,67.5,395.0,8.2,230,30.7,59.4,138.3,3,8,754.94,199.82,692.02,500.4
New Delhi,Delhi,India,28.6,77.2,Asia/Kolkata,1791360015,2026-10-07 13:30:00,1791448200,2026-10-08 14:00:00.000000213,37.6,99.6,1,Sunny,https://cdn.weatherapi.com/weather/64x64/day/113.png,1000,9.4,15.1,306,NW,1009,29.81,0.0,0.0,0,18,0,34.6,94.3,37.6,99.6,36.5,97.6,9.6,49.2,0,0,0,0,10,6,15.7,25.2,4.4,20.1,68.2,337.0,7.3,221,24.9,56.2,129.9,3,7,661.18,197.75,641.07,443.51
New Delhi,Delhi,India,28.6,77.2,Asia/Kolkata,1791360015,2026-10-07 13:30:00,1791451800,2026-10-08 15:00:00.000000000,37.7,99.8,1,Sunny,https://cdn.weatherapi.com/weather/64x64/day/113.png,1000,10.1,16.2,290,WNW,1009,29.79,0.0,0.0,0,18,2,34.5,94.1,37.7,99.8,36.6,98.0,9.5,49.1,0,0,0,0,10,6,15.0,24.2,2.4,20.1,68.3,362.0,9.0,202,21.6,54.5,127.1,3,7,508.94,191.89,536.5,351.66
New Delhi,Delhi,India,28.6,77.2,Asia/Kolkata,1791360015,2026-10-07 13:30:00,1791455400,2026-10-08 15:59:59.999999786,37.5,99.4,1,Sunny,https://cdn.weatherapi.com/weather/64x64/day/113.png,1000,10.7,17.3,280,W,1008,29.78,0.0,0.0,0,18,7,34.0,93.2,37.5,99.4,36.3,97.4,9.2,48.6,0,1,0,0,10,6,14.4,23.1,0.9,20.0,67.9,440.0,13.1,173,19.8,55.5,139.2,3,7,316.62,169.77,353.55,233.82
New Delhi,Delhi,India,28.6,77.2,Asia/Kolkata,1791360015,2026-10-07 13:30:00,1791459000,2026-10-08 17:00:00.000000213,36.4,97.6,1,Sunny,https://cdn.weatherapi.com/weather/64x64/day/113.png,1000,9.2,14.8,272,W,1008,29.78,0.0,0.0,0,20,21,33.5,92.3,36.4,97.6,35.0,94.9,9.5,49.1,0,1,0,0,7,4,12.5,20.2,0.2,19.7,67.5,540.0,19.9,145,20.2,61.7,160.2,3,8,117.94,96.56,102.76,99.45
New Delhi,Delhi,India,28.6,77.2,Asia/Kolkata,1791360015,2026-10-07 13:30:00,1791509400,2026-10-09 06:59:59.999999786,28.5,83.3,1,Sunny,https://cdn.weatherapi.com/weather/64x64/day/113.png,1000,5.4,8.6,271,W,1011,29.87,0.0,0.0,0,25,0,26.1,79.0,28.5,83.4,27.0,80.5,6.6,43.9,0,0,0,0,7,4,12.8,20.5,0.3,16.0,60.8,915.0,36.7,77,39.0,90.8,134.1,4,10,69.66,62.45,50.65,60.95
New Delhi,Delhi,India,28.6,77.2,Asia/Kolkata,1791360015,2026-10-07 13:30:00,1791513000,2026-10-09 08:00:00.000000213,30.3,86.6,1,Sunny,https://cdn.weatherapi.com/weather/64x64/day/113.png,1000,6.9,11.2,277,W,1012,29.89,0.0,0.0,0,22,0,27.3,81.1,30.3,86.6,28.3,83.0,6.3,43.3,0,0,0,0,7,4,14.3,23.1,1.2,16.5,61.7,986.0,35.4,93,38.7,85.7,139.7,4,10,260.66,152.56,303.72,195.17
New Delhi,Delhi,India,28.6,77.2,Asia/Kolkata,1791360015,2026-10-07 13:30:00,1791516600,2026-10-09 09:00:00.000000000,31.8,89.3,1,Sunny,https://cdn.weatherapi.com/weather/64x64/day/113.png,1000,8.7,14.0,284,WNW,1012,29.9,0.0,0.0,0,22,0,28.6,83.5,31.9,89.3,29.9,85.8,7.5,45.6,0,0,0,0,7,4,14.6,23.5,3.0,17.5,63.5,876.0,29.5,111,36.5,76.1,142.5,4,10,460.54,181.81,514.61,317.81
New Delhi,Delhi,India,28.6,77.2,Asia/Kolkata,1791360015,2026-10-07 13:30:00,1791520200,2026-10-09 09:59:59.999999786,33.1,91.6,1,Sunny,https://cdn.weatherapi.com/weather/64x64/day/113.png,1000,8.9,14.4,288,WNW,1012,29.9,0.0,0.0,0,22,0,29.9,85.8,33.1,91.6,31.2,88.2,8.3,46.9,0,0,0,0,10,6,13.9,22.3,5.1,18.2,64.8,685.0,21.3,130,33.5,58.6,115.5,3,7,625.76,190.68,633.44,417.48
New Delhi,Delhi,India,28.6,77.2,Asia/Kolkata,1791360015,2026-10-07 13:30:00,1791523800,2026-10-09 11:00:00.000000213,34.4,94.0,1,Sunny,https://cdn.weatherapi.com/weather/64x64/day/113.png,1000,7.8,12.6,296,WNW,1012,29.88,0.0,0.0,0,20,0,31.7,89.1,34.4,94.0,32.6,90.7,8.6,47.5,0,0,0,0,10,6,11.6,18.7,6.7,18.8,65.8,534.0,15.1,149,31.5,48.1,74.3,3,6,735.98,194.93,692.17,484.6
New Delhi,Delhi,India,28.6,77.2,Asia/Kolkata,1791360015,2026-10-07 13:30:00,1791527400,2026-10-09 12:00:00.000000000,35.5,95.9,1,Sunny,https://cdn.weatherapi.com/weather/64x64/day/113.png,1000,6.7,10.8,300,WNW,1010,29.84,0.0,0.0,0,19,0,33.0,91.4,35.5,95.9,33.8,92.8,8.4,47.1,0,0,0,0,10,6,10.3,16.6,7.3,19.0,66.2,471.0,12.2,169,31.7,44.7,61.2,3,5,781.42,195.88,714.37,512.07
New Delhi,Delhi,India,28.6,77.2,Asia/Kolkata,1791360015,2026-10-07 13:30:00,1791531000,2026-10-09 12:59:59.999999786,36.4,97.6,1,Sunny,https://cdn.weatherapi.com/weather/64x64/day/113.png,1000,5.8,9.4,293,WNW,1009,29.8,0.0,0.0,0,17,0,34.0,93.2,36.4,97.6,35.0,94.9,7.5,45.5,0,0,0,0,10,6,11.4,18.4,6.5,19.0,66.2,448.0,11.2,188,32.9,45.4,65.2,3,5,756.82,194.33,704.73,496.56
New Delhi,Delhi,India,28.6,77.2,Asia/Kolkata,1791360015,2026-10-07 13:30:00,1791534600,2026-10-09 14:00:00.000000213,37.0,98.6,1,Sunny,https://cdn.weatherapi.com/weather/64x64/day/113.png,1000,5.6,9.0,272,W,1008,29.76,0.0,0.0,0,16,0,34.5,94.1,37.0,98.6,35.7,96.3,6.7,44.1,0,0,0,0,10,6,10.5,17.0,4.6,18.9,66.1,451.0,11.8,197,33.9,50.2,126.7,3,6,663.16,191.6,656.14,439.56
New Delhi,Delhi,India,28.6,77.2,Asia/Kolkata,1791360015,2026-10-07 13:30:00,1791538200,2026-10-09 15:00:00.000000000,37.2,99.0,1,Sunny,https://cdn.weatherapi.com/weather/64x64/day/113.png,1000,6.3,10.1,253,WSW,1007,29.74,0.0,0.0,0,15,0,34.3,93.7,37.2,99.0,36.0,96.8,5.9,42.7,0,0,0,0,8,4,10.6,17.0,2.5,18.7,65.7,489.0,14.8,190,34.1,55.4,158.8,3,7,510.92,185.42,554.86,347.78
New Delhi,Delhi,India,28.6,77.2,Asia/Kolkata,1791360015,2026-10-07 13:30:00,1791541800,2026-10-09 15:59:59.999999786,37.0,98.6,1,Sunny,https://cdn.weatherapi.com/weather/64x64/day/113.png,1000,7.8,12.6,245,WSW,1007,29.74,0.0,0.0,0,14,0,33.4,92.1,37.0,98.6,35.7,96.3,5.0,41.1,0,0,0,0,7,4,10.3,16.6,0.9,18.4,65.1,553.0,19.5,173,33.9,58.7,185.3,3,7,317.84,164.89,372.15,230.63
New Delhi,Delhi,India,28.6,77.2,Asia/Kolkata,1791360015,2026-10-07 13:30:00,1791545400,2026-10-09 17:00:00.000000213,35.9,96.5,1,Sunny,https://cdn.weatherapi.com/weather/64x64/day/113.png,1000,7.2,11.5,243,WSW,1007,29.75,0.0,0.0,0,14,0,32.4,90.3,35.9,96.5,34.2,93.6,4.5,40.0,0,0,0,0,6,4,9.6,15.5,0.2,17.8,64.1,597.0,23.0,156,33.6,59.6,195.6,3,8,117.1,94.82,109.38,97.6
New Delhi,Delhi,India,28.6,77.2,Asia/Kolkata,1791360015,2026-10-07 13:30:00,1791595800,2026-10-10 06:59:59.999999786,26.2,79.2,1,Sunny,https://cdn.weatherapi.com/weather/64x64/day/113.png,1000,3.6,5.8,124,SE,1011,29.86,0.0,0.0,0,54,0,27.0,80.6,26.2,79.2,27.1,80.7,16.1,61.0,0,2,0,0,10,6,12.5,20.2,0.3,19.6,67.2,605.0,26.3,57,30.3,50.6,140.2,3,6,66.98,60.67,45.05,58.86
New Delhi,Delhi,India,28.6,77.2,Asia/Kolkata,1791360015,2026-10-07 13:30:00,1791599400,2026-10-10 08:00:00.000000213,28.0,82.4,1,Sunny,https://cdn.weatherapi.com/weather/64x64/day/113.png,1000,2.0,3.2,130,SE,1012,29.88,0.0,0.0,0,45,0,28.1,82.6,28.0,82.4,28.3,83.0,15.1,59.3,0,1,0,0,8,4,4.0,6.5,1.2,19.6,67.3,661.0,26.2,70,33.0,52.2,162.5,3,6,254.36,154.14,283.59,191.89
New Delhi,Delhi,India,28.6,77.2,Asia/Kolkata,1791360015,2026-10-07 13:30:00,1791603000,2026-10-10 09:00:00.000000000,30.2,86.4,1,Sunny,https://cdn.weatherapi.com/weather/64x64/day/113.png,1000,2.0,3.2,210,SSW,1012,29.89,0.0,0.0,0,35,4,30.6,87.1,30.2,86.4,29.8,85.7,13.2,55.8,0,1,0,0,7,4,6.7,10.8,3.0,19.4,66.9,629.0,22.3,100,33.5,53.1,171.4,3,6,451.68,187.2,490.87,313.61
New Delhi,Delhi,India,28.6,77.2,Asia/Kolkata,1791360015,2026-10-07 13:30:00,1791606600,2026-10-10 09:59:59.999999786,32.0,89.6,1,Sunny,https://cdn.weatherapi.com/weather/64x64/day/113.png,1000,2.0,3.2,233,SW,1012,29.88,0.0,0.0,0,30,5,32.0,89.6,32.0,89.6,31.1,88.0,12.1,53.7,0,1,0,0,7,4,5.6,9.0,5.0,19.4,66.9,551.0,16.4,139,32.9,56.9,185.3,3,7,615.28,197.54,610.99,412.24
New Delhi,Delhi,India,28.6,77.2,Asia/Kolkata,1791360015,2026-10-07 13:30:00,1791610200,2026-10-10 11:00:00.000000213,33.4,92.1,1,Sunny,https://cdn.weatherapi.com/weather/64x64/day/113.png,1000,2.5,4.0,236,SW,1011,29.87,0.0,0.0,0,27,0,33.2,91.8,33.4,92.1,32.4,90.4,11.8,53.2,0,0,0,0,7,4,5.4,8.6,6.6,19.7,67.5,487.0,11.8,170,31.8,58.7,184.9,3,7,724.06,202.44,670.28,478.42
New Delhi,Delhi,India,28.6,77.2,Asia/Kolkata,1791360015,2026-10-07 13:30:00,1791613800,2026-10-10 12:00:00.000000000,34.6,94.3,1,Sunny,https://cdn.weatherapi.com/weather/64x64/day/113.png,1000,2.2,3.6,233,SW,1011,29.85,0.0,0.0,0,25,0,34.5,94.1,34.6,94.3,33.8,92.8,11.9,53.5,0,0,0,0,7,4,4.7,7.6,7.1,20.2,68.3,453.0,9.2,189,30.2,59.8,185.8,3,8,767.12,204.94,689.04,505.03
New Delhi,Delhi,India,28.6,77.2,Asia/Kolkata,1791360015,2026-10-07 13:30:00,1791617400,2026-10-10 12:59:59.999999786,35.5,95.9,1,Sunny,https://cdn.weatherapi.com/weather/64x64/day/113.png,1000,1.8,2.9,215,SW,1010,29.82,0.0,0.0,0,24,0,35.5,95.9,35.5,95.9,34.7,94.4,11.9,53.4,0,0,0,0,7,4,4.3,6.8,6.2,20.4,68.8,432.0,7.9,200,28.1,59.4,183.5,3,8,740.04,205.52,673.07,489.09
New Delhi,Delhi,India,28.6,77.2,Asia/Kolkata,1791360015,2026-10-07 13:30:00,1791621000,2026-10-10 14:00:00.000000213,35.9,96.6,1,Sunny,https://cdn.weatherapi.com/weather/64x64/day/113.png,1000,2.7,4.3,187,S,1009,29.79,0.0,0.0,0,23,0,35.6,96.1,35.9,96.6,35.0,95.0,11.7,53.1,0,0,0,0,7,4,6.1,9.8,4.5,20.5,68.8,431.0,8.5,202,26.7,57.5,177.4,3,7,646.96,202.61,621.93,432.74
New Delhi,Delhi,India,28.6,77.2,Asia/Kolkata,1791360015,2026-10-07 13:30:00,1791624600,2026-10-10 15:00:00.000000000,35.9,96.6,1,Sunny,https://cdn.weatherapi.com/weather/64x64/day/113.png,1000,3.4,5.4,172,S,1009,29.78,0.0,0.0,0,22,0,35.2,95.4,35.9,96.6,34.8,94.6,11.0,51.8,0,0,0,0,8,4,6.7,10.8,2.4,20.2,68.3,464.0,12.4,192,26.5,54.6,155.5,3,7,496.44,194.6,518.37,341.97
New Delhi,Delhi,India,28.6,77.2,Asia/Kolkata,1791360015,2026-10-07 13:30:00,1791628200,2026-10-10 15:59:59.999999786,35.7,96.3,1,Sunny,https://cdn.weatherapi.com/weather/64x64/day/113.png,1000,4.9,7.9,159,SSE,1008,29.78,0.0,0.0,0,22,0,34.4,93.9,35.7,96.3,34.4,94.0,10.5,50.8,0,0,0,0,7,4,7.9,12.6,0.9,19.9,67.8,517.0,18.3,172,26.9,56.2,166.7,3,7,305.76,169.49,335.14,225.54
New Delhi,Delhi,India,28.6,77.2,Asia/Kolkata,1791360015,2026-10-07 13:30:00,1791631800,2026-10-10 17:00:00.000000213,34.6,94.4,1,Sunny,https://cdn.weatherapi.com/weather/64x64/day/113.png,1000,7.4,11.9,146,SSE,1009,29.78,0.0,0.0,0,23,9,32.6,90.7,34.6,94.4,33.4,92.0,10.6,51.2,0,1,0,0,7,4,7.9,12.7,0.2,19.6,67.3,561.0,23.1,153,27.3,57.9,164.8,3,7,110.11,92.03,90.67,93.11
New Delhi,Delhi,India,28.6,77.2,Asia/Kolkata,1791360015,2026-10-07 13:30:00,1791682200,2026-10-11 06:59:59.999999786,26.0,78.7,1,Sunny,https://cdn.weatherapi.com/weather/64x64/day/113.png,1000,4.5,7.2,114,ESE,1014,29.93,0.0,0.0,0,65,5,27.4,81.3,26.0,78.7,27.4,81.4,18.9,66.1,0,4,0,0,10,6,4.7,7.6,0.3,21.1,70.1,536.5,22.6,66,29.3,61.0,128.5,3,8,64.64,59.01,40.87,56.97
New Delhi,Delhi,India,28.6,77.2,Asia/Kolkata,1791360015,2026-10-07 13:30:00,1791685800,2026-10-11 08:00:00.000000213,27.3,81.2,1,Sunny,https://cdn.weatherapi.com/weather/64x64/day/113.png,1000,4.0,6.5,133,SE,1014,29.95,0.0,0.0,0,58,2,28.3,82.9,27.3,81.2,28.6,83.5,18.4,65.0,0,3,0,0,10,6,13.0,20.9,1.2,21.2,70.2,557.0,21.9,81,31.5,57.6,125.3,3,7,248.46,155.25,265.68,188.71
New Delhi,Delhi,India,28.6,77.2,Asia/Kolkata,1791360015,2026-10-07 13:30:00,1791689400,2026-10-11 09:00:00.000000000,29.5,85.0,1,Sunny,https://cdn.weatherapi.com/weather/64x64/day/113.png,1000,2.5,4.0,177,S,1015,29.96,0.0,0.0,0,45,0,29.7,85.5,29.5,85.0,30.1,86.2,16.4,61.6,0,1,0,0,10,6,3.6,5.8,2.8,20.8,69.4,529.0,18.7,113,32.9,55.8,126.2,3,7,443.3,191.96,468.96,309.58
New Delhi,Delhi,India,28.6,77.2,Asia/Kolkata,1791360015,2026-10-07 13:30:00,1791693000,2026-10-11 09:59:59.999999786,31.5,88.8,1,Sunny,https://cdn.weatherapi.com/weather/64x64/day/113.png,1000,1.3,2.2,220,SW,1014,29.96,0.0,0.0,0,35,0,32.5,90.5,31.5,88.8,31.4,88.5,14.3,57.7,0,1,0,0,10,6,3.6,5.8,4.8,20.3,68.5,484.0,14.3,154,33.8,55.6,131.8,3,7,605.6,203.64,590.67,407.28
New Delhi,Delhi,India,28.6,77.2,Asia/Kolkata,1791360015,2026-10-07 13:30:00,1791696600,2026-10-11 11:00:00.000000213,33.2,91.8,1,Sunny,https://cdn.weatherapi.com/weather/64x64/day/113.png,1000,1.1,1.8,331,NNW,1014,29.94,0.0,0.0,0,29,0,33.8,92.8,33.3,91.9,32.6,90.7,12.8,55.0,0,0,0,0,10,6,3.4,5.4,6.4,20.1,68.2,443.0,10.9,183,33.7,56.3,141.6,3,7,715.16,207.29,655.55,472.97
New Delhi,Delhi,India,28.6,77.2,Asia/Kolkata,1791360015,2026-10-07 13:30:00,1791700200,2026-10-11 12:00:00.000000000,34.4,94.0,1,Sunny,https://cdn.weatherapi.com/weather/64x64/day/113.png,1000,2.0,3.2,346,NNW,1013,29.92,0.0,0.0,0,26,0,34.5,94.1,34.5,94.0,33.6,92.5,12.1,53.7,0,0,0,0,10,6,4.0,6.5,6.8,20.2,68.3,412.0,9.1,191,31.6,50.5,113.4,3,6,760.52,207.27,681.26,499.69
New Delhi,Delhi,India,28.6,77.2,Asia/Kolkata,1791360015,2026-10-07 13:30:00,1791703800,2026-10-11 12:59:59.999999786,35.2,95.4,1,Sunny,https://cdn.weatherapi.com/weather/64x64/day/113.png,1000,2.9,4.7,0,N,1012,29.9,0.0,0.0,0,24,0,34.9,94.8,35.2,95.4,34.3,93.7,11.7,53.1,0,0,0,0,10,6,5.0,8.1,6.0,20.3,68.5,385.0,8.3,188,28.5,47.3,97.1,3,5,735.8,205.44,671.24,484.12
New Delhi,Delhi,India,28.6,77.2,Asia/Kolkata,1791360015,2026-10-07 13:30:00,1791707400,2026-10-11 14:00:00.000000213,35.6,96.1,1,Sunny,https://cdn.weatherapi.com/weather/64x64/day/113.png,1000,3.4,5.4,10,N,1012,29.88,0.0,0.0,0,23,0,35.0,95.0,35.6,96.1,34.6,94.4,11.5,52.6,0,0,0,0,10,6,6.5,10.5,4.3,20.3,68.5,375.0,9.1,181,26.8,45.1,88.2,3,5,643.34,201.7,621.8,427.96
New Delhi,Delhi,India,28.6,77.2,Asia/Kolkata,1791360015,2026-10-07 13:30:00,1791711000,2026-10-11 15:00:00.000000000,35.7,96.3,1,Sunny,https://cdn.weatherapi.com/weather/64x64/day/113.png,1000,3.8,6.1,31,NNE,1011,29.87,0.0,0.0,0,23,0,34.9,94.8,35.7,96.3,34.7,94.4,11.3,52.3,0,0,0,0,10,6,7.4,11.9,2.3,20.2,68.4,393.0,12.8,169,27.8,44.8,80.6,3,5,492.5,193.78,516.85,337.48
New Delhi,Delhi,India,28.6,77.2,Asia/Kolkata,1791360015,2026-10-07 13:30:00,1791714600,2026-10-11 15:59:59.999999786,35.4,95.7,1,Sunny,https://cdn.weatherapi.com/weather/64x64/day/113.png,1000,4.0,6.5,67,ENE,1011,29.85,0.0,0.0,0,23,0,34.5,94.1,35.4,95.6,34.3,93.7,11.2,52.2,0,0,0,0,10,6,7.2,11.6,0.8,20.1,68.2,427.0,18.3,153,30.2,45.1,80.3,3,5,301.76,168.37,331.61,221.71
New Delhi,Delhi,India,28.6,77.2,Asia/Kolkata,1791360015,2026-10-07 13:30:00,1791718200,2026-10-11 17:00:00.000000213,34.5,94.0,1,Sunny,https://cdn.weatherapi.com/weather/64x64/day/113.png,1000,6.0,9.7,111,ESE,1011,29.84,0.0,0.0,0,25,0,33.2,91.8,34.5,94.0,33.6,92.4,11.9,53.3,0,0,0,0,10,6,12.8,20.5,0.2,20.1,68.1,453.0,22.2,141,32.0,47.4,83.8,3,5,106.78,89.86,86.77,90.25
New Delhi,Delhi,India,28.6,77.2,Asia/Kolkata,1791360015,2026-10-07 13:30:00,1791765000,2026-10-12 06:00:00.000000000,27.4,81.3,1,Sunny,https://cdn.weatherapi.com/weather/64x64/day/113.png,1000,3.8,6.1,145,SE,1014,29.96,0.0,0.0,0,60,0,28.6,83.5,27.4,81.3,28.9,84.0,19.0,66.2,0,3,0,0,10,6,7.4,11.9,7.0,21.6,70.9,,,,,,,,,50.88,28.36,166.18,29.57
New Delhi,Delhi,India,28.6,77.2,Asia/Kolkata,1791360015,2026-10-07 13:30:00,1791768600,2026-10-12 06:59:59.999999786,28.1,82.6,1,Sunny,https://cdn.weatherapi.com/weather/64x64/day/113.png,1000,3.4,5.4,150,SSE,1015,29.98,0.0,0.0,0,57,0,29.3,84.7,28.1,82.6,29.5,85.1,18.7,65.7,0,3,0,0,10,6,8.5,13.7,7.0,21.7,71.1,,,,,,,,,76.32,42.54,249.27,44.35
New Delhi,Delhi,India,28.6,77.2,Asia/Kolkata,1791360015,2026-10-07 13:30:00,1791772200,2026-10-12 08:00:00.000000213,28.7,83.7,1,Sunny,https://cdn.weatherapi.com/weather/64x64/day/113.png,1000,2.7,4.3,154,SSE,1016,30.01,0.0,0.0,0,54,0,29.8,85.6,28.7,83.7,30.1,86.2,18.5,65.2,0,2,0,0,10,6,9.4,15.1,7.0,21.7,71.1,,,,,,,,,101.76,56.72,332.36,59.13
New Delhi,Delhi,India,28.6,77.2,Asia/Kolkata,1791360015,2026-10-07 13:30:00,1791775800,2026-10-12 09:00:00.000000000,30.4,86.7,1,Sunny,https://cdn.weatherapi.com/weather/64x64/day/113.png,1000,2.2,3.6,213,SSW,1016,30.01,0.0,0.0,0,48,0,31.3,88.3,30.4,86.7,31.6,88.9,17.8,64.0,0,1,0,0,10,6,7.4,11.9,8.0,22.0,71.6,,,,,,,,,339.9,141.71,425.54,229.73
New Delhi,Delhi,India,28.6,77.2,Asia/Kolkata,1791360015,2026-10-07 13:30:00,1791779400,2026-10-12 09:59:59.999999786,32.0,89.6,1,Sunny,https://cdn.weatherapi.com/weather/64x64/day/113.png,1000,1.6,2.5,272,W,1016,30.0,0.0,0.0,0,42,0,32.6,90.7,32.0,89.6,33.1,91.6,17.1,62.8,0,1,0,0,10,6,5.4,8.6,8.0,22.1,71.7,,,,,,,,,458.97,184.21,472.12,315.02
New Delhi,Delhi,India,28.6,77.2,Asia/Kolkata,1791360015,2026-10-07 13:30:00,1791783000,2026-10-12 11:00:00.000000213,33.7,92.6,1,Sunny,https://cdn.weatherapi.com/weather/64x64/day/113.png,1000,1.1,1.8,331,NNW,1016,30.0,0.0,0.0,0,36,0,35.5,95.9,33.7,92.6,34.6,94.3,16.4,61.6,0,1,0,0,10,6,3.4,5.4,8.0,22.0,71.7,,,,,,,,,578.04,226.71,518.71,400.32
New Delhi,Delhi,India,28.6,77.2,Asia/Kolkata,1791360015,2026-10-07 13:30:00,1791786600,2026-10-12 12:00:00.000000000,34.4,93.9,1,Sunny,https://cdn.weatherapi.com/weather/64x64/day/113.png,1000,2.0,3.2,332,NNW,1015,29.97,0.0,0.0,0,33,0,35.7,96.3,34.4,93.9,35.1,95.2,15.8,60.4,0,1,0,0,10,6,4.7,7.6,8.0,22.0,71.5,,,,,,,,,637.96,232.02,552.3,437.24
New Delhi,Delhi,India,28.6,77.2,Asia/Kolkata,1791360015,2026-10-07 13:30:00,1791790200,2026-10-12 12:59:59.999999786,35.1,95.2,1,Sunny,https://cdn.weatherapi.com/weather/64x64/day/113.png,1000,2.9,4.7,334,NNW,1014,29.94,0.0,0.0,0,30,0,35.9,96.6,35.1,95.2,35.6,96.1,15.1,59.2,0,0,0,0,10,6,5.8,9.4,9.0,21.8,71.3,,,,,,,,,667.92,234.68,569.09,455.71
New Delhi,Delhi,India,28.6,77.2,Asia/Kolkata,1791360015,2026-10-07 13:30:00,1791793800,2026-10-12 14:00:00.000000213,35.8,96.5,1,Sunny,https://cdn.weatherapi.com/weather/64x64/day/113.png,1000,3.8,6.1,336,NNW,1013,29.91,0.0,0.0,0,28,0,36.1,97.0,35.8,96.5,36.1,96.9,14.4,58.0,0,0,0,0,10,6,7.2,11.5,9.0,21.7,71.0,,,,,,,,,697.88,237.34,585.88,474.17
New Delhi,Delhi,India,28.6,77.2,Asia/Kolkata,1791360015,2026-10-07 13:30:00,1791797400,2026-10-12 15:00:00.000000000,35.6,96.1,1,Sunny,https://cdn.weatherapi.com/weather/64x64/day/113.png,1000,2.9,4.7,250,WSW,1012,29.9,0.0,0.0,0,28,8,36.0,96.8,35.6,96.1,35.7,96.3,14.1,57.4,0,1,0,0,10,6,6.7,10.8,9.0,21.4,70.6,,,,,,,,,494.94,204.07,445.23,345.64
New Delhi,Delhi,India,28.6,77.2,Asia/Kolkata,1791360015,2026-10-07 13:30:00,1791801000,2026-10-12 15:59:59.999999786,35.4,95.7,1,Sunny,https://cdn.weatherapi.com/weather/64x64/day/113.png,1000,1.8,2.9,165,SSE,1012,29.89,0.0,0.0,0,27,16,36.1,97.0,35.4,95.7,35.3,95.5,13.8,56.8,0,1,0,0,10,6,6.5,10.4,9.0,21.2,70.2,,,,,,,,,393.48,187.44,374.9,281.37
New Delhi,Delhi,India,28.6,77.2,Asia/Kolkata,1791360015,2026-10-07 13:30:00,1791804600,2026-10-12 17:00:00.000000213,35.2,95.4,1,Sunny,https://cdn.weatherapi.com/weather/64x64/day/113.png,1000,0.9,1.4,80,E,1012,29.88,0.0,0.0,0,27,24,36.1,97.0,35.2,95.4,35.0,95.0,13.5,56.3,0,1,0,0,10,6,6.1,9.8,9.0,21.1,69.9,,,,,,,,,292.01,170.81,304.57,217.1
New Delhi,Delhi,India,28.6,77.2,Asia/Kolkata,1791360015,2026-10-07 13:30:00,1791851400,2026-10-13 06:00:00.000000000,28.8,83.8,1,Sunny,https://cdn.weatherapi.com/weather/64x64/day/113.png,1000,3.6,5.8,185,S,1013,29.91,0.0,0.0,0,46,0,29.0,84.2,28.8,83.8,29.3,84.7,16.1,61.0,0,1,0,0,10,6,4.7,7.6,7.0,20.4,68.8,,,,,,,,,50.83,27.34,176.39,27.87
New Delhi,Delhi,India,28.6,77.2,Asia/Kolkata,1791360015,2026-10-07 13:30:00,1791855000,2026-10-13 06:59:59.999999786,29.4,84.9,1,Sunny,https://cdn.weatherapi.com/weather/64x64/day/113.png,1000,3.8,6.1,192,SSW,1014,29.93,0.0,0.0,0,43,0,29.3,84.7,29.4,84.9,29.7,85.5,15.3,59.5,0,1,0,0,10,6,4.7,7.6,7.0,20.2,68.3,,,,,,,,,76.25,41.01,264.58,41.81
New Delhi,Delhi,India,28.6,77.2,Asia/Kolkata,1791360015,2026-10-07 13:30:00,1791858600,2026-10-13 08:00:00.000000213,30.0,86.1,1,Sunny,https://cdn.weatherapi.com/weather/64x64/day/113.png,1000,3.8,6.1,200,SSW,1014,29.94,0.0,0.0,0,39,0,30.3,86.5,30.0,86.1,30.0,86.0,14.5,58.0,0,1,0,0,10,6,4.5,7.2,8.0,19.9,67.8,,,,,,,,,101.66,54.68,352.78,55.74
New Delhi,Delhi,India,28.6,77.2,Asia/Kolkata,1791360015,2026-10-07 13:30:00,1791862200,2026-10-13 09:00:00.000000000,31.8,89.2,1,Sunny,https://cdn.weatherapi.com/weather/64x64/day/113.png,1000,3.4,5.4,232,SW,1014,29.94,0.0,0.0,0,34,0,32.0,89.6,31.8,89.2,31.5,88.7,13.6,56.5,0,1,0,0,10,6,4.7,7.6,8.0,20.2,68.4,,,,,,,,,341.71,137.32,444.77,226.53
New Delhi,Delhi,India,28.6,77.2,Asia/Kolkata,1791360015,2026-10-07 13:30:00,1791865800,2026-10-13 09:59:59.999999786,33.5,92.3,1,Sunny,https://cdn.weatherapi.com/weather/64x64/day/113.png,1000,3.1,5.0,263,W,1014,29.94,0.0,0.0,0,29,0,33.5,92.3,33.5,92.3,32.9,91.2,12.8,55.0,0,0,0,0,10,6,4.9,7.9,8.0,20.4,68.7,,,,,,,,,461.74,178.63,490.77,311.93
New Delhi,Delhi,India,28.6,77.2,Asia/Kolkata,1791360015,2026-10-07 13:30:00,1791869400,2026-10-13 11:00:00.000000213,35.2,95.4,1,Sunny,https://cdn.weatherapi.com/weather/64x64/day/113.png,1000,2.7,4.3,295,WNW,1014,29.94,0.0,0.0,0,24,0,35.0,95.0,35.2,95.4,34.4,93.9,11.9,53.5,0,0,0,0,10,6,5.0,8.1,9.0,20.4,68.7,,,,,,,,,581.76,219.95,536.76,397.32
New Delhi,Delhi,India,28.6,77.2,Asia/Kolkata,1791360015,2026-10-07 13:30:00,1791873000,2026-10-13 12:00:00.000000000,35.9,96.6,1,Sunny,https://cdn.weatherapi.com/weather/64x64/day/113.png,1000,3.1,5.0,308,NW,1013,29.91,0.0,0.0,0,23,0,35.5,95.9,35.9,96.6,34.9,94.8,11.6,52.9,0,0,0,0,10,6,5.6,9.0,9.0,20.5,68.8,,,,,,,,,642.36,224.12,571.87,434.07
New Delhi,Delhi,India,28.6,77.2,Asia/Kolkata,1791360015,2026-10-07 13:30:00,1791876600,2026-10-13 12:59:59.999999786,36.5,97.7,1,Sunny,https://cdn.weatherapi.com/weather/64x64/day/113.png,1000,3.8,6.1,322,NW,1012,29.88,0.0,0.0,0,22,0,35.7,96.3,36.5,97.7,35.5,95.9,11.2,52.2,0,0,0,0,10,6,6.3,10.1,9.0,20.5,68.8,,,,,,,,,672.66,226.21,589.42,452.45
New Delhi,Delhi,India,28.6,77.2,Asia/Kolkata,1791360015,2026-10-07 13:30:00,1791880200,2026-10-13 14:00:00.000000213,37.1,98.8,1,Sunny,https://cdn.weatherapi.com/weather/64x64/day/113.png,1000,4.3,6.8,335,NNW,1011,29.85,0.0,0.0,0,20,0,36.1,97.0,37.1,98.8,36.0,96.8,10.8,51.5,0,0,0,0,10,6,6.9,11.2,9.0,20.5,68.9,,,,,,,,,702.96,228.29,606.98,470.82
New Delhi,Delhi,India,28.6,77.2,Asia/Kolkata,1791360015,2026-10-07 13:30:00,1791883800,2026-10-13 15:00:00.000000000,36.7,98.1,1,Patchy rain nearby,https://cdn.weatherapi.com/weather/64x64/day/176.png,1063,4.9,7.9,226,SW,1011,29.85,0.0,0.0,0,21,32,35.4,95.7,36.7,98.1,35.6,96.1,10.8,51.4,0,2,0,0,10,6,6.9,11.2,8.0,20.3,68.6,,,,,,,,,494.29,199.65,449.07,341.95
New Delhi,Delhi,India,28.6,77.2,Asia/Kolkata,1791360015,2026-10-07 13:30:00,1791887400,2026-10-13 15:59:59.999999786,36.4,97.5,1,Sunny,https://cdn.weatherapi.com/weather/64x64/day/113.png,1000,5.6,9.0,116,ESE,1011,29.85,0.0,0.0,0,21,64,34.9,94.8,36.4,97.5,35.2,95.4,10.8,51.4,0,5,0,0,10,6,7.2,11.5,9.0,20.3,68.5,,,,,,,,,389.95,185.33,370.11,277.51
Noida,Uttar Pradesh,India,28.57,77.32,Asia/Kolkata,1791360015,2026-10-07 13:30:00,1791336600,2026-10-07 06:59:59.999999786,26.6,79.9,1,Sandstorm,https://cdn.weatherapi.com/weather/64x64/day/137.png,1024,5.1,8.3,141,SE,1016,29.99,0.0,0.0,0,58,0,27.5,81.5,26.6,79.9,27.8,82.0,17.7,63.9,0,3,0,0,3,1,7.2,11.7,0.3,20.6,69.1,683.0,24.1,66,23.6,108.0,438.7,4,10,72.92,65.27,51.39,64.26
Noida,Uttar Pradesh,India,28.57,77.32,Asia/Kolkata,1791360015,2026-10-07 13:30:00,1791340200,2026-10-07 08:00:00.000000213,28.4,83.2,1,Sandstorm,https://cdn.weatherapi.com/weather/64x64/day/137.png,1024,4.9,7.9,155,SSE,1016,30.02,0.0,0.0,0,50,0,29.0,84.2,28.4,83.2,29.3,84.8,17.2,62.9,0,2,0,0,3,2,5.6,9.0,1.3,20.9,69.5,743.0,24.0,82,24.8,102.4,420.0,4,10,112.64,61.25,345.4,72.79
Noida,Uttar Pradesh,India,28.57,77.32,Asia/Kolkata,1791360015,2026-10-07 13:30:00,1791343800,2026-10-07 09:00:00.000000000,30.1,86.2,1,Sandstorm,https://cdn.weatherapi.com/weather/64x64/day/137.png,1024,5.1,8.3,159,SSE,1017,30.02,0.0,0.0,0,44,0,30.2,86.4,30.1,86.2,30.7,87.3,16.4,61.5,0,1,0,0,3,1,16.3,26.3,3.0,20.9,69.7,684.0,19.6,119,24.9,101.5,438.7,4,10,462.08,187.66,500.08,325.4
Noida,Uttar Pradesh,India,28.57,77.32,Asia/Kolkata,1791360015,2026-10-07 13:30:00,1791347400,2026-10-07 09:59:59.999999786,32.3,90.1,1,Sandstorm,https://cdn.weatherapi.com/weather/64x64/day/137.png,1024,3.1,5.0,171,S,1017,30.02,0.0,0.0,0,35,0,32.9,91.2,32.3,90.1,32.4,90.2,14.8,58.6,0,1,0,0,3,1,3.8,6.1,5.0,20.8,69.4,566.0,13.0,168,24.5,102.0,464.7,4,10,625.9,198.12,616.14,425.84
Noida,Uttar Pradesh,India,28.57,77.32,Asia/Kolkata,1791360015,2026-10-07 13:30:00,1791351000,2026-10-07 11:00:00.000000213,34.0,93.3,1,Severe sandstorm,https://cdn.weatherapi.com/weather/64x64/day/140.png,1027,1.6,2.5,227,SW,1016,30.0,0.0,0.0,0,28,0,34.6,94.3,34.0,93.3,33.6,92.5,13.2,55.8,0,0,0,0,3,1,4.3,6.8,6.5,20.6,69.0,477.0,8.0,204,23.7,105.0,514.1,4,10,734.96,203.28,673.57,493.11
Noida,Uttar Pradesh,India,28.57,77.32,Asia/Kolkata,1791360015,2026-10-07 13:30:00,1791354600,2026-10-07 12:00:00.000000000,35.2,95.4,1,Severe sandstorm,https://cdn.weatherapi.com/weather/64x64/day/140.png,1027,3.1,5.0,291,WNW,1015,29.96,0.0,0.0,0,24,7,34.7,94.5,35.2,95.4,34.2,93.6,11.6,52.8,0,1,0,0,3,1,6.5,10.5,7.1,20.2,68.4,446.0,5.5,219,22.4,109.0,573.7,4,10,781.38,203.25,698.67,520.93
Noida,Uttar Pradesh,India,28.57,77.32,Asia/Kolkata,1791360015,2026-10-07 13:30:00,1791358200,2026-10-07 12:59:59.999999786,36.1,96.9,1,Sandstorm,https://cdn.weatherapi.com/weather/64x64/day/137.png,1024,3.8,6.1,302,WNW,1013,29.92,0.0,0.0,0,21,0,34.9,94.8,36.1,96.9,34.6,94.3,10.0,50.0,0,0,0,0,3,2,8.3,13.4,6.2,19.8,67.7,443.0,4.5,222,20.8,92.9,428.4,4,10,766.18,213.39,670.69,516.03
Noida,Uttar Pradesh,India,28.57,77.32,Asia/Kolkata,1791360015,2026-10-07 13:30:00,1791361800,2026-10-07 14:00:00.000000213,36.8,98.2,1,Sandstorm,https://cdn.weatherapi.com/weather/64x64/day/137.png,1024,3.8,6.1,313,NW,1012,29.89,0.0,0.0,0,19,0,35.5,95.9,36.8,98.2,35.4,95.7,9.4,48.9,0,0,0,0,3,2,9.6,15.5,4.4,19.8,67.7,467.0,6.3,217,19.6,90.6,424.7,4,10,662.74,199.9,637.07,448.15
Noida,Uttar Pradesh,India,28.57,77.32,Asia/Kolkata,1791360015,2026-10-07 13:30:00,1791365400,2026-10-07 15:00:00.000000000,37.1,98.8,1,Dust storm,https://cdn.weatherapi.com/weather/64x64/day/134.png,1021,3.6,5.8,318,NW,1012,29.87,0.0,0.0,0,19,0,35.9,96.6,37.1,98.8,35.8,96.5,9.5,49.1,0,0,0,0,4,2,10.6,17.0,2.4,20.0,67.9,537.0,12.7,201,19.1,81.7,343.7,4,10,513.38,191.08,542.33,356.13
Noida,Uttar Pradesh,India,28.57,77.32,Asia/Kolkata,1791360015,2026-10-07 13:30:00,1791369000,2026-10-07 15:59:59.999999786,37.0,98.6,1,Dust storm,https://cdn.weatherapi.com/weather/64x64/day/134.png,1021,2.7,4.3,316,NW,1011,29.86,0.0,0.0,0,19,0,36.1,97.0,37.0,98.6,35.7,96.3,9.5,49.1,0,0,0,0,4,2,9.9,15.9,0.9,19.9,67.9,633.0,21.9,176,19.0,76.4,300.8,4,10,321.32,169.06,363.89,237.45
Noida,Uttar Pradesh,India,28.57,77.32,Asia/Kolkata,1791360015,2026-10-07 13:30:00,1791372600,2026-10-07 17:00:00.000000213,36.3,97.3,1,Sunny,https://cdn.weatherapi.com/weather/64x64/day/113.png,1000,1.6,2.5,259,W,1011,29.86,0.0,0.0,0,20,12,35.8,96.4,36.3,97.3,34.8,94.6,9.9,49.8,0,1,0,0,5,3,9.0,14.4,0.2,19.8,67.7,699.0,29.1,153,19.7,75.0,233.8,4,10,120.92,98.0,108.7,101.88
Noida,Uttar Pradesh,India,28.57,77.32,Asia/Kolkata,1791360015,2026-10-07 13:30:00,1791423000,2026-10-08 06:59:59.999999786,29.8,85.7,1,Overcast,https://cdn.weatherapi.com/weather/64x64/day/122.png,1009,7.2,11.5,288,WNW,1014,29.93,0.0,0.0,0,25,94,27.1,80.8,29.9,85.7,28.2,82.8,8.0,46.3,0,8,0,0,10,6,14.3,23.0,0.3,17.0,62.5,877.0,25.7,58,23.6,67.3,108.5,4,9,21.92,21.7,1.47,20.7
Noida,Uttar Pradesh,India,28.57,77.32,Asia/Kolkata,1791360015,2026-10-07 13:30:00,1791426600,2026-10-08 08:00:00.000000213,30.8,87.5,1,Partly Cloudy,https://cdn.weatherapi.com/weather/64x64/day/116.png,1003,7.6,12.2,300,WNW,1014,29.95,0.0,0.0,0,23,34,27.8,82.0,30.8,87.5,28.9,84.1,7.3,45.2,0,2,0,0,10,6,14.5,23.4,0.6,17.1,62.7,968.0,24.8,77,25.2,62.6,109.0,3,8,162.5,150.3,33.87,148.79
Noida,Uttar Pradesh,India,28.57,77.32,Asia/Kolkata,1791360015,2026-10-07 13:30:00,1791430200,2026-10-08 09:00:00.000000000,32.6,90.7,1,Sunny,https://cdn.weatherapi.com/weather/64x64/day/113.png,1000,8.5,13.7,305,NW,1014,29.96,0.0,0.0,0,20,8,29.1,84.4,32.6,90.7,30.4,86.7,6.6,43.9,0,1,0,0,10,6,15.2,24.5,1.4,17.4,63.4,913.0,21.0,116,26.1,60.8,110.6,3,8,462.82,184.24,510.24,322.4
Noida,Uttar Pradesh,India,28.57,77.32,Asia/Kolkata,1791360015,2026-10-07 13:30:00,1791433800,2026-10-08 09:59:59.999999786,34.0,93.2,1,Sunny,https://cdn.weatherapi.com/weather/64x64/day/113.png,1000,9.4,15.1,303,WNW,1014,29.95,0.0,0.0,0,18,0,30.3,86.5,34.0,93.2,32.0,89.6,6.7,44.1,0,0,0,0,8,4,14.8,23.8,4.0,18.0,64.3,782.0,15.6,166,26.6,63.1,145.8,3,8,630.72,190.47,636.93,423.03
Noida,Uttar Pradesh,India,28.57,77.32,Asia/Kolkata,1791360015,2026-10-07 13:30:00,1791437400,2026-10-08 11:00:00.000000213,35.3,95.5,1,Sunny,https://cdn.weatherapi.com/weather/64x64/day/113.png,1000,9.6,15.5,304,NW,1013,29.92,0.0,0.0,0,18,0,31.6,88.9,35.3,95.5,33.6,92.4,7.2,44.9,0,0,0,0,6,3,15.2,24.5,6.2,18.6,65.4,659.0,11.3,202,26.4,73.1,223.1,4,10,741.25,194.37,695.83,490.53
Noida,Uttar Pradesh,India,28.57,77.32,Asia/Kolkata,1791360015,2026-10-07 13:30:00,1791441000,2026-10-08 12:00:00.000000000,36.5,97.6,1,Sunny,https://cdn.weatherapi.com/weather/64x64/day/113.png,1000,9.6,15.5,310,NW,1012,29.88,0.0,0.0,0,17,0,32.9,91.2,36.5,97.6,35.0,95.0,7.8,46.0,0,0,0,0,7,4,14.1,22.8,6.9,19.1,66.4,561.0,8.4,216,25.3,61.2,156.5,3,8,785.42,196.27,715.19,517.78
Noida,Uttar Pradesh,India,28.57,77.32,Asia/Kolkata,1791360015,2026-10-07 13:30:00,1791444600,2026-10-08 12:59:59.999999786,37.2,99.0,1,Sunny,https://cdn.weatherapi.com/weather/64x64/day/113.png,1000,9.2,14.8,313,NW,1011,29.85,0.0,0.0,0,18,0,34.1,93.4,37.2,99.0,36.0,96.9,8.8,47.9,0,0,0,0,10,6,15.7,25.2,6.1,19.8,67.6,472.0,6.5,217,23.6,56.8,144.8,3,7,758.02,196.95,699.54,501.51
Noida,Uttar Pradesh,India,28.57,77.32,Asia/Kolkata,1791360015,2026-10-07 13:30:00,1791448200,2026-10-08 14:00:00.000000213,37.6,99.7,1,Sunny,https://cdn.weatherapi.com/weather/64x64/day/113.png,1000,9.4,15.1,306,NW,1009,29.81,0.0,0.0,0,18,0,34.7,94.5,37.6,99.8,36.6,97.8,9.6,49.3,0,0,0,0,10,6,15.7,25.2,4.3,20.2,68.3,430.0,7.6,208,22.0,53.0,129.9,3,6,663.24,195.14,648.06,444.01
Noida,Uttar Pradesh,India,28.57,77.32,Asia/Kolkata,1791360015,2026-10-07 13:30:00,1791451800,2026-10-08 15:00:00.000000000,37.8,100.0,1,Dust storm,https://cdn.weatherapi.com/weather/64x64/day/134.png,1021,10.1,16.2,290,WNW,1009,29.79,0.0,0.0,0,18,2,34.6,94.3,37.8,100.0,36.7,98.1,9.6,49.2,0,0,0,0,5,3,15.0,24.2,2.4,20.2,68.3,459.0,12.6,188,20.2,67.1,271.0,4,9,509.72,189.99,541.96,351.54
Noida,Uttar Pradesh,India,28.57,77.32,Asia/Kolkata,1791360015,2026-10-07 13:30:00,1791455400,2026-10-08 15:59:59.999999786,37.5,99.6,1,Dust storm,https://cdn.weatherapi.com/weather/64x64/day/134.png,1021,10.7,17.3,280,W,1008,29.78,0.0,0.0,0,18,7,34.0,93.2,37.5,99.6,36.4,97.6,9.3,48.7,0,1,0,0,6,3,14.4,23.1,0.9,20.0,68.0,536.0,20.5,158,18.5,62.6,232.8,3,8,316.4,168.62,356.95,233.28
Noida,Uttar Pradesh,India,28.57,77.32,Asia/Kolkata,1791360015,2026-10-07 13:30:00,1791459000,2026-10-08 17:00:00.000000213,36.5,97.7,1,Sunny,https://cdn.weatherapi.com/weather/64x64/day/113.png,1000,9.2,14.8,272,W,1008,29.78,0.0,0.0,0,20,21,33.6,92.5,36.5,97.7,35.1,95.1,9.6,49.2,0,1,0,0,6,3,12.5,20.2,0.2,19.8,67.6,631.0,30.0,130,19.0,67.8,224.0,4,9,117.15,95.83,103.31,98.73
Noida,Uttar Pradesh,India,28.57,77.32,Asia/Kolkata,1791360015,2026-10-07 13:30:00,1791509400,2026-10-09 06:59:59.999999786,28.6,83.5,1,Sunny,https://cdn.weatherapi.com/weather/64x64/day/113.png,1000,5.4,8.6,271,W,1011,29.87,0.0,0.0,0,25,0,26.2,79.2,28.6,83.5,27.0,80.7,6.7,44.1,0,0,0,0,5,3,12.8,20.5,0.3,16.0,60.8,1105.0,28.7,76,23.8,93.4,204.0,4,10,71.26,63.6,53.09,62.2
Noida,Uttar Pradesh,India,28.57,77.32,Asia/Kolkata,1791360015,2026-10-07 13:30:00,1791513000,2026-10-09 08:00:00.000000213,30.4,86.8,1,Haze,https://cdn.weatherapi.com/weather/64x64/day/125.png,1012,6.9,11.2,277,W,1012,29.89,0.0,0.0,0,22,0,27.4,81.3,30.4,86.8,28.4,83.1,6.4,43.4,0,0,0,0,4,2,14.3,23.1,1.2,16.6,61.8,1113.0,28.2,91,23.8,94.1,277.5,4,10,263.36,152.49,309.94,196.61
Noida,Uttar Pradesh,India,28.57,77.32,Asia/Kolkata,1791360015,2026-10-07 13:30:00,1791516600,2026-10-09 09:00:00.000000000,31.9,89.5,1,Sandstorm,https://cdn.weatherapi.com/weather/64x64/day/137.png,1024,8.7,14.0,284,WNW,1012,29.9,0.0,0.0,0,22,0,28.6,83.5,31.9,89.5,30.0,85.9,7.6,45.7,0,0,0,0,4,2,14.6,23.5,3.0,17.5,63.6,943.0,23.9,113,23.4,99.2,384.6,4,10,463.28,181.01,519.66,319.25
Noida,Uttar Pradesh,India,28.57,77.32,Asia/Kolkata,1791360015,2026-10-07 13:30:00,1791520200,2026-10-09 09:59:59.999999786,33.2,91.8,1,Sandstorm,https://cdn.weatherapi.com/weather/64x64/day/137.png,1024,8.9,14.4,288,WNW,1012,29.9,0.0,0.0,0,22,0,30.0,86.0,33.2,91.8,31.3,88.4,8.3,47.0,0,0,0,0,4,2,13.9,22.3,5.0,18.3,64.9,693.0,18.0,139,23.1,93.8,390.2,4,10,629.24,188.79,640.11,419.08
Noida,Uttar Pradesh,India,28.57,77.32,Asia/Kolkata,1791360015,2026-10-07 13:30:00,1791523800,2026-10-09 11:00:00.000000213,34.5,94.1,1,Sunny,https://cdn.weatherapi.com/weather/64x64/day/113.png,1000,7.8,12.6,296,WNW,1012,29.88,0.0,0.0,0,20,0,31.8,89.2,34.5,94.1,32.7,90.8,8.7,47.6,0,0,0,0,6,4,11.6,18.7,6.6,18.8,65.9,506.0,13.2,161,22.8,66.8,182.1,4,9,739.78,192.44,699.47,486.27
Noida,Uttar Pradesh,India,28.57,77.32,Asia/Kolkata,1791360015,2026-10-07 13:30:00,1791527400,2026-10-09 12:00:00.000000000,35.6,96.0,1,Sunny,https://cdn.weatherapi.com/weather/64x64/day/113.png,1000,6.7,10.8,300,WNW,1010,29.84,0.0,0.0,0,19,0,33.1,91.6,35.6,96.0,33.9,93.0,8.4,47.2,0,0,0,0,10,6,10.3,16.6,7.3,19.1,66.3,447.0,10.5,180,22.7,48.2,88.9,3,6,784.12,193.96,719.7,513.38
Noida,Uttar Pradesh,India,28.57,77.32,Asia/Kolkata,1791360015,2026-10-07 13:30:00,1791531000,2026-10-09 12:59:59.999999786,36.5,97.7,1,Sunny,https://cdn.weatherapi.com/weather/64x64/day/113.png,1000,5.8,9.4,293,WNW,1009,29.8,0.0,0.0,0,17,0,34.1,93.4,36.5,97.7,35.1,95.1,7.6,45.6,0,0,0,0,10,6,11.4,18.4,6.4,19.1,66.3,451.0,9.0,195,22.7,43.5,70.5,3,5,759.16,192.16,710.48,497.52
Noida,Uttar Pradesh,India,28.57,77.32,Asia/Kolkata,1791360015,2026-10-07 13:30:00,1791534600,2026-10-09 14:00:00.000000213,37.1,98.8,1,Sandstorm,https://cdn.weatherapi.com/weather/64x64/day/137.png,1024,5.6,9.0,272,W,1008,29.76,0.0,0.0,0,16,0,34.6,94.3,37.1,98.8,35.8,96.5,6.8,44.2,0,0,0,0,3,2,10.5,17.0,4.6,19.0,66.1,470.0,9.1,202,22.7,81.0,439.6,4,10,664.6,189.6,661.47,439.95
Noida,Uttar Pradesh,India,28.57,77.32,Asia/Kolkata,1791360015,2026-10-07 13:30:00,1791538200,2026-10-09 15:00:00.000000000,37.3,99.1,1,Severe sandstorm,https://cdn.weatherapi.com/weather/64x64/day/140.png,1027,6.3,10.1,253,WSW,1007,29.74,0.0,0.0,0,15,0,34.4,93.9,37.3,99.1,36.1,97.0,6.0,42.8,0,0,0,0,3,1,10.6,17.0,2.5,18.8,65.8,495.0,11.6,197,22.5,98.3,573.7,4,10,511.32,183.88,559.15,347.6
Noida,Uttar Pradesh,India,28.57,77.32,Asia/Kolkata,1791360015,2026-10-07 13:30:00,1791541800,2026-10-09 15:59:59.999999786,37.1,98.7,1,Severe sandstorm,https://cdn.weatherapi.com/weather/64x64/day/140.png,1027,7.8,12.6,245,WSW,1007,29.74,0.0,0.0,0,14,0,33.5,92.3,37.1,98.7,35.8,96.5,5.1,41.2,0,0,0,0,2,1,10.3,16.6,0.9,18.4,65.2,534.0,15.7,183,22.3,109.0,655.7,4,10,317.28,163.98,374.27,230.02
Noida,Uttar Pradesh,India,28.57,77.32,Asia/Kolkata,1791360015,2026-10-07 13:30:00,1791545400,2026-10-09 17:00:00.000000213,35.9,96.7,1,Severe sandstorm,https://cdn.weatherapi.com/weather/64x64/day/140.png,1027,7.2,11.5,243,WSW,1007,29.75,0.0,0.0,0,14,0,32.5,90.5,35.9,96.7,34.3,93.8,4.5,40.1,0,0,0,0,2,1,9.6,15.5,0.2,17.9,64.1,561.0,19.1,168,22.5,121.1,733.9,4,10,116.35,94.09,110.16,96.88
Noida,Uttar Pradesh,India,28.57,77.32,Asia/Kolkata,1791360015,2026-10-07 13:30:00,1791595800,2026-10-10 06:59:59.999999786,26.3,79.3,1,Sandstorm,https://cdn.weatherapi.com/weather/64x64/day/137.png,1024,3.6,5.8,124,SE,1011,29.86,0.0,0.0,0,54,0,27.1,80.8,26.3,79.3,27.1,80.8,16.2,61.1,0,2,0,0,3,1,14.8,23.8,0.3,19.6,67.3,608.0,23.1,60,29.7,87.8,457.3,4,10,68.6,61.86,47.47,60.13
Noida,Uttar Pradesh,India,28.57,77.32,Asia/Kolkata,1791360015,2026-10-07 13:30:00,1791599400,2026-10-10 08:00:00.000000213,28.1,82.6,1,Severe sandstorm,https://cdn.weatherapi.com/weather/64x64/day/140.png,1027,2.0,3.2,130,SE,1012,29.88,0.0,0.0,0,45,0,28.2,82.8,28.1,82.6,28.4,83.2,15.2,59.4,0,1,0,0,3,1,4.0,6.5,1.2,19.7,67.4,656.0,22.3,73,29.7,99.7,568.1,4,10,256.88,154.25,288.95,193.29
Noida,Uttar Pradesh,India,28.57,77.32,Asia/Kolkata,1791360015,2026-10-07 13:30:00,1791603000,2026-10-10 09:00:00.000000000,30.3,86.6,1,Dust storm,https://cdn.weatherapi.com/weather/64x64/day/134.png,1021,2.0,3.2,210,SSW,1012,29.89,0.0,0.0,0,35,4,30.7,87.3,30.3,86.6,29.9,85.8,13.3,55.9,0,1,0,0,5,3,6.7,10.8,2.9,19.4,67.0,614.0,18.1,99,26.9,68.5,263.6,4,9,453.32,187.43,492.05,314.92
Noida,Uttar Pradesh,India,28.57,77.32,Asia/Kolkata,1791360015,2026-10-07 13:30:00,1791606600,2026-10-10 09:59:59.999999786,32.1,89.7,1,Sandstorm,https://cdn.weatherapi.com/weather/64x64/day/137.png,1024,2.0,3.2,233,SW,1012,29.88,0.0,0.0,0,30,5,32.1,89.8,32.1,89.7,31.2,88.2,12.1,53.8,0,1,0,0,4,2,5.6,9.0,5.0,19.4,67.0,526.0,12.2,133,22.7,80.1,384.6,4,10,616.04,198.23,609.99,413.4
Noida,Uttar Pradesh,India,28.57,77.32,Asia/Kolkata,1791360015,2026-10-07 13:30:00,1791610200,2026-10-10 11:00:00.000000213,33.5,92.3,1,Sandstorm,https://cdn.weatherapi.com/weather/64x64/day/137.png,1024,2.5,4.0,236,SW,1011,29.87,0.0,0.0,0,27,0,33.3,91.9,33.5,92.3,32.5,90.6,11.8,53.3,0,0,0,0,3,2,5.4,8.6,6.6,19.8,67.6,455.0,7.8,160,19.3,85.9,449.8,4,10,725.72,201.83,672.47,479.62
Noida,Uttar Pradesh,India,28.57,77.32,Asia/Kolkata,1791360015,2026-10-07 13:30:00,1791613800,2026-10-10 12:00:00.000000000,34.7,94.5,1,Sandstorm,https://cdn.weatherapi.com/weather/64x64/day/137.png,1024,2.2,3.6,233,SW,1011,29.85,0.0,0.0,0,25,0,34.6,94.3,34.7,94.5,33.9,93.0,12.0,53.6,0,0,0,0,3,1,4.7,7.6,7.0,20.2,68.4,421.0,5.7,177,17.8,87.5,466.6,4,10,769.56,203.15,693.91,506.21
Noida,Uttar Pradesh,India,28.57,77.32,Asia/Kolkata,1791360015,2026-10-07 13:30:00,1791617400,2026-10-10 12:59:59.999999786,35.6,96.0,1,Sandstorm,https://cdn.weatherapi.com/weather/64x64/day/137.png,1024,1.8,2.9,215,SW,1010,29.82,0.0,0.0,0,24,0,35.6,96.1,35.6,96.0,34.8,94.6,12.0,53.6,0,0,0,0,3,1,4.3,6.8,6.2,20.5,68.9,404.0,5.0,187,17.2,87.5,471.2,4,10,742.52,203.12,679.31,489.99
Noida,Uttar Pradesh,India,28.57,77.32,Asia/Kolkata,1791360015,2026-10-07 13:30:00,1791621000,2026-10-10 14:00:00.000000213,36.0,96.7,1,Sandstorm,https://cdn.weatherapi.com/weather/64x64/day/137.png,1024,2.7,4.3,187,S,1009,29.79,0.0,0.0,0,23,0,35.7,96.3,36.0,96.7,35.1,95.2,11.8,53.2,0,0,0,0,3,1,6.1,9.8,4.4,20.5,68.9,408.0,6.5,190,17.0,86.8,468.5,4,10,649.12,199.88,629.29,433.18
Noida,Uttar Pradesh,India,28.57,77.32,Asia/Kolkata,1791360015,2026-10-07 13:30:00,1791624600,2026-10-10 15:00:00.000000000,36.0,96.8,1,Sandstorm,https://cdn.weatherapi.com/weather/64x64/day/137.png,1024,3.4,5.4,172,S,1009,29.78,0.0,0.0,0,22,0,35.3,95.5,36.0,96.8,34.9,94.8,11.1,51.9,0,0,0,0,3,2,6.7,10.8,2.4,20.2,68.4,444.0,11.6,181,17.2,84.1,446.1,4,10,498.0,191.98,526.45,341.9
Noida,Uttar Pradesh,India,28.57,77.32,Asia/Kolkata,1791360015,2026-10-07 13:30:00,1791628200,2026-10-10 15:59:59.999999786,35.8,96.5,1,Sandstorm,https://cdn.weatherapi.com/weather/64x64/day/137.png,1024,4.9,7.9,159,SSE,1008,29.78,0.0,0.0,0,22,0,34.5,94.1,35.8,96.5,34.5,94.2,10.5,51.0,0,0,0,0,3,2,7.9,12.6,0.9,19.9,67.9,500.0,18.9,165,17.9,83.4,432.1,4,10,306.48,167.75,342.35,225.13
Noida,Uttar Pradesh,India,28.57,77.32,Asia/Kolkata,1791360015,2026-10-07 13:30:00,1791631800,2026-10-10 17:00:00.000000213,34.7,94.5,1,Sandstorm,https://cdn.weatherapi.com/weather/64x64/day/137.png,1024,7.4,11.9,146,SSE,1009,29.78,0.0,0.0,0,23,9,32.7,90.9,34.7,94.5,33.5,92.2,10.7,51.3,0,1,0,0,4,2,7.9,12.7,0.2,19.7,67.4,547.0,24.9,148,18.8,85.7,386.5,4,10,109.78,91.41,92.86,92.59
Noida,Uttar Pradesh,India,28.57,77.32,Asia/Kolkata,1791360015,2026-10-07 13:30:00,1791682200,2026-10-11 06:59:59.999999786,26.0,78.9,1,Sunny,https://cdn.weatherapi.com/weather/64x64/day/113.png,1000,4.5,7.2,114,ESE,1014,29.93,0.0,0.0,0,65,5,27.5,81.5,26.0,78.9,27.5,81.5,19.0,66.2,0,4,0,0,7,4,4.7,7.6,0.3,21.2,70.2,524.3,19.9,69,25.6,63.3,162.1,3,8,66.36,60.28,43.54,58.3
Noida,Uttar Pradesh,India,28.57,77.32,Asia/Kolkata,1791360015,2026-10-07 13:30:00,1791685800,2026-10-11 08:00:00.000000213,27.4,81.3,1,Sunny,https://cdn.weatherapi.com/weather/64x64/day/113.png,1000,4.0,6.5,133,SE,1014,29.95,0.0,0.0,0,58,2,28.4,83.1,27.4,81.3,28.7,83.7,18.4,65.2,0,3,0,0,10,6,10.7,17.3,1.2,21.3,70.3,535.0,18.8,84,26.1,56.2,122.0,3,7,251.7,155.06,274.05,190.25
Noida,Uttar Pradesh,India,28.57,77.32,Asia/Kolkata,1791360015,2026-10-07 13:30:00,1791689400,2026-10-11 09:00:00.000000000,29.5,85.2,1,Sandstorm,https://cdn.weatherapi.com/weather/64x64/day/137.png,1024,2.5,4.0,177,S,1015,29.96,0.0,0.0,0,45,0,29.8,85.6,29.5,85.2,30.2,86.4,16.5,61.7,0,1,0,0,4,2,3.6,5.8,2.8,20.8,69.5,513.0,15.3,114,25.1,80.6,356.7,4,10,446.74,190.59,476.55,311.06
Noida,Uttar Pradesh,India,28.57,77.32,Asia/Kolkata,1791360015,2026-10-07 13:30:00,1791693000,2026-10-11 09:59:59.999999786,31.6,88.9,1,Sandstorm,https://cdn.weatherapi.com/weather/64x64/day/137.png,1024,1.3,2.2,220,SW,1014,29.96,0.0,0.0,0,35,0,32.6,90.7,31.6,88.9,31.5,88.7,14.4,57.8,0,1,0,0,4,2,3.6,5.8,4.8,20.4,68.6,475.0,10.7,152,23.1,84.8,402.3,4,10,609.02,201.77,597.35,408.78
Noida,Uttar Pradesh,India,28.57,77.32,Asia/Kolkata,1791360015,2026-10-07 13:30:00,1791696600,2026-10-11 11:00:00.000000213,33.3,92.0,1,Sandstorm,https://cdn.weatherapi.com/weather/64x64/day/137.png,1024,1.1,1.8,331,NNW,1014,29.94,0.0,0.0,0,29,0,33.9,93.0,33.3,92.0,32.7,90.9,12.9,55.1,0,0,0,0,3,1,3.4,5.4,6.3,20.2,68.3,439.0,7.2,179,21.4,89.2,460.1,4,10,717.42,206.11,659.29,474.25
Noida,Uttar Pradesh,India,28.57,77.32,Asia/Kolkata,1791360015,2026-10-07 13:30:00,1791700200,2026-10-11 12:00:00.000000000,34.5,94.1,1,Sandstorm,https://cdn.weatherapi.com/weather/64x64/day/137.png,1024,2.0,3.2,346,NNW,1013,29.92,0.0,0.0,0,26,0,34.6,94.3,34.5,94.1,33.7,92.7,12.1,53.9,0,0,0,0,3,1,4.0,6.5,6.8,20.2,68.4,405.0,5.6,188,20.0,85.4,462.9,4,10,761.1,207.15,681.82,500.5
Noida,Uttar Pradesh,India,28.57,77.32,Asia/Kolkata,1791360015,2026-10-07 13:30:00,1791703800,2026-10-11 12:59:59.999999786,35.3,95.5,1,Dust storm,https://cdn.weatherapi.com/weather/64x64/day/134.png,1021,2.9,4.7,0,N,1012,29.9,0.0,0.0,0,24,0,35.0,95.0,35.3,95.5,34.4,93.9,11.8,53.2,0,0,0,0,6,3,5.0,8.1,6.0,20.3,68.6,373.0,5.3,186,18.9,59.8,226.3,3,8,735.78,205.33,671.45,484.56
Noida,Uttar Pradesh,India,28.57,77.32,Asia/Kolkata,1791360015,2026-10-07 13:30:00,1791707400,2026-10-11 14:00:00.000000213,35.7,96.3,1,Sunny,https://cdn.weatherapi.com/weather/64x64/day/113.png,1000,3.4,5.4,10,N,1012,29.88,0.0,0.0,0,23,0,35.1,95.2,35.7,96.3,34.7,94.5,11.5,52.7,0,0,0,0,7,4,6.5,10.5,4.2,20.3,68.6,360.0,6.6,180,18.3,52.6,171.8,3,6,643.26,201.11,623.03,428.06
Noida,Uttar Pradesh,India,28.57,77.32,Asia/Kolkata,1791360015,2026-10-07 13:30:00,1791711000,2026-10-11 15:00:00.000000000,35.8,96.4,1,Sunny,https://cdn.weatherapi.com/weather/64x64/day/113.png,1000,3.8,6.1,31,NNE,1011,29.87,0.0,0.0,0,23,0,35.0,95.0,35.8,96.4,34.8,94.6,11.3,52.4,0,0,0,0,10,6,7.4,11.9,2.2,20.3,68.5,382.0,10.9,167,18.8,46.8,135.5,3,5,492.5,192.63,519.74,337.22
Noida,Uttar Pradesh,India,28.57,77.32,Asia/Kolkata,1791360015,2026-10-07 13:30:00,1791714600,2026-10-11 15:59:59.999999786,35.4,95.8,1,Sunny,https://cdn.weatherapi.com/weather/64x64/day/113.png,1000,4.0,6.5,67,ENE,1011,29.85,0.0,0.0,0,23,0,34.6,94.3,35.4,95.8,34.4,93.9,11.3,52.3,0,0,0,0,10,6,7.2,11.6,0.8,20.2,68.3,423.0,16.9,150,20.0,44.8,122.9,3,5,301.6,167.23,335.17,221.15
Noida,Uttar Pradesh,India,28.57,77.32,Asia/Kolkata,1791360015,2026-10-07 13:30:00,1791718200,2026-10-11 17:00:00.000000213,34.5,94.2,1,Sunny,https://cdn.weatherapi.com/weather/64x64/day/113.png,1000,6.0,9.7,111,ESE,1011,29.84,0.0,0.0,0,25,0,33.3,91.9,34.5,94.2,33.7,92.6,11.9,53.5,0,0,0,0,10,6,12.8,20.5,0.2,20.1,68.2,454.0,21.2,137,20.9,45.4,109.9,3,5,106.18,89.18,87.84,89.61
Noida,Uttar Pradesh,India,28.57,77.32,Asia/Kolkata,1791360015,2026-10-07 13:30:00,1791765000,2026-10-12 06:00:00.000000000,27.5,81.5,1,Sunny,https://cdn.weatherapi.com/weather/64x64/day/113.png,1000,3.8,6.1,145,SE,1014,29.96,0.0,0.0,0,60,0,28.7,83.7,27.5,81.5,29.0,84.2,19.0,66.2,0,3,0,0,10,6,8.9,14.4,7.0,21.7,71.0,,,,,,,,,51.71,28.68,167.62,30.12
Noida,Uttar Pradesh,India,28.57,77.32,Asia/Kolkata,1791360015,2026-10-07 13:30:00,1791768600,2026-10-12 06:59:59.999999786,28.2,82.8,1,Sunny,https://cdn.weatherapi.com/weather/64x64/day/113.png,1000,3.4,5.4,150,SSE,1015,29.98,0.0,0.0,0,57,0,29.4,84.9,28.2,82.8,29.6,85.3,18.8,65.8,0,3,0,0,10,6,11.4,18.4,7.0,21.8,71.2,,,,,,,,,77.57,43.02,251.44,45.19
Noida,Uttar Pradesh,India,28.57,77.32,Asia/Kolkata,1791360015,2026-10-07 13:30:00,1791772200,2026-10-12 08:00:00.000000213,28.8,83.8,1,Sunny,https://cdn.weatherapi.com/weather/64x64/day/113.png,1000,2.7,4.3,154,SSE,1016,30.01,0.0,0.0,0,54,0,29.9,85.8,28.8,83.8,30.2,86.4,18.5,65.4,0,2,0,0,10,6,13.9,22.3,7.0,21.8,71.2,,,,,,,,,103.42,57.36,335.25,60.25
Noida,Uttar Pradesh,India,28.57,77.32,Asia/Kolkata,1791360015,2026-10-07 13:30:00,1791775800,2026-10-12 09:00:00.000000000,30.4,86.7,1,Sunny,https://cdn.weatherapi.com/weather/64x64/day/113.png,1000,2.2,3.6,213,SSW,1016,30.01,0.0,0.0,0,48,0,31.3,88.3,30.4,86.7,31.7,89.1,17.9,64.2,0,1,0,0,10,6,10.3,16.6,8.0,22.0,71.6,,,,,,,,,342.58,140.99,430.77,231.02
Noida,Uttar Pradesh,India,28.57,77.32,Asia/Kolkata,1791360015,2026-10-07 13:30:00,1791779400,2026-10-12 09:59:59.999999786,32.1,89.8,1,Sunny,https://cdn.weatherapi.com/weather/64x64/day/113.png,1000,1.6,2.5,272,W,1016,30.0,0.0,0.0,0,42,0,32.8,91.0,32.1,89.8,33.2,91.8,17.2,63.0,0,1,0,0,10,6,6.9,11.2,8.0,22.2,71.9,,,,,,,,,462.16,182.81,478.52,316.41
Noida,Uttar Pradesh,India,28.57,77.32,Asia/Kolkata,1791360015,2026-10-07 13:30:00,1791783000,2026-10-12 11:00:00.000000213,33.8,92.8,1,Sunny,https://cdn.weatherapi.com/weather/64x64/day/113.png,1000,1.1,1.8,331,NNW,1016,30.0,0.0,0.0,0,36,0,35.6,96.1,33.8,92.8,34.7,94.5,16.5,61.7,0,1,0,0,10,6,3.4,5.4,8.0,22.1,71.8,,,,,,,,,581.74,224.63,526.28,401.8
Noida,Uttar Pradesh,India,28.57,77.32,Asia/Kolkata,1791360015,2026-10-07 13:30:00,1791786600,2026-10-12 12:00:00.000000000,34.5,94.1,1,Sunny,https://cdn.weatherapi.com/weather/64x64/day/113.png,1000,2.0,3.2,332,NNW,1015,29.97,0.0,0.0,0,33,0,35.9,96.6,34.5,94.1,35.2,95.4,15.8,60.4,0,1,0,0,10,6,4.7,7.6,8.0,22.0,71.7,,,,,,,,,640.62,230.14,558.22,438.29
Noida,Uttar Pradesh,India,28.57,77.32,Asia/Kolkata,1791360015,2026-10-07 13:30:00,1791790200,2026-10-12 12:59:59.999999786,35.2,95.4,1,Sunny,https://cdn.weatherapi.com/weather/64x64/day/113.png,1000,2.9,4.7,334,NNW,1014,29.94,0.0,0.0,0,30,0,36.0,96.8,35.2,95.4,35.7,96.3,15.2,59.4,0,0,0,0,10,6,5.8,9.4,9.0,21.9,71.4,,,,,,,,,670.06,232.9,574.2,456.54
Noida,Uttar Pradesh,India,28.57,77.32,Asia/Kolkata,1791360015,2026-10-07 13:30:00,1791793800,2026-10-12 14:00:00.000000213,35.9,96.6,1,Sunny,https://cdn.weatherapi.com/weather/64x64/day/113.png,1000,3.8,6.1,336,NNW,1013,29.91,0.0,0.0,0,28,0,36.2,97.2,35.9,96.6,36.2,97.1,14.5,58.1,0,0,0,0,10,6,7.2,11.5,9.0,21.7,71.1,,,,,,,,,699.5,235.65,590.17,474.79
Noida,Uttar Pradesh,India,28.57,77.32,Asia/Kolkata,1791360015,2026-10-07 13:30:00,1791797400,2026-10-12 15:00:00.000000000,35.7,96.3,1,Sunny,https://cdn.weatherapi.com/weather/64x64/day/113.png,1000,2.9,4.7,250,WSW,1012,29.9,0.0,0.0,0,28,8,36.1,97.0,35.7,96.3,35.8,96.4,14.2,57.6,0,1,0,0,10,6,6.7,10.8,9.0,21.5,70.7,,,,,,,,,495.5,202.79,448.36,345.65
Noida,Uttar Pradesh,India,28.57,77.32,Asia/Kolkata,1791360015,2026-10-07 13:30:00,1791801000,2026-10-12 15:59:59.999999786,35.5,95.9,1,Sunny,https://cdn.weatherapi.com/weather/64x64/day/113.png,1000,1.8,2.9,165,SSE,1012,29.89,0.0,0.0,0,27,16,36.2,97.2,35.5,95.9,35.5,95.9,13.9,57.0,0,1,0,0,10,6,6.5,10.4,9.0,21.3,70.4,,,,,,,,,393.51,186.37,377.46,281.07
Noida,Uttar Pradesh,India,28.57,77.32,Asia/Kolkata,1791360015,2026-10-07 13:30:00,1791804600,2026-10-12 17:00:00.000000213,35.3,95.6,1,Sunny,https://cdn.weatherapi.com/weather/64x64/day/113.png,1000,0.9,1.4,80,E,1012,29.88,0.0,0.0,0,27,24,36.2,97.2,35.3,95.6,35.1,95.2,13.6,56.4,0,1,0,0,10,6,6.1,9.8,9.0,21.1,70.0,,,,,,,,,291.51,169.94,306.56,216.5
Noida,Uttar Pradesh,India,28.57,77.32,Asia/Kolkata,1791360015,2026-10-07 13:30:00,1791851400,2026-10-13 06:00:00.000000000,28.9,84.0,1,Sunny,https://cdn.weatherapi.com/weather/64x64/day/113.png,1000,3.6,5.8,185,S,1013,29.91,0.0,0.0,0,46,0,29.1,84.4,28.9,84.0,29.4,84.9,16.2,61.2,0,1,0,0,10,6,4.7,7.6,7.0,20.5,68.9,,,,,,,,,51.59,27.7,176.86,28.47
Noida,Uttar Pradesh,India,28.57,77.32,Asia/Kolkata,1791360015,2026-10-07 13:30:00,1791855000,2026-10-13 06:59:59.999999786,29.5,85.1,1,Sunny,https://cdn.weatherapi.com/weather/64x64/day/113.png,1000,3.8,6.1,192,SSW,1014,29.93,0.0,0.0,0,43,0,29.4,84.9,29.5,85.1,29.8,85.6,15.3,59.5,0,1,0,0,10,6,4.7,7.6,7.0,20.3,68.5,,,,,,,,,77.39,41.56,265.29,42.7
Noida,Uttar Pradesh,India,28.57,77.32,Asia/Kolkata,1791360015,2026-10-07 13:30:00,1791858600,2026-10-13 08:00:00.000000213,30.1,86.2,1,Sunny,https://cdn.weatherapi.com/weather/64x64/day/113.png,1000,3.8,6.1,200,SSW,1014,29.94,0.0,0.0,0,39,0,30.4,86.7,30.1,86.2,30.1,86.2,14.5,58.2,0,1,0,0,10,6,4.5,7.2,8.0,20.0,68.0,,,,,,,,,103.18,55.41,353.72,56.93
Noida,Uttar Pradesh,India,28.57,77.32,Asia/Kolkata,1791360015,2026-10-07 13:30:00,1791862200,2026-10-13 09:00:00.000000000,31.8,89.2,1,Sunny,https://cdn.weatherapi.com/weather/64x64/day/113.png,1000,3.4,5.4,232,SW,1014,29.94,0.0,0.0,0,34,0,32.0,89.6,31.8,89.2,31.6,88.9,13.7,56.7,0,1,0,0,10,6,4.7,7.6,8.0,20.2,68.4,,,,,,,,,344.05,136.89,448.26,227.82
Noida,Uttar Pradesh,India,28.57,77.32,Asia/Kolkata,1791360015,2026-10-07 13:30:00,1791865800,2026-10-13 09:59:59.999999786,33.6,92.5,1,Sunny,https://cdn.weatherapi.com/weather/64x64/day/113.png,1000,3.1,5.0,263,W,1014,29.94,0.0,0.0,0,29,0,33.6,92.5,33.6,92.5,33.0,91.4,12.9,55.2,0,0,0,0,10,6,4.9,7.9,8.0,20.4,68.8,,,,,,,,,464.48,177.63,495.52,313.27
Noida,Uttar Pradesh,India,28.57,77.32,Asia/Kolkata,1791360015,2026-10-07 13:30:00,1791869400,2026-10-13 11:00:00.000000213,35.3,95.5,1,Sunny,https://cdn.weatherapi.com/weather/64x64/day/113.png,1000,2.7,4.3,295,WNW,1014,29.94,0.0,0.0,0,24,0,35.1,95.2,35.3,95.5,34.5,94.1,12.0,53.6,0,0,0,0,10,6,5.0,8.1,9.0,20.4,68.8,,,,,,,,,584.92,218.37,542.79,398.72
Noida,Uttar Pradesh,India,28.57,77.32,Asia/Kolkata,1791360015,2026-10-07 13:30:00,1791873000,2026-10-13 12:00:00.000000000,35.9,96.6,1,Sunny,https://cdn.weatherapi.com/weather/64x64/day/113.png,1000,3.1,5.0,308,NW,1013,29.91,0.0,0.0,0,23,0,35.5,95.9,35.9,96.6,35.0,95.0,11.6,52.9,0,0,0,0,10,6,5.6,9.0,9.0,20.5,68.8,,,,,,,,,644.78,222.46,577.11,435.09
Noida,Uttar Pradesh,India,28.57,77.32,Asia/Kolkata,1791360015,2026-10-07 13:30:00,1791876600,2026-10-13 12:59:59.999999786,36.6,97.9,1,Sunny,https://cdn.weatherapi.com/weather/64x64/day/113.png,1000,3.8,6.1,322,NW,1012,29.88,0.0,0.0,0,22,0,35.8,96.4,36.6,97.9,35.6,96.1,11.3,52.3,0,0,0,0,10,6,6.3,10.1,9.0,20.5,69.0,,,,,,,,,674.71,224.51,594.28,453.27
Noida,Uttar Pradesh,India,28.57,77.32,Asia/Kolkata,1791360015,2026-10-07 13:30:00,1791880200,2026-10-13 14:00:00.000000213,37.2,98.9,1,Sunny,https://cdn.weatherapi.com/weather/64x64/day/113.png,1000,4.3,6.8,335,NNW,1011,29.85,0.0,0.0,0,20,0,36.2,97.2,37.2,98.9,36.1,97.0,10.9,51.6,0,0,0,0,10,6,6.9,11.2,9.0,20.5,69.0,,,,,,,,,704.64,226.55,611.44,471.45
Noida,Uttar Pradesh,India,28.57,77.32,Asia/Kolkata,1791360015,2026-10-07 13:30:00,1791883800,2026-10-13 15:00:00.000000000,36.8,98.2,1,Patchy rain nearby,https://cdn.weatherapi.com/weather/64x64/day/176.png,1063,4.9,7.9,226,SW,1011,29.85,0.0,0.0,0,21,32,35.6,96.1,36.8,98.2,35.7,96.3,10.9,51.6,0,2,0,0,10,6,6.9,11.2,8.0,20.4,68.7,,,,,,,,,498.22,196.37,465.84,342.42
Noida,Uttar Pradesh,India,28.57,77.32,Asia/Kolkata,1791360015,2026-10-07 13:30:00,1791887400,2026-10-13 15:59:59.999999786,36.4,97.5,1,Sunny,https://cdn.weatherapi.com/weather/64x64/day/113.png,1000,5.6,9.0,116,ESE,1011,29.85,0.0,0.0,0,21,64,34.9,94.8,36.4,97.5,35.3,95.5,10.8,51.4,0,5,0,0,10,6,7.2,11.5,9.0,20.3,68.5,,,,,,,,,395.02,181.28,393.04,277.9
Bangalore,Karnataka,India,12.9833,77.5833,Asia/Kolkata,1791360015,2026-10-07 13:30:00,1791343800,2026-10-07 09:00:00.000000000,25.9,78.6,1,Sunny,https://cdn.weatherapi.com/weather/64x64/day/113.png,1000,6.3,10.1,101,ESE,1017,30.04,0.0,0.0,0,61,5,26.8,80.2,25.9,78.6,27.1,80.8,17.8,64.0,0,4,0,0,10,6,7.4,11.9,4.4,20.4,68.8,678.0,13.9,107,16.9,30.9,34.0,2,3,622.4,143.39,746.9,568.66
Bangalore,Karnataka,India,12.9833,77.5833,Asia/Kolkata,1791360015,2026-10-07 13:30:00,1791354600,2026-10-07 12:00:00.000000000,29.8,85.6,1,Overcast,https://cdn.weatherapi.com/weather/64x64/day/122.png,1009,7.2,11.5,104,ESE,1014,29.95,0.0,0.0,0,44,100,29.9,85.8,29.8,85.6,30.3,86.6,16.2,61.1,0,10,0,0,10,6,18.3,29.5,10.7,20.7,69.3,306.0,2.4,164,8.5,26.8,30.7,2,3,983.2,173.97,853.85,901.92
Bangalore,Karnataka,India,12.9833,77.5833,Asia/Kolkata,1791360015,2026-10-07 13:30:00,1791358200,2026-10-07 12:59:59.999999786,28.1,82.5,1,Overcast,https://cdn.weatherapi.com/weather/64x64/day/122.png,1009,8.9,14.4,113,ESE,1014,29.93,0.0,0.0,0,51,100,28.6,83.5,28.1,82.5,28.9,84.0,16.9,62.5,0,12,0,0,10,6,17.9,28.8,6.0,20.6,69.1,253.0,2.1,163,7.7,26.3,30.3,2,3,590.22,439.26,159.98,570.88
Bangalore,Karnataka,India,12.9833,77.5833,Asia/Kolkata,1791360015,2026-10-07 13:30:00,1791361800,2026-10-07 14:00:00.000000213,27.5,81.5,1,Overcast,https://cdn.weatherapi.com/weather/64x64/day/122.png,1009,6.9,11.2,115,ESE,1013,29.91,0.0,0.0,0,53,98,28.1,82.6,27.5,81.5,28.4,83.1,17.2,62.9,0,12,0,0,10,6,9.6,15.5,3.7,20.6,69.0,326.0,4.1,157,7.2,25.7,29.7,2,3,257.64,252.26,6.45,254.51
Bangalore,Karnataka,India,12.9833,77.5833,Asia/Kolkata,1791360015,2026-10-07 13:30:00,1791365400,2026-10-07 15:00:00.000000000,27.8,82.1,1,Cloudy,https://cdn.weatherapi.com/weather/64x64/day/119.png,1006,6.0,9.7,120,ESE,1013,29.9,0.0,0.0,0,53,69,28.5,83.3,27.8,82.1,28.8,83.8,17.4,63.3,0,8,0,0,10,6,7.2,11.6,2.0,20.8,69.4,608.0,8.8,144,6.8,24.9,29.0,2,3,329.52,297.64,46.47,323.05
Bangalore,Karnataka,India,12.9833,77.5833,Asia/Kolkata,1791360015,2026-10-07 13:30:00,1791369000,2026-10-07 15:59:59.999999786,27.8,82.1,1,Cloudy,https://cdn.weatherapi.com/weather/64x64/day/119.png,1006,6.3,10.1,110,ESE,1013,29.91,0.0,0.0,0,52,67,28.4,83.1,27.8,82.1,28.7,83.6,17.0,62.6,0,7,0,0,10,6,7.4,12.0,0.6,20.6,69.1,1015.0,15.7,126,6.7,24.6,28.9,2,3,419.8,161.15,527.57,386.95
Bangalore,Karnataka,India,12.9833,77.5833,Asia/Kolkata,1791360015,2026-10-07 13:30:00,1791372600,2026-10-07 17:00:00.000000213,27.0,80.5,1,Cloudy,https://cdn.weatherapi.com/weather/64x64/day/119.png,1006,6.0,9.7,106,ESE,1013,29.93,0.0,0.0,0,55,80,27.7,81.9,27.0,80.5,27.9,82.3,17.3,63.1,0,10,0,0,10,6,7.9,12.6,0.1,20.5,68.8,1390.0,23.8,106,7.2,26.4,29.8,2,3,191.86,109.91,315.77,177.5
Bangalore,Karnataka,India,12.9833,77.5833,Asia/Kolkata,1791360015,2026-10-07 13:30:00,1791433800,2026-10-08 09:59:59.999999786,27.0,80.7,1,Sunny,https://cdn.weatherapi.com/weather/64x64/day/113.png,1000,6.5,10.4,106,ESE,1018,30.05,0.0,0.0,0,56,4,27.8,82.0,27.0,80.7,28.1,82.6,17.5,63.6,0,3,0,0,10,6,7.2,11.6,8.0,20.7,69.2,468.0,7.3,112,8.1,18.1,22.0,2,2,803.22,160.76,802.47,734.57
Bangalore,Karnataka,India,12.9833,77.5833,Asia/Kolkata,1791360015,2026-10-07 13:30:00,1791455400,2026-10-08 15:59:59.999999786,25.9,78.6,1,Overcast,https://cdn.weatherapi.com/weather/64x64/day/122.png,1009,6.7,10.8,67,ENE,1013,29.92,0.0,0.0,0,59,100,26.5,79.7,25.9,78.6,27.0,80.6,17.3,63.1,0,14,0,0,10,6,9.2,14.8,0.3,20.1,68.2,509.0,24.5,98,6.3,19.4,22.6,2,2,88.66,87.6,2.17,87.63
Bangalore,Karnataka,India,12.9833,77.5833,Asia/Kolkata,1791360015,2026-10-07 13:30:00,1791459000,2026-10-08 17:00:00.000000213,25.6,78.0,1,Overcast,https://cdn.weatherapi.com/weather/64x64/day/122.png,1009,6.3,10.1,55,NE,1014,29.93,0.0,0.0,0,60,100,26.2,79.2,25.6,78.0,26.7,80.1,17.1,62.8,0,14,0,0,10,6,9.2,14.8,0.1,19.9,67.9,909.0,33.4,77,7.0,23.9,26.5,2,2,38.48,38.1,1.48,38.02
Bangalore,Karnataka,India,12.9833,77.5833,Asia/Kolkata,1791360015,2026-10-07 13:30:00,1791509400,2026-10-09 06:59:59.999999786,22.9,73.3,1,Sunny,https://cdn.weatherapi.com/weather/64x64/day/113.png,1000,1.8,2.9,170,S,1016,30.0,0.0,0.0,0,73,5,25.1,77.2,22.9,73.3,25.0,77.0,17.8,64.1,0,7,0,0,10,6,2.0,3.2,0.5,19.5,67.2,1019.0,26.0,36,11.8,31.0,31.5,2,3,146.14,83.78,315.72,132.74
Bangalore,Karnataka,India,12.9833,77.5833,Asia/Kolkata,1791360015,2026-10-07 13:30:00,1791516600,2026-10-09 09:00:00.000000000,26.7,80.0,1,Sunny,https://cdn.weatherapi.com/weather/64x64/day/113.png,1000,0.7,1.1,119,ESE,1016,30.0,0.0,0.0,0,58,4,27.9,82.2,26.7,80.0,27.8,82.1,17.9,64.1,0,3,0,0,10,6,2.5,4.0,4.6,20.7,69.3,965.0,18.3,80,11.4,15.8,16.9,2,2,626.52,138.87,762.89,569.5
Bangalore,Karnataka,India,12.9833,77.5833,Asia/Kolkata,1791360015,2026-10-07 13:30:00,1791523800,2026-10-09 11:00:00.000000213,29.5,85.2,1,Overcast,https://cdn.weatherapi.com/weather/64x64/day/122.png,1009,4.5,7.2,23,NNE,1014,29.95,0.0,0.0,0,45,91,29.7,85.5,29.5,85.2,30.1,86.2,16.3,61.3,0,9,0,0,10,6,6.0,9.7,9.8,20.7,69.3,351.0,4.4,136,7.5,16.4,18.5,2,2,935.14,166.93,850.78,854.53
Bangalore,Karnataka,India,12.9833,77.5833,Asia/Kolkata,1791360015,2026-10-07 13:30:00,1791531000,2026-10-09 12:59:59.999999786,28.5,83.4,1,Overcast,https://cdn.weatherapi.com/weather/64x64/day/122.png,1009,3.8,6.1,31,NNE,1012,29.87,0.0,0.0,0,48,100,28.9,84.0,28.5,83.4,29.2,84.5,16.4,61.6,0,11,0,0,10,6,6.1,9.8,1.5,20.5,68.9,318.0,1.0,141,5.7,16.0,18.2,2,2,113.04,112.13,1.0,111.8
Bangalore,Karnataka,India,12.9833,77.5833,Asia/Kolkata,1791360015,2026-10-07 13:30:00,1791534600,2026-10-09 14:00:00.000000213,28.1,82.6,1,Overcast,https://cdn.weatherapi.com/weather/64x64/day/122.png,1009,3.4,5.4,93,E,1011,29.85,0.0,0.0,0,50,100,28.6,83.5,28.1,82.6,28.9,84.0,16.8,62.3,0,12,0,0,10,6,4.7,7.6,1.0,20.6,69.0,415.0,4.8,132,5.5,16.2,18.5,2,2,87.42,86.81,0.73,86.47
Bangalore,Karnataka,India,12.9833,77.5833,Asia/Kolkata,1791360015,2026-10-07 13:30:00,1791538200,2026-10-09 15:00:00.000000000,27.6,81.7,1,Overcast,https://cdn.weatherapi.com/weather/64x64/day/122.png,1009,3.6,5.8,110,ESE,1011,29.84,0.0,0.0,0,52,100,28.2,82.8,27.6,81.7,28.4,83.2,16.8,62.3,0,12,0,0,10,6,4.1,6.6,0.7,20.4,68.7,600.0,15.9,114,6.0,17.5,19.9,2,2,66.58,66.15,0.63,65.86
Bangalore,Karnataka,India,12.9833,77.5833,Asia/Kolkata,1791360015,2026-10-07 13:30:00,1791541800,2026-10-09 15:59:59.999999786,27.2,80.9,1,Overcast,https://cdn.weatherapi.com/weather/64x64/day/122.png,1009,4.9,7.9,102,ESE,1011,29.85,0.0,0.0,0,53,98,27.8,82.0,27.2,80.9,28.0,82.4,16.7,62.0,0,12,0,0,10,6,6.0,9.7,0.3,20.2,68.3,851.0,31.4,90,6.9,19.1,21.7,2,2,46.56,46.27,0.61,46.05
Bangalore,Karnataka,India,12.9833,77.5833,Asia/Kolkata,1791360015,2026-10-07 13:30:00,1791545400,2026-10-09 17:00:00.000000213,26.5,79.7,1,Cloudy,https://cdn.weatherapi.com/weather/64x64/day/119.png,1006,6.7,10.8,103,ESE,1011,29.87,0.0,0.0,0,55,78,27.1,80.8,26.5,79.7,27.4,81.3,16.7,62.0,0,9,0,0,10,6,9.8,15.8,0.1,20.0,68.0,1071.0,44.4,68,8.0,26.1,28.8,2,3,27.15,26.96,0.75,26.84
Bangalore,Karnataka,India,12.9833,77.5833,Asia/Kolkata,1791360015,2026-10-07 13:30:00,1791610200,2026-10-10 11:00:00.000000213,29.0,84.2,1,Sunny,https://cdn.weatherapi.com/weather/64x64/day/113.png,1000,9.6,15.5,48,NE,1013,29.92,0.0,0.0,0,42,20,28.8,83.8,29.0,84.2,29.2,84.5,14.9,58.8,0,2,0,0,10,6,12.1,19.4,10.3,19.8,67.6,309.0,4.6,154,8.2,21.8,26.1,2,2,945.85,162.87,868.9,862.4
Bangalore,Karnataka,India,12.9833,77.5833,Asia/Kolkata,1791360015,2026-10-07 13:30:00,1791613800,2026-10-10 12:00:00.000000000,29.9,85.7,1,Cloudy,https://cdn.weatherapi.com/weather/64x64/day/119.png,1006,10.1,16.2,39,NE,1012,29.87,0.0,0.0,0,39,87,28.1,82.6,29.9,85.7,29.8,85.6,14.4,57.9,0,8,0,0,10,6,11.0,17.7,10.8,19.8,67.7,158.0,1.6,163,6.8,21.0,25.0,2,2,994.68,168.7,877.45,907.67
Bangalore,Karnataka,India,12.9833,77.5833,Asia/Kolkata,1791360015,2026-10-07 13:30:00,1791617400,2026-10-10 12:59:59.999999786,29.6,85.2,1,Overcast,https://cdn.weatherapi.com/weather/64x64/day/122.png,1009,10.3,16.6,37,NE,1010,29.84,0.0,0.0,0,38,100,27.6,81.7,29.6,85.2,29.4,84.9,13.9,57.0,0,10,0,0,10,6,11.0,17.6,8.8,19.5,67.1,176.0,1.1,160,6.3,19.8,23.8,2,2,442.16,398.75,47.41,433.56
Bangalore,Karnataka,India,12.9833,77.5833,Asia/Kolkata,1791360015,2026-10-07 13:30:00,1791621000,2026-10-10 14:00:00.000000213,28.3,82.9,1,Overcast,https://cdn.weatherapi.com/weather/64x64/day/122.png,1009,6.7,10.8,40,NE,1010,29.83,0.0,0.0,0,43,100,28.2,82.8,28.3,82.9,28.5,83.2,14.7,58.4,0,10,0,0,10,6,10.3,16.6,5.8,19.4,67.0,304.0,3.8,151,6.1,19.5,23.6,2,2,106.66,105.76,1.1,105.48
Bangalore,Karnataka,India,12.9833,77.5833,Asia/Kolkata,1791360015,2026-10-07 13:30:00,1791624600,2026-10-10 15:00:00.000000000,28.1,82.5,1,Overcast,https://cdn.weatherapi.com/weather/64x64/day/122.png,1009,4.5,7.2,47,NE,1010,29.82,0.0,0.0,0,45,100,28.1,82.6,28.1,82.5,28.4,83.1,15.1,59.2,0,11,0,0,10,6,6.7,10.8,2.8,19.6,67.3,606.0,10.6,135,6.2,19.7,24.2,2,2,88.58,87.82,1.12,87.59
Bangalore,Karnataka,India,12.9833,77.5833,Asia/Kolkata,1791360015,2026-10-07 13:30:00,1791628200,2026-10-10 15:59:59.999999786,27.7,81.8,1,Overcast,https://cdn.weatherapi.com/weather/64x64/day/122.png,1009,3.6,5.8,55,NE,1010,29.83,0.0,0.0,0,46,100,27.8,82.0,27.7,81.8,28.0,82.4,15.1,59.3,0,11,0,0,10,6,5.4,8.7,1.0,19.5,67.1,1019.0,20.4,112,6.7,20.5,25.7,2,2,53.76,53.37,0.82,53.16
Bangalore,Karnataka,India,12.9833,77.5833,Asia/Kolkata,1791360015,2026-10-07 13:30:00,1791631800,2026-10-10 17:00:00.000000213,27.0,80.6,1,Overcast,https://cdn.weatherapi.com/weather/64x64/day/122.png,1009,3.1,5.0,64,ENE,1010,29.84,0.0,0.0,0,48,99,27.3,81.1,27.0,80.6,27.4,81.4,15.0,58.9,0,11,0,0,10,6,5.6,9.1,0.2,19.2,66.5,1299.0,30.7,90,7.6,24.9,29.4,2,3,24.5,24.34,0.62,24.22
Bangalore,Karnataka,India,12.9833,77.5833,Asia/Kolkata,1791360015,2026-10-07 13:30:00,1791682200,2026-10-11 06:59:59.999999786,22.1,71.7,1,Sunny,https://cdn.weatherapi.com/weather/64x64/day/113.png,1000,6.3,10.1,101,ESE,1015,29.97,0.0,0.0,0,71,14,22.3,72.1,22.1,71.7,24.6,76.3,16.5,61.7,0,7,0,0,10,6,11.7,18.8,0.5,18.4,65.2,406.5,14.7,93,16.9,40.3,43.9,2,4,127.82,90.92,187.82,118.88
Bangalore,Karnataka,India,12.9833,77.5833,Asia/Kolkata,1791360015,2026-10-07 13:30:00,1791685800,2026-10-11 08:00:00.000000213,24.2,75.6,1,Sunny,https://cdn.weatherapi.com/weather/64x64/day/113.png,1000,8.1,13.0,98,E,1015,29.98,0.0,0.0,0,57,20,23.4,74.1,24.2,75.6,25.5,78.0,15.2,59.4,0,4,0,0,10,6,13.4,21.6,2.1,18.4,65.2,389.0,12.9,105,16.7,28.9,34.8,2,3,404.0,111.17,677.29,361.97
Bangalore,Karnataka,India,12.9833,77.5833,Asia/Kolkata,1791360015,2026-10-07 13:30:00,1791689400,2026-10-11 09:00:00.000000000,26.2,79.1,1,Sunny,https://cdn.weatherapi.com/weather/64x64/day/113.png,1000,8.9,14.4,83,E,1015,29.98,0.0,0.0,0,49,22,25.9,78.6,26.2,79.1,26.7,80.1,14.7,58.4,0,3,0,0,10,6,12.8,20.6,4.8,18.8,65.8,349.0,9.6,119,14.2,26.0,33.1,2,3,634.56,131.71,789.53,573.41
Bangalore,Karnataka,India,12.9833,77.5833,Asia/Kolkata,1791360015,2026-10-07 13:30:00,1791693000,2026-10-11 09:59:59.999999786,27.7,81.9,1,Sunny,https://cdn.weatherapi.com/weather/64x64/day/113.png,1000,10.1,16.2,69,ENE,1014,29.96,0.0,0.0,0,44,6,27.7,81.9,27.7,81.9,27.9,82.2,14.3,57.8,0,1,0,0,10,6,13.4,21.6,7.8,19.1,66.4,295.0,5.5,135,10.5,24.0,30.9,2,3,830.72,145.54,860.63,753.74
Bangalore,Karnataka,India,12.9833,77.5833,Asia/Kolkata,1791360015,2026-10-07 13:30:00,1791696600,2026-10-11 11:00:00.000000213,28.8,83.9,1,Sunny,https://cdn.weatherapi.com/weather/64x64/day/113.png,1000,10.5,16.9,60,ENE,1013,29.93,0.0,0.0,0,40,5,28.5,83.3,28.9,83.9,28.8,83.8,14.0,57.1,0,1,0,0,10,6,13.0,20.9,10.2,19.3,66.7,253.0,2.5,145,7.6,21.7,28.5,2,2,954.28,160.68,882.54,868.36
Bangalore,Karnataka,India,12.9833,77.5833,Asia/Kolkata,1791360015,2026-10-07 13:30:00,1791700200,2026-10-11 12:00:00.000000000,29.7,85.5,1,Sunny,https://cdn.weatherapi.com/weather/64x64/day/113.png,1000,10.7,17.3,62,ENE,1012,29.89,0.0,0.0,0,36,0,27.3,81.1,29.7,85.5,29.3,84.8,13.1,55.5,0,1,0,0,10,6,12.5,20.2,10.7,19.1,66.4,233.0,1.3,146,6.2,20.1,27.3,2,2,1001.3,167.28,888.08,912.08
Bangalore,Karnataka,India,12.9833,77.5833,Asia/Kolkata,1791360015,2026-10-07 13:30:00,1791703800,2026-10-11 12:59:59.999999786,30.3,86.5,1,Sunny,https://cdn.weatherapi.com/weather/64x64/day/113.png,1000,11.4,18.4,72,ENE,1011,29.86,0.0,0.0,0,34,6,27.5,81.5,30.3,86.5,29.7,85.4,12.6,54.6,0,1,0,0,10,6,12.2,19.6,9.4,19.1,66.3,225.0,1.2,142,5.6,19.3,27.0,2,2,970.26,163.0,884.05,883.14
Bangalore,Karnataka,India,12.9833,77.5833,Asia/Kolkata,1791360015,2026-10-07 13:30:00,1791707400,2026-10-11 14:00:00.000000213,30.3,86.6,1,Sunny,https://cdn.weatherapi.com/weather/64x64/day/113.png,1000,11.6,18.7,78,ENE,1010,29.84,0.0,0.0,0,34,24,27.5,81.5,30.4,86.6,29.7,85.5,12.5,54.6,0,2,0,0,10,6,12.1,19.5,6.8,19.1,66.3,233.0,2.6,136,5.4,18.9,26.6,2,2,862.3,149.39,866.23,782.83
Bangalore,Karnataka,India,12.9833,77.5833,Asia/Kolkata,1791360015,2026-10-07 13:30:00,1791711000,2026-10-11 15:00:00.000000000,30.2,86.3,1,Partly Cloudy,https://cdn.weatherapi.com/weather/64x64/day/116.png,1003,11.0,17.6,83,E,1010,29.83,0.0,0.0,0,34,31,27.6,81.7,30.2,86.3,29.6,85.3,12.8,55.1,0,2,0,0,10,6,12.8,20.5,3.4,19.1,66.4,266.0,6.4,126,5.7,19.0,26.5,2,2,685.82,131.38,821.52,619.61
Bangalore,Karnataka,India,12.9833,77.5833,Asia/Kolkata,1791360015,2026-10-07 13:30:00,1791714600,2026-10-11 15:59:59.999999786,29.3,84.8,1,Overcast,https://cdn.weatherapi.com/weather/64x64/day/122.png,1009,11.2,18.0,94,E,1010,29.83,0.0,0.0,0,39,99,27.2,81.0,29.4,84.8,29.2,84.6,14.1,57.4,0,10,0,0,10,6,12.5,20.2,1.1,19.5,67.1,315.0,11.7,115,6.3,19.7,26.5,2,2,416.88,152.22,552.66,379.75
Bangalore,Karnataka,India,12.9833,77.5833,Asia/Kolkata,1791360015,2026-10-07 13:30:00,1791718200,2026-10-11 17:00:00.000000213,27.1,80.8,1,Overcast,https://cdn.weatherapi.com/weather/64x64/day/122.png,1009,11.2,18.0,88,E,1011,29.86,0.0,0.0,0,43,100,27.1,80.8,27.1,80.8,27.2,81.0,13.6,56.4,0,10,0,0,10,6,17.9,28.8,0.1,18.5,65.3,350.0,15.5,106,6.8,22.1,27.1,2,2,26.51,26.33,0.75,26.21
Bangalore,Karnataka,India,12.9833,77.5833,Asia/Kolkata,1791360015,2026-10-07 13:30:00,1791765000,2026-10-12 06:00:00.000000000,21.0,69.8,1,Sunny,https://cdn.weatherapi.com/weather/64x64/day/113.png,1000,7.4,11.9,85,E,1016,29.99,0.0,0.0,0,77,12,21.0,69.8,21.0,69.8,21.5,70.7,16.7,62.1,0,9,0,0,10,6,14.3,23.0,6.0,18.3,64.9,,,,,,,,,93.43,23.54,356.8,77.44
Bangalore,Karnataka,India,12.9833,77.5833,Asia/Kolkata,1791360015,2026-10-07 13:30:00,1791768600,2026-10-12 06:59:59.999999786,22.3,72.1,1,Sunny,https://cdn.weatherapi.com/weather/64x64/day/113.png,1000,8.3,13.3,82,E,1016,30.01,0.0,0.0,0,70,14,22.0,71.6,22.3,72.1,23.4,74.1,16.5,61.7,0,6,0,0,10,6,14.3,23.0,6.0,18.6,65.5,,,,,,,,,140.15,35.31,535.2,116.17
Bangalore,Karnataka,India,12.9833,77.5833,Asia/Kolkata,1791360015,2026-10-07 13:30:00,1791772200,2026-10-12 08:00:00.000000213,23.6,74.5,1,Sunny,https://cdn.weatherapi.com/weather/64x64/day/113.png,1000,8.9,14.4,79,E,1017,30.02,0.0,0.0,0,64,17,22.9,73.2,23.6,74.5,25.3,77.5,16.3,61.4,0,5,0,0,10,6,14.3,23.1,6.0,18.8,65.9,,,,,,,,,186.86,47.08,713.6,154.89
Bangalore,Karnataka,India,12.9833,77.5833,Asia/Kolkata,1791360015,2026-10-07 13:30:00,1791775800,2026-10-12 09:00:00.000000000,25.2,77.4,1,Sunny,https://cdn.weatherapi.com/weather/64x64/day/113.png,1000,9.6,15.5,74,ENE,1016,30.01,0.0,0.0,0,56,18,24.3,75.7,25.2,77.4,26.3,79.3,15.4,59.7,0,3,0,0,10,6,13.9,22.3,7.0,19.0,66.3,,,,,,,,,498.56,100.3,770.07,444.97
Bangalore,Karnataka,India,12.9833,77.5833,Asia/Kolkata,1791360015,2026-10-07 13:30:00,1791779400,2026-10-12 09:59:59.999999786,26.9,80.4,1,Sunny,https://cdn.weatherapi.com/weather/64x64/day/113.png,1000,10.1,16.2,69,ENE,1016,29.99,0.0,0.0,0,48,19,27.1,80.8,26.9,80.4,27.4,81.3,14.6,58.3,0,2,0,0,10,6,13.6,22.0,7.0,19.2,66.5,,,,,,,,,654.41,126.91,798.31,590.01
Bangalore,Karnataka,India,12.9833,77.5833,Asia/Kolkata,1791360015,2026-10-07 13:30:00,1791783000,2026-10-12 11:00:00.000000213,28.5,83.3,1,Sunny,https://cdn.weatherapi.com/weather/64x64/day/113.png,1000,10.7,17.3,65,ENE,1015,29.97,0.0,0.0,0,40,20,28.1,82.6,28.5,83.3,28.4,83.1,13.7,56.7,0,2,0,0,10,6,13.2,21.2,7.0,19.1,66.3,,,,,,,,,810.26,153.52,826.55,735.05
Bangalore,Karnataka,India,12.9833,77.5833,Asia/Kolkata,1791360015,2026-10-07 13:30:00,1791786600,2026-10-12 12:00:00.000000000,29.0,84.2,1,Sunny,https://cdn.weatherapi.com/weather/64x64/day/113.png,1000,10.7,17.3,62,ENE,1014,29.94,0.0,0.0,0,39,15,26.8,80.2,29.0,84.2,28.8,83.8,13.5,56.3,0,1,0,0,10,6,13.0,20.9,7.0,19.1,66.4,,,,,,,,,876.61,161.43,838.04,796.53
Bangalore,Karnataka,India,12.9833,77.5833,Asia/Kolkata,1791360015,2026-10-07 13:30:00,1791790200,2026-10-12 12:59:59.999999786,29.5,85.1,1,Sunny,https://cdn.weatherapi.com/weather/64x64/day/113.png,1000,11.0,17.6,59,ENE,1013,29.91,0.0,0.0,0,37,11,27.1,80.8,29.5,85.1,29.2,84.6,13.3,55.9,0,1,0,0,10,6,12.5,20.2,7.0,19.1,66.5,,,,,,,,,909.79,165.39,843.79,827.26
Bangalore,Karnataka,India,12.9833,77.5833,Asia/Kolkata,1791360015,2026-10-07 13:30:00,1791793800,2026-10-12 14:00:00.000000213,30.1,86.1,1,Sunny,https://cdn.weatherapi.com/weather/64x64/day/113.png,1000,11.0,17.6,57,ENE,1012,29.87,0.0,0.0,0,35,7,27.6,81.7,30.1,86.1,29.6,85.3,13.0,55.5,0,1,0,0,10,6,12.3,19.8,8.0,19.2,66.6,,,,,,,,,942.96,169.35,849.53,858.0
Bangalore,Karnataka,India,12.9833,77.5833,Asia/Kolkata,1791360015,2026-10-07 13:30:00,1791797400,2026-10-12 15:00:00.000000000,29.1,84.4,1,Overcast,https://cdn.weatherapi.com/weather/64x64/day/122.png,1009,11.6,18.7,62,ENE,1012,29.88,0.0,0.0,0,39,38,26.6,79.9,29.1,84.4,28.9,84.0,13.5,56.3,0,3,0,0,10,6,14.5,23.4,6.0,19.2,66.6,,,,,,,,,664.91,173.12,645.3,607.05
Bangalore,Karnataka,India,12.9833,77.5833,Asia/Kolkata,1791360015,2026-10-07 13:30:00,1791801000,2026-10-12 15:59:59.999999786,28.1,82.6,1,Sunny,https://cdn.weatherapi.com/weather/64x64/day/113.png,1000,12.3,19.8,67,ENE,1012,29.89,0.0,0.0,0,42,69,27.9,82.2,28.1,82.6,28.1,82.6,14.0,57.2,0,6,0,0,10,6,17.0,27.4,7.0,19.1,66.4,,,,,,,,,525.89,175.0,543.18,481.58
Bangalore,Karnataka,India,12.9833,77.5833,Asia/Kolkata,1791360015,2026-10-07 13:30:00,1791804600,2026-10-12 17:00:00.000000213,27.0,80.7,1,Overcast,https://cdn.weatherapi.com/weather/64x64/day/122.png,1009,13.0,20.9,73,ENE,1012,29.9,0.0,0.0,0,46,100,27.2,81.0,27.0,80.7,27.4,81.2,14.4,58.0,0,11,0,0,10,6,19.3,31.0,6.0,18.9,66.0,,,,,,,,,386.86,176.88,441.06,356.1
Bangalore,Karnataka,India,12.9833,77.5833,Asia/Kolkata,1791360015,2026-10-07 13:30:00,1791851400,2026-10-13 06:00:00.000000000,21.3,70.3,1,Sunny,https://cdn.weatherapi.com/weather/64x64/day/113.png,1000,6.7,10.8,77,ENE,1015,29.98,0.0,0.0,0,73,0,21.3,70.3,21.3,70.3,21.8,71.2,16.1,61.0,0,6,0,0,10,6,11.4,18.4,6.0,18.0,64.4,,,,,,,,,92.89,23.74,354.17,76.5
Bangalore,Karnataka,India,12.9833,77.5833,Asia/Kolkata,1791360015,2026-10-07 13:30:00,1791855000,2026-10-13 06:59:59.999999786,22.6,72.7,1,Sunny,https://cdn.weatherapi.com/weather/64x64/day/113.png,1000,7.6,12.2,75,ENE,1016,29.99,0.0,0.0,0,68,0,22.3,72.1,22.6,72.7,23.6,74.5,16.2,61.2,0,5,0,0,10,6,12.1,19.4,6.0,18.5,65.3,,,,,,,,,139.33,35.6,531.25,114.76
Bangalore,Karnataka,India,12.9833,77.5833,Asia/Kolkata,1791360015,2026-10-07 13:30:00,1791858600,2026-10-13 08:00:00.000000213,23.9,74.9,1,Sunny,https://cdn.weatherapi.com/weather/64x64/day/113.png,1000,8.3,13.3,74,ENE,1016,30.01,0.0,0.0,0,62,0,23.3,73.9,23.9,74.9,25.4,77.7,16.2,61.1,0,4,0,0,10,6,12.8,20.5,6.0,18.8,65.9,,,,,,,,,185.78,47.47,708.33,153.01
Bangalore,Karnataka,India,12.9833,77.5833,Asia/Kolkata,1791360015,2026-10-07 13:30:00,1791862200,2026-10-13 09:00:00.000000000,25.5,77.9,1,Sunny,https://cdn.weatherapi.com/weather/64x64/day/113.png,1000,8.5,13.7,66,ENE,1016,29.99,0.0,0.0,0,55,0,25.2,77.4,25.5,77.9,26.5,79.7,15.6,60.1,0,2,0,0,10,6,12.1,19.4,7.0,19.2,66.6,,,,,,,,,495.02,101.69,762.99,440.86
Bangalore,Karnataka,India,12.9833,77.5833,Asia/Kolkata,1791360015,2026-10-07 13:30:00,1791865800,2026-10-13 09:59:59.999999786,27.1,80.8,1,Sunny,https://cdn.weatherapi.com/weather/64x64/day/113.png,1000,8.5,13.7,59,ENE,1015,29.97,0.0,0.0,0,48,0,27.4,81.3,27.1,80.8,27.6,81.7,15.0,59.0,0,1,0,0,10,6,11.4,18.4,7.0,19.4,67.0,,,,,,,,,649.65,128.8,790.33,584.78
Bangalore,Karnataka,India,12.9833,77.5833,Asia/Kolkata,1791360015,2026-10-07 13:30:00,1791869400,2026-10-13 11:00:00.000000213,28.7,83.6,1,Sunny,https://cdn.weatherapi.com/weather/64x64/day/113.png,1000,8.7,14.0,51,NE,1014,29.95,0.0,0.0,0,42,0,28.4,83.1,28.7,83.6,28.7,83.7,14.4,57.8,0,1,0,0,10,6,10.8,17.4,7.0,19.4,67.0,,,,,,,,,804.27,155.91,817.66,728.7
Bangalore,Karnataka,India,12.9833,77.5833,Asia/Kolkata,1791360015,2026-10-07 13:30:00,1791873000,2026-10-13 12:00:00.000000000,29.3,84.7,1,Sunny,https://cdn.weatherapi.com/weather/64x64/day/113.png,1000,8.3,13.3,53,NE,1013,29.92,0.0,0.0,0,39,2,28.0,82.4,29.3,84.7,29.1,84.4,13.8,56.8,0,1,0,0,10,6,9.8,15.8,7.0,19.4,66.9,,,,,,,,,871.28,162.98,831.83,790.64
Bangalore,Karnataka,India,12.9833,77.5833,Asia/Kolkata,1791360015,2026-10-07 13:30:00,1791876600,2026-10-13 12:59:59.999999786,29.9,85.8,1,Sunny,https://cdn.weatherapi.com/weather/64x64/day/113.png,1000,8.1,13.0,55,NE,1012,29.88,0.0,0.0,0,36,4,28.5,83.3,29.9,85.8,29.6,85.3,13.3,55.9,0,1,0,0,10,6,8.9,14.4,7.0,19.3,66.8,,,,,,,,,904.79,166.51,838.91,821.61
Bangalore,Karnataka,India,12.9833,77.5833,Asia/Kolkata,1791360015,2026-10-07 13:30:00,1791880200,2026-10-13 14:00:00.000000213,30.5,87.0,1,Sunny,https://cdn.weatherapi.com/weather/64x64/day/113.png,1000,7.6,12.2,57,ENE,1011,29.85,0.0,0.0,0,34,6,29.1,84.4,30.5,87.0,30.0,86.0,12.8,55.1,0,1,0,0,10,6,8.1,13.0,8.0,19.3,66.7,,,,,,,,,938.3,170.04,846.0,852.58
Bangalore,Karnataka,India,12.9833,77.5833,Asia/Kolkata,1791360015,2026-10-07 13:30:00,1791883800,2026-10-13 15:00:00.000000000,29.7,85.5,1,Overcast,https://cdn.weatherapi.com/weather/64x64/day/122.png,1009,7.4,11.9,58,ENE,1011,29.85,0.0,0.0,0,37,34,28.4,83.1,29.7,85.5,29.4,84.9,13.2,55.8,0,2,0,0,10,6,8.5,13.7,6.0,19.2,66.6,,,,,,,,,686.67,149.53,746.29,621.52
Bangalore,Karnataka,India,12.9833,77.5833,Asia/Kolkata,1791360015,2026-10-07 13:30:00,1791887400,2026-10-13 15:59:59.999999786,28.9,84.0,1,Sunny,https://cdn.weatherapi.com/weather/64x64/day/113.png,1000,6.9,11.2,60,ENE,1011,29.86,0.0,0.0,0,39,63,27.9,82.2,28.9,84.0,28.7,83.7,13.7,56.7,0,5,0,0,10,6,8.9,14.4,7.0,19.2,66.5,,,,,,,,,560.86,139.27,696.43,505.98
Bangalore,Karnataka,India,12.9833,77.5833,Asia/Kolkata,1791360015,2026-10-07 13:30:00,1791891000,2026-10-13 17:00:00.000000213,28.1,82.5,1,Overcast,https://cdn.weatherapi.com/weather/64x64/day/122.png,1009,6.7,10.8,62,ENE,1011,29.87,0.0,0.0,0,42,92,27.9,82.2,28.1,82.5,28.1,82.6,14.1,57.3,0,9,0,0,10,6,9.5,15.2,6.0,19.1,66.3,,,,,,,,,435.04,129.02,646.58,390.45
Mumbai,Maharashtra,India,18.975,72.826,Asia/Kolkata,1791360015,2026-10-07 13:30:00,1791336600,2026-10-07 06:59:59.999999786,27.5,81.6,1,Smoky haze,https://cdn.weatherapi.com/weather/64x64/day/149.png,1036,4.7,7.6,44,NE,1015,29.97,0.0,0.0,0,76,67,30.6,87.1,27.6,81.6,30.9,87.6,23.0,73.5,0,15,0,0,6,3,5.2,8.4,0.2,24.3,75.7,408.0,26.4,74,33.0,59.8,72.2,3,8,45.0,42.32,25.4,42.82
Mumbai,Maharashtra,India,18.975,72.826,Asia/Kolkata,1791360015,2026-10-07 13:30:00,1791340200,2026-10-07 08:00:00.000000213,27.7,81.8,1,Smoky haze,https://cdn.weatherapi.com/weather/64x64/day/149.png,1036,3.1,5.0,37,NE,1016,29.99,0.0,0.0,0,79,5,31.1,88.0,27.7,81.8,31.5,88.6,23.7,74.7,0,9,0,0,6,3,3.4,5.4,1.1,24.8,76.6,481.0,26.1,95,34.8,58.9,70.8,3,7,90.1,35.07,520.94,63.49
Mumbai,Maharashtra,India,18.975,72.826,Asia/Kolkata,1791360015,2026-10-07 13:30:00,1791343800,2026-10-07 09:00:00.000000000,27.9,82.3,1,Smoky haze,https://cdn.weatherapi.com/weather/64x64/day/149.png,1036,5.6,9.0,3,N,1016,30.0,0.0,0.0,0,76,0,31.3,88.3,27.9,82.3,31.6,88.8,23.3,73.9,0,7,0,0,6,3,6.1,9.8,2.9,24.5,76.2,504.0,22.5,143,36.4,58.7,70.8,3,7,479.46,176.06,548.7,408.86
Mumbai,Maharashtra,India,18.975,72.826,Asia/Kolkata,1791360015,2026-10-07 13:30:00,1791347400,2026-10-07 09:59:59.999999786,28.3,83.0,1,Smoky haze,https://cdn.weatherapi.com/weather/64x64/day/149.png,1036,5.4,8.6,6,N,1016,29.99,0.0,0.0,0,74,0,32.0,89.6,28.4,83.0,32.2,89.9,23.3,74.0,0,7,0,0,6,3,5.8,9.4,5.3,24.7,76.5,499.0,17.1,207,37.5,62.4,74.0,3,8,677.44,183.47,682.23,571.6
Mumbai,Maharashtra,India,18.975,72.826,Asia/Kolkata,1791360015,2026-10-07 13:30:00,1791351000,2026-10-07 11:00:00.000000213,28.7,83.6,1,Smoky haze,https://cdn.weatherapi.com/weather/64x64/day/149.png,1036,4.0,6.5,337,NNW,1015,29.98,0.0,0.0,0,75,0,32.9,91.2,28.7,83.6,32.9,91.3,23.8,74.8,0,7,0,0,6,3,4.0,6.5,7.5,25.1,77.2,474.0,12.9,259,37.0,66.4,77.5,4,9,819.97,187.67,749.47,689.53
Mumbai,Maharashtra,India,18.975,72.826,Asia/Kolkata,1791360015,2026-10-07 13:30:00,1791354600,2026-10-07 12:00:00.000000000,28.6,83.5,1,Smoky haze,https://cdn.weatherapi.com/weather/64x64/day/149.png,1036,6.5,10.4,304,NW,1014,29.95,0.0,0.0,0,72,0,32.2,90.0,28.6,83.5,32.3,90.1,23.0,73.5,0,6,0,0,6,3,15.4,24.8,8.4,24.6,76.2,417.0,10.7,294,33.6,69.2,79.9,4,9,890.68,191.64,773.59,748.56
Mumbai,Maharashtra,India,18.975,72.826,Asia/Kolkata,1791360015,2026-10-07 13:30:00,1791358200,2026-10-07 12:59:59.999999786,28.2,82.8,1,Smoky haze,https://cdn.weatherapi.com/weather/64x64/day/149.png,1036,9.8,15.8,303,WNW,1013,29.92,0.0,0.0,0,76,0,32.0,89.6,28.2,82.8,32.2,89.9,23.6,74.4,0,7,0,0,6,3,16.6,26.6,7.8,24.8,76.7,339.0,9.7,318,28.5,68.0,78.5,4,9,890.88,197.27,762.38,749.84
Mumbai,Maharashtra,India,18.975,72.826,Asia/Kolkata,1791360015,2026-10-07 13:30:00,1791361800,2026-10-07 14:00:00.000000213,28.4,83.1,1,Smoky haze,https://cdn.weatherapi.com/weather/64x64/day/149.png,1036,13.0,20.9,312,NW,1013,29.9,0.0,0.0,0,77,0,32.7,90.9,28.4,83.1,32.8,91.0,24.1,75.3,0,8,0,0,6,3,24.2,38.9,5.9,25.2,77.4,285.0,10.4,322,24.2,64.3,74.5,3,8,809.04,185.33,749.14,679.83
Mumbai,Maharashtra,India,18.975,72.826,Asia/Kolkata,1791360015,2026-10-07 13:30:00,1791365400,2026-10-07 15:00:00.000000000,28.7,83.7,1,Smoky haze,https://cdn.weatherapi.com/weather/64x64/day/149.png,1036,15.0,24.1,315,NW,1012,29.89,0.0,0.0,0,75,0,33.2,91.8,28.8,83.8,33.2,91.8,24.0,75.1,0,7,0,0,6,3,16.2,26.0,3.5,25.2,77.4,278.0,14.0,295,21.7,59.8,69.4,3,8,660.48,179.41,681.02,556.52
Mumbai,Maharashtra,India,18.975,72.826,Asia/Kolkata,1791360015,2026-10-07 13:30:00,1791369000,2026-10-07 15:59:59.999999786,28.8,83.8,1,Smoky haze,https://cdn.weatherapi.com/weather/64x64/day/149.png,1036,15.9,25.6,316,NW,1012,29.88,0.0,0.0,0,78,0,33.6,92.5,28.8,83.8,33.6,92.5,24.4,76.0,0,8,0,0,6,3,18.6,30.0,1.5,25.6,78.0,293.0,19.3,247,20.0,54.8,63.3,3,7,459.62,168.62,549.13,390.79
Mumbai,Maharashtra,India,18.975,72.826,Asia/Kolkata,1791360015,2026-10-07 13:30:00,1791372600,2026-10-07 17:00:00.000000213,28.4,83.2,1,Smoky haze,https://cdn.weatherapi.com/weather/64x64/day/149.png,1036,15.9,25.6,319,NW,1012,29.9,0.0,0.0,0,80,0,33.2,91.8,28.4,83.2,33.3,91.9,24.6,76.3,0,9,0,0,6,3,19.5,31.4,0.4,25.6,78.1,303.0,23.4,202,18.6,52.7,63.8,3,6,231.92,134.11,310.32,202.86
Mumbai,Maharashtra,India,18.975,72.826,Asia/Kolkata,1791360015,2026-10-07 13:30:00,1791423000,2026-10-08 06:59:59.999999786,28.4,83.1,1,Sunny,https://cdn.weatherapi.com/weather/64x64/day/113.png,1000,9.6,15.5,21,NNE,1015,29.98,0.0,0.0,0,73,0,31.8,89.2,28.4,83.1,32.0,89.6,23.0,73.5,0,6,0,0,6,3,11.0,17.6,0.2,24.5,76.1,666.0,28.5,99,49.5,74.3,80.8,4,10,50.32,45.43,46.8,46.91
Mumbai,Maharashtra,India,18.975,72.826,Asia/Kolkata,1791360015,2026-10-07 13:30:00,1791426600,2026-10-08 08:00:00.000000213,28.5,83.2,1,Sunny,https://cdn.weatherapi.com/weather/64x64/day/113.png,1000,7.6,12.2,37,NE,1016,30.0,0.0,0.0,0,72,0,31.9,89.4,28.5,83.2,32.0,89.6,22.9,73.1,0,6,0,0,6,3,8.3,13.3,1.0,24.4,75.9,695.0,28.3,125,53.2,72.4,78.7,4,10,255.38,142.19,332.22,222.47
Mumbai,Maharashtra,India,18.975,72.826,Asia/Kolkata,1791360015,2026-10-07 13:30:00,1791430200,2026-10-08 09:00:00.000000000,28.6,83.6,1,Sunny,https://cdn.weatherapi.com/weather/64x64/day/113.png,1000,5.8,9.4,49,NE,1016,30.01,0.0,0.0,0,71,0,32.1,89.8,28.7,83.6,32.3,90.1,22.9,73.2,0,6,0,0,6,3,6.3,10.1,2.8,24.5,76.0,734.0,24.6,183,55.5,73.6,80.1,4,10,480.78,173.32,557.68,408.02
Mumbai,Maharashtra,India,18.975,72.826,Asia/Kolkata,1791360015,2026-10-07 13:30:00,1791433800,2026-10-08 09:59:59.999999786,29.0,84.1,1,Sunny,https://cdn.weatherapi.com/weather/64x64/day/113.png,1000,4.3,6.8,69,ENE,1016,30.0,0.0,0.0,0,70,0,32.7,90.9,29.0,84.1,32.8,91.1,23.0,73.5,0,5,0,0,6,3,4.7,7.6,5.1,24.7,76.4,772.0,19.2,259,56.7,77.5,84.3,4,10,676.02,183.08,682.66,568.79
Mumbai,Maharashtra,India,18.975,72.826,Asia/Kolkata,1791360015,2026-10-07 13:30:00,1791437400,2026-10-08 11:00:00.000000213,29.2,84.5,1,Sunny,https://cdn.weatherapi.com/weather/64x64/day/113.png,1000,2.7,4.3,113,ESE,1015,29.98,0.0,0.0,0,71,0,33.3,91.9,29.2,84.5,33.3,92.0,23.4,74.0,0,6,0,0,5,3,3.8,6.2,7.2,24.9,76.9,753.0,15.2,330,55.3,82.2,88.7,4,10,816.44,188.67,746.15,685.11
Mumbai,Maharashtra,India,18.975,72.826,Asia/Kolkata,1791360015,2026-10-07 13:30:00,1791441000,2026-10-08 12:00:00.000000000,29.4,84.9,1,Sunny,https://cdn.weatherapi.com/weather/64x64/day/113.png,1000,2.5,4.0,221,SW,1014,29.95,0.0,0.0,0,70,0,33.5,92.3,29.4,84.9,33.5,92.3,23.2,73.8,0,5,0,0,8,4,3.8,6.2,8.2,24.9,76.8,626.0,13.5,394,49.2,88.7,95.0,4,10,887.32,192.12,771.61,744.11
Mumbai,Maharashtra,India,18.975,72.826,Asia/Kolkata,1791360015,2026-10-07 13:30:00,1791444600,2026-10-08 12:59:59.999999786,29.7,85.5,1,Sunny,https://cdn.weatherapi.com/weather/64x64/day/113.png,1000,6.0,9.7,281,WNW,1013,29.91,0.0,0.0,0,67,0,33.6,92.5,29.7,85.5,33.7,92.6,22.8,73.1,0,4,0,0,7,4,6.1,9.8,7.7,24.7,76.5,443.0,13.2,454,40.5,95.7,101.3,4,10,882.36,191.93,769.81,739.91
Mumbai,Maharashtra,India,18.975,72.826,Asia/Kolkata,1791360015,2026-10-07 13:30:00,1791448200,2026-10-08 14:00:00.000000213,30.1,86.2,1,Smoky haze,https://cdn.weatherapi.com/weather/64x64/day/149.png,1036,7.8,12.6,298,WNW,1012,29.88,0.0,0.0,0,66,0,34.4,93.9,30.1,86.2,34.5,94.1,23.2,73.7,0,4,0,0,7,4,16.8,27.0,5.9,25.0,77.1,307.0,14.9,490,34.2,100.8,105.9,4,10,803.12,187.33,742.48,673.66
Mumbai,Maharashtra,India,18.975,72.826,Asia/Kolkata,1791360015,2026-10-07 13:30:00,1791451800,2026-10-08 15:00:00.000000000,30.2,86.4,1,Smoky haze,https://cdn.weatherapi.com/weather/64x64/day/149.png,1036,10.1,16.2,307,NW,1011,29.87,0.0,0.0,0,67,0,35.0,95.0,30.2,86.4,35.0,95.0,23.5,74.4,0,5,0,0,7,4,19.0,30.6,3.6,25.3,77.6,267.0,20.2,495,33.0,102.7,108.0,4,10,656.8,179.48,678.96,551.96
Mumbai,Maharashtra,India,18.975,72.826,Asia/Kolkata,1791360015,2026-10-07 13:30:00,1791455400,2026-10-08 15:59:59.999999786,30.1,86.1,1,Smoky haze,https://cdn.weatherapi.com/weather/64x64/day/149.png,1036,13.2,21.2,311,NW,1011,29.86,0.0,0.0,0,68,0,34.7,94.5,30.1,86.1,34.7,94.5,23.5,74.3,0,5,0,0,7,4,14.4,23.1,1.5,25.3,77.5,275.0,27.5,476,34.2,102.2,107.3,4,10,457.1,167.4,550.3,387.22
Mumbai,Maharashtra,India,18.975,72.826,Asia/Kolkata,1791360015,2026-10-07 13:30:00,1791459000,2026-10-08 17:00:00.000000213,29.6,85.2,1,Smoky haze,https://cdn.weatherapi.com/weather/64x64/day/149.png,1036,14.5,23.4,316,NW,1011,29.87,0.0,0.0,0,70,0,34.1,93.4,29.6,85.2,34.1,93.4,23.6,74.5,0,5,0,0,4,2,16.8,27.0,0.4,25.2,77.4,289.0,32.1,441,34.9,100.1,105.2,4,10,230.1,132.34,313.65,200.26
Mumbai,Maharashtra,India,18.975,72.826,Asia/Kolkata,1791360015,2026-10-07 13:30:00,1791509400,2026-10-09 06:59:59.999999786,28.3,83.0,1,Sunny,https://cdn.weatherapi.com/weather/64x64/day/113.png,1000,7.4,11.9,34,NE,1013,29.92,0.0,0.0,0,70,4,31.3,88.3,28.3,83.0,31.5,88.8,22.4,72.2,0,6,0,0,8,4,7.6,12.2,0.2,24.0,75.3,639.0,27.3,111,43.3,54.2,59.3,3,7,43.92,41.35,24.83,41.68
Mumbai,Maharashtra,India,18.975,72.826,Asia/Kolkata,1791360015,2026-10-07 13:30:00,1791513000,2026-10-09 08:00:00.000000213,28.4,83.1,1,Sunny,https://cdn.weatherapi.com/weather/64x64/day/113.png,1000,6.5,10.4,43,NE,1014,29.93,0.0,0.0,0,69,0,31.2,88.2,28.4,83.1,31.4,88.6,22.1,71.8,0,5,0,0,10,6,6.7,10.8,1.0,23.9,75.0,658.0,27.6,137,44.6,53.0,58.1,3,6,256.2,140.59,340.68,221.86
Mumbai,Maharashtra,India,18.975,72.826,Asia/Kolkata,1791360015,2026-10-07 13:30:00,1791516600,2026-10-09 09:00:00.000000000,28.7,83.6,1,Sunny,https://cdn.weatherapi.com/weather/64x64/day/113.png,1000,4.9,7.9,53,NE,1014,29.95,0.0,0.0,0,68,0,31.7,89.1,28.7,83.6,31.9,89.4,22.2,72.0,0,5,0,0,10,6,5.2,8.4,2.8,24.0,75.3,626.0,24.1,193,46.2,53.4,58.9,3,6,481.8,170.81,565.78,406.96
Mumbai,Maharashtra,India,18.975,72.826,Asia/Kolkata,1791360015,2026-10-07 13:30:00,1791520200,2026-10-09 09:59:59.999999786,29.0,84.2,1,Sunny,https://cdn.weatherapi.com/weather/64x64/day/113.png,1000,4.0,6.5,97,E,1014,29.95,0.0,0.0,0,68,0,32.3,90.1,29.0,84.1,32.5,90.4,22.5,72.5,0,5,0,0,10,6,4.5,7.2,5.0,24.3,75.7,566.0,18.7,266,47.8,57.6,63.6,3,7,676.18,181.2,687.37,566.93
Mumbai,Maharashtra,India,18.975,72.826,Asia/Kolkata,1791360015,2026-10-07 13:30:00,1791523800,2026-10-09 11:00:00.000000213,29.0,84.1,1,Sunny,https://cdn.weatherapi.com/weather/64x64/day/113.png,1000,4.3,6.8,150,SSE,1014,29.93,0.0,0.0,0,70,0,32.6,90.7,29.0,84.1,32.7,90.8,22.9,73.1,0,5,0,0,10,6,4.5,7.2,7.1,24.5,76.2,506.0,14.4,331,47.4,63.3,69.6,3,8,815.08,187.91,747.52,682.12
Mumbai,Maharashtra,India,18.975,72.826,Asia/Kolkata,1791360015,2026-10-07 13:30:00,1791527400,2026-10-09 12:00:00.000000000,29.2,84.6,1,Sunny,https://cdn.weatherapi.com/weather/64x64/day/113.png,1000,3.1,5.0,224,SW,1013,29.91,0.0,0.0,0,66,0,32.4,90.3,29.3,84.7,32.6,90.6,22.1,71.8,0,4,0,0,10,6,3.4,5.4,8.1,24.1,75.4,451.0,12.3,384,43.3,69.6,75.9,4,9,884.94,191.85,771.56,740.32
Mumbai,Maharashtra,India,18.975,72.826,Asia/Kolkata,1791360015,2026-10-07 13:30:00,1791531000,2026-10-09 12:59:59.999999786,30.0,86.0,1,Smoky haze,https://cdn.weatherapi.com/weather/64x64/day/149.png,1036,6.0,9.7,255,WSW,1012,29.87,0.0,0.0,0,61,0,33.0,91.4,30.0,86.0,33.3,91.9,21.7,71.0,0,3,0,0,9,5,12.8,20.5,7.6,24.0,75.3,397.0,11.3,428,37.4,74.5,80.3,4,10,879.9,191.44,770.17,736.02
Mumbai,Maharashtra,India,18.975,72.826,Asia/Kolkata,1791360015,2026-10-07 13:30:00,1791534600,2026-10-09 14:00:00.000000213,30.1,86.3,1,Smoky haze,https://cdn.weatherapi.com/weather/64x64/day/149.png,1036,7.6,12.2,251,WSW,1011,29.85,0.0,0.0,0,63,0,33.7,92.7,30.1,86.3,33.8,92.9,22.2,72.0,0,4,0,0,9,5,7.6,12.3,5.8,24.4,76.0,360.0,11.7,454,33.2,77.8,83.6,4,10,799.8,187.26,741.44,669.22
Mumbai,Maharashtra,India,18.975,72.826,Asia/Kolkata,1791360015,2026-10-07 13:30:00,1791538200,2026-10-09 15:00:00.000000000,29.7,85.4,1,Smoky haze,https://cdn.weatherapi.com/weather/64x64/day/149.png,1036,8.5,13.7,251,WSW,1011,29.84,0.0,0.0,0,65,0,33.3,91.9,29.7,85.4,33.4,92.1,22.5,72.5,0,4,0,0,9,5,9.0,14.5,3.5,24.5,76.1,354.0,14.1,455,32.9,78.5,83.8,4,10,652.64,179.98,675.58,547.13
Mumbai,Maharashtra,India,18.975,72.826,Asia/Kolkata,1791360015,2026-10-07 13:30:00,1791541800,2026-10-09 15:59:59.999999786,29.4,84.9,1,Smoky haze,https://cdn.weatherapi.com/weather/64x64/day/149.png,1036,9.2,14.8,262,W,1010,29.84,0.0,0.0,0,68,0,33.2,91.8,29.4,84.9,33.3,91.9,22.8,73.1,0,5,0,0,9,5,9.6,15.5,1.5,24.6,76.3,364.0,17.8,437,34.5,80.1,85.0,4,10,453.2,167.5,546.3,382.86
Mumbai,Maharashtra,India,18.975,72.826,Asia/Kolkata,1791360015,2026-10-07 13:30:00,1791545400,2026-10-09 17:00:00.000000213,29.3,84.7,1,Smoky haze,https://cdn.weatherapi.com/weather/64x64/day/149.png,1036,9.8,15.8,292,WNW,1011,29.85,0.0,0.0,0,69,0,33.3,91.9,29.3,84.7,33.4,92.0,23.1,73.6,0,5,0,0,9,5,10.7,17.3,0.4,24.8,76.6,369.0,20.8,406,35.1,78.7,83.1,4,10,226.83,131.46,309.4,196.85
Mumbai,Maharashtra,India,18.975,72.826,Asia/Kolkata,1791360015,2026-10-07 13:30:00,1791595800,2026-10-10 06:59:59.999999786,28.1,82.5,1,Overcast,https://cdn.weatherapi.com/weather/64x64/day/122.png,1009,7.6,12.2,12,NNE,1013,29.9,0.0,0.0,0,73,90,31.2,88.2,28.1,82.5,31.4,88.6,22.8,73.1,0,17,0,0,6,3,8.3,13.4,0.2,24.3,75.7,539.0,20.4,159,54.5,75.0,80.3,4,10,18.48,18.26,2.14,17.96
Mumbai,Maharashtra,India,18.975,72.826,Asia/Kolkata,1791360015,2026-10-07 13:30:00,1791599400,2026-10-10 08:00:00.000000213,28.2,82.7,1,Cloudy,https://cdn.weatherapi.com/weather/64x64/day/119.png,1006,7.2,11.5,20,NNE,1013,29.92,0.0,0.0,0,72,69,31.2,88.2,28.2,82.7,31.4,88.6,22.6,72.6,0,13,0,0,6,3,7.6,12.2,0.9,24.1,75.4,590.0,22.4,178,58.8,74.3,79.6,4,10,109.62,107.11,7.43,106.59
Mumbai,Maharashtra,India,18.975,72.826,Asia/Kolkata,1791360015,2026-10-07 13:30:00,1791603000,2026-10-10 09:00:00.000000000,28.2,82.8,1,Partly Cloudy,https://cdn.weatherapi.com/weather/64x64/day/116.png,1003,5.8,9.4,37,NE,1013,29.93,0.0,0.0,0,71,60,31.2,88.2,28.2,82.8,31.4,88.5,22.4,72.3,0,11,0,0,5,3,6.3,10.1,2.7,24.0,75.2,544.0,20.3,230,64.4,80.6,86.1,4,10,177.74,173.67,7.43,173.02
Mumbai,Maharashtra,India,18.975,72.826,Asia/Kolkata,1791360015,2026-10-07 13:30:00,1791606600,2026-10-10 09:59:59.999999786,28.5,83.2,1,Haze,https://cdn.weatherapi.com/weather/64x64/day/125.png,1012,3.6,5.8,25,NNE,1013,29.92,0.0,0.0,0,71,49,31.8,89.2,28.5,83.2,31.9,89.5,22.8,73.0,0,10,0,0,5,3,4.0,6.5,5.0,24.3,75.8,452.0,16.2,300,70.2,87.3,92.4,4,10,301.96,284.99,23.63,292.1
Mumbai,Maharashtra,India,18.975,72.826,Asia/Kolkata,1791360015,2026-10-07 13:30:00,1791610200,2026-10-10 11:00:00.000000213,28.7,83.6,1,Haze,https://cdn.weatherapi.com/weather/64x64/day/125.png,1012,3.1,5.0,331,NNW,1013,29.9,0.0,0.0,0,71,41,32.3,90.1,28.7,83.6,32.4,90.3,23.0,73.4,0,9,0,0,4,2,3.4,5.4,7.1,24.6,76.2,378.0,12.9,359,71.9,94.5,99.7,4,10,663.53,323.39,406.56,585.64
Mumbai,Maharashtra,India,18.975,72.826,Asia/Kolkata,1791360015,2026-10-07 13:30:00,1791613800,2026-10-10 12:00:00.000000000,28.8,83.8,1,Partly Cloudy,https://cdn.weatherapi.com/weather/64x64/day/116.png,1003,6.5,10.4,302,WNW,1012,29.88,0.0,0.0,0,68,26,31.9,89.4,28.8,83.8,32.0,89.6,22.3,72.1,0,6,0,0,7,4,15.4,24.8,8.2,24.1,75.3,345.0,11.2,401,66.7,99.9,105.0,4,10,773.44,289.95,539.86,667.88
Mumbai,Maharashtra,India,18.975,72.826,Asia/Kolkata,1791360015,2026-10-07 13:30:00,1791617400,2026-10-10 12:59:59.999999786,28.5,83.4,1,Haze,https://cdn.weatherapi.com/weather/64x64/day/125.png,1012,10.1,16.2,299,WNW,1011,29.86,0.0,0.0,0,71,1,31.9,89.4,28.6,83.4,32.0,89.6,22.7,72.8,0,6,0,0,4,2,19.0,30.6,7.7,24.3,75.8,330.0,10.2,433,57.4,100.4,105.7,4,10,878.52,190.14,772.68,732.83
Mumbai,Maharashtra,India,18.975,72.826,Asia/Kolkata,1791360015,2026-10-07 13:30:00,1791621000,2026-10-10 14:00:00.000000213,28.4,83.0,1,Haze,https://cdn.weatherapi.com/weather/64x64/day/125.png,1012,13.2,21.2,310,NW,1010,29.84,0.0,0.0,0,75,0,32.2,90.0,28.4,83.0,32.3,90.2,23.6,74.4,0,7,0,0,4,2,13.9,22.4,5.8,24.8,76.7,326.0,10.3,438,48.5,94.3,100.1,4,10,798.5,185.54,744.86,666.08
Mumbai,Maharashtra,India,18.975,72.826,Asia/Kolkata,1791360015,2026-10-07 13:30:00,1791624600,2026-10-10 15:00:00.000000000,28.5,83.3,1,Haze,https://cdn.weatherapi.com/weather/64x64/day/125.png,1012,15.7,25.2,315,NW,1010,29.82,0.0,0.0,0,76,0,32.7,90.9,28.5,83.3,32.8,91.0,23.9,75.0,0,7,0,0,4,2,17.9,28.8,3.4,25.1,77.2,339.0,12.1,402,40.9,83.6,89.9,4,10,650.58,178.56,677.95,543.58
Mumbai,Maharashtra,India,18.975,72.826,Asia/Kolkata,1791360015,2026-10-07 13:30:00,1791628200,2026-10-10 15:59:59.999999786,28.4,83.1,1,Smoky haze,https://cdn.weatherapi.com/weather/64x64/day/149.png,1036,17.7,28.4,317,NW,1010,29.82,0.0,0.0,0,77,0,32.7,90.9,28.4,83.1,32.8,91.0,24.1,75.3,0,8,0,0,5,3,21.0,33.9,1.5,25.2,77.4,363.0,15.1,340,33.6,72.2,78.9,4,10,450.4,166.55,546.36,379.14
Mumbai,Maharashtra,India,18.975,72.826,Asia/Kolkata,1791360015,2026-10-07 13:30:00,1791631800,2026-10-10 17:00:00.000000213,28.1,82.6,1,Smoky haze,https://cdn.weatherapi.com/weather/64x64/day/149.png,1036,17.4,28.1,317,NW,1010,29.83,0.0,0.0,0,79,0,32.2,90.0,28.1,82.6,32.3,90.2,24.1,75.3,0,8,0,0,5,3,22.2,35.7,0.4,25.1,77.2,378.0,17.5,286,28.2,65.7,72.6,4,9,223.57,130.59,305.03,193.47
Mumbai,Maharashtra,India,18.975,72.826,Asia/Kolkata,1791360015,2026-10-07 13:30:00,1791682200,2026-10-11 06:59:59.999999786,27.8,82.0,1,Smoky haze,https://cdn.weatherapi.com/weather/64x64/day/149.png,1036,8.9,14.4,2,N,1013,29.91,0.0,0.0,0,74,1,30.7,87.3,27.8,82.0,31.0,87.8,22.8,73.0,0,7,0,0,9,5,10.5,17.0,0.2,24.2,75.5,405.0,19.5,101,33.5,46.3,50.9,3,5,42.44,40.09,23.27,40.22
Mumbai,Maharashtra,India,18.975,72.826,Asia/Kolkata,1791360015,2026-10-07 13:30:00,1791685800,2026-10-11 08:00:00.000000213,27.9,82.1,1,Smoky haze,https://cdn.weatherapi.com/weather/64x64/day/149.png,1036,8.5,13.7,8,N,1013,29.93,0.0,0.0,0,72,0,30.6,87.1,27.9,82.1,30.9,87.5,22.3,72.1,0,6,0,0,9,5,10.3,16.6,1.0,23.8,74.9,452.0,19.8,119,33.9,45.2,49.8,3,5,251.74,141.34,328.06,217.21
Mumbai,Maharashtra,India,18.975,72.826,Asia/Kolkata,1791360015,2026-10-07 13:30:00,1791689400,2026-10-11 09:00:00.000000000,28.2,82.8,1,Smoky haze,https://cdn.weatherapi.com/weather/64x64/day/149.png,1036,7.6,12.2,11,NNE,1014,29.93,0.0,0.0,0,69,0,31.0,87.8,28.2,82.8,31.2,88.2,22.1,71.7,0,5,0,0,10,6,8.7,14.1,2.6,23.8,74.8,452.0,17.2,165,33.7,44.7,49.7,3,5,476.46,172.71,556.07,400.59
Mumbai,Maharashtra,India,18.975,72.826,Asia/Kolkata,1791360015,2026-10-07 13:30:00,1791693000,2026-10-11 09:59:59.999999786,28.6,83.4,1,Smoky haze,https://cdn.weatherapi.com/weather/64x64/day/149.png,1036,6.9,11.2,4,N,1014,29.93,0.0,0.0,0,69,0,31.7,89.1,28.6,83.4,31.9,89.3,22.4,72.3,0,5,0,0,10,6,7.4,11.9,5.0,24.1,75.4,447.0,13.0,226,32.9,46.7,51.7,3,5,669.96,183.24,679.8,559.21
Mumbai,Maharashtra,India,18.975,72.826,Asia/Kolkata,1791360015,2026-10-07 13:30:00,1791696600,2026-10-11 11:00:00.000000213,28.7,83.7,1,Smoky haze,https://cdn.weatherapi.com/weather/64x64/day/149.png,1036,5.4,8.6,351,N,1013,29.92,0.0,0.0,0,72,0,32.5,90.5,28.7,83.7,32.6,90.6,23.2,73.7,0,6,0,0,9,5,5.8,9.4,7.1,24.7,76.4,446.0,10.0,279,31.2,48.8,53.7,3,6,808.2,189.59,741.56,673.46
Mumbai,Maharashtra,India,18.975,72.826,Asia/Kolkata,1791360015,2026-10-07 13:30:00,1791700200,2026-10-11 12:00:00.000000000,28.6,83.6,1,Smoky haze,https://cdn.weatherapi.com/weather/64x64/day/149.png,1036,7.2,11.5,319,NW,1012,29.9,0.0,0.0,0,70,0,32.0,89.6,28.7,83.6,32.1,89.8,22.6,72.7,0,5,0,0,10,6,7.2,11.5,8.0,24.3,75.7,455.0,8.8,319,27.8,50.9,55.3,3,6,877.34,193.31,766.13,730.9
Mumbai,Maharashtra,India,18.975,72.826,Asia/Kolkata,1791360015,2026-10-07 13:30:00,1791703800,2026-10-11 12:59:59.999999786,28.7,83.7,1,Smoky haze,https://cdn.weatherapi.com/weather/64x64/day/149.png,1036,11.4,18.4,321,NW,1011,29.86,0.0,0.0,0,72,0,32.5,90.5,28.7,83.7,32.6,90.7,23.3,73.9,0,6,0,0,8,4,20.4,32.8,7.5,24.7,76.5,468.0,8.8,350,23.4,52.5,56.6,3,6,871.54,192.93,764.3,725.98
Mumbai,Maharashtra,India,18.975,72.826,Asia/Kolkata,1791360015,2026-10-07 13:30:00,1791707400,2026-10-11 14:00:00.000000213,29.2,84.5,1,Smoky haze,https://cdn.weatherapi.com/weather/64x64/day/149.png,1036,13.9,22.3,320,NW,1011,29.84,0.0,0.0,0,73,0,33.7,92.7,29.2,84.5,33.7,92.6,23.8,74.9,0,6,0,0,8,4,14.1,22.7,5.7,25.2,77.4,473.0,9.8,361,19.9,52.3,56.8,3,6,791.88,188.11,736.6,659.55
Mumbai,Maharashtra,India,18.975,72.826,Asia/Kolkata,1791360015,2026-10-07 13:30:00,1791711000,2026-10-11 15:00:00.000000000,29.2,84.6,1,Smoky haze,https://cdn.weatherapi.com/weather/64x64/day/149.png,1036,16.3,26.3,317,NW,1010,29.82,0.0,0.0,0,73,0,33.9,93.0,29.2,84.6,33.9,92.9,23.9,75.0,0,6,0,0,8,4,17.9,28.8,3.4,25.3,77.6,463.0,12.7,336,18.1,49.4,54.1,3,6,645.4,179.99,671.72,538.17
Mumbai,Maharashtra,India,18.975,72.826,Asia/Kolkata,1791360015,2026-10-07 13:30:00,1791714600,2026-10-11 15:59:59.999999786,28.7,83.6,1,Smoky haze,https://cdn.weatherapi.com/weather/64x64/day/149.png,1036,18.8,30.2,322,NW,1010,29.81,0.0,0.0,0,77,0,33.2,91.8,28.7,83.6,33.3,91.9,24.2,75.5,0,8,0,0,8,4,21.3,34.2,1.4,25.3,77.6,444.0,16.8,291,17.2,45.9,50.8,3,5,447.04,166.16,544.26,375.13
Mumbai,Maharashtra,India,18.975,72.826,Asia/Kolkata,1791360015,2026-10-07 13:30:00,1791718200,2026-10-11 17:00:00.000000213,28.6,83.5,1,Thundery outbreaks in nearby,https://cdn.weatherapi.com/weather/64x64/day/200.png,1087,17.9,28.8,324,NW,1010,29.81,0.0,0.0,0,78,51,33.3,91.9,28.6,83.5,33.4,92.1,24.5,76.0,0,13,0,0,9,5,22.6,36.4,0.3,25.5,78.0,431.0,19.7,257,16.6,46.1,52.9,3,5,219.76,130.05,297.66,189.82
Mumbai,Maharashtra,India,18.975,72.826,Asia/Kolkata,1791360015,2026-10-07 13:30:00,1791768600,2026-10-12 06:59:59.999999786,28.7,83.7,1,Sunny,https://cdn.weatherapi.com/weather/64x64/day/113.png,1000,8.5,13.7,72,ENE,1014,29.93,0.0,0.0,0,69,0,31.9,89.4,28.7,83.7,32.0,89.6,22.4,72.3,0,5,0,0,10,6,8.9,14.4,7.0,24.2,75.6,,,,,,,,,75.43,15.08,603.55,38.88
Mumbai,Maharashtra,India,18.975,72.826,Asia/Kolkata,1791360015,2026-10-07 13:30:00,1791772200,2026-10-12 08:00:00.000000213,28.7,83.7,1,Sunny,https://cdn.weatherapi.com/weather/64x64/day/113.png,1000,8.7,14.0,75,ENE,1014,29.96,0.0,0.0,0,67,0,31.6,88.9,28.7,83.7,31.8,89.2,21.9,71.4,0,4,0,0,10,6,9.0,14.4,7.0,23.8,74.9,,,,,,,,,100.58,20.11,804.73,51.84
Mumbai,Maharashtra,India,18.975,72.826,Asia/Kolkata,1791360015,2026-10-07 13:30:00,1791775800,2026-10-12 09:00:00.000000000,28.9,84.0,1,Sunny,https://cdn.weatherapi.com/weather/64x64/day/113.png,1000,8.1,13.0,88,E,1014,29.96,0.0,0.0,0,66,0,31.8,89.2,28.9,84.0,31.9,89.4,21.9,71.4,0,4,0,0,10,6,8.5,13.7,7.0,23.9,75.0,,,,,,,,,377.92,107.54,724.75,300.19
Mumbai,Maharashtra,India,18.975,72.826,Asia/Kolkata,1791360015,2026-10-07 13:30:00,1791779400,2026-10-12 09:59:59.999999786,29.0,84.2,1,Sunny,https://cdn.weatherapi.com/weather/64x64/day/113.png,1000,7.6,12.2,101,E,1015,29.96,0.0,0.0,0,65,0,31.9,89.4,29.0,84.2,32.0,89.6,21.8,71.2,0,4,0,0,10,6,7.8,12.6,7.0,23.9,75.0,,,,,,,,,516.59,151.26,684.76,424.36
Mumbai,Maharashtra,India,18.975,72.826,Asia/Kolkata,1791360015,2026-10-07 13:30:00,1791783000,2026-10-12 11:00:00.000000213,29.1,84.4,1,Sunny,https://cdn.weatherapi.com/weather/64x64/day/113.png,1000,6.9,11.2,113,ESE,1015,29.96,0.0,0.0,0,65,0,32.0,89.6,29.1,84.4,32.2,89.9,21.8,71.2,0,4,0,0,10,6,7.4,11.9,7.0,23.9,74.9,,,,,,,,,655.26,194.98,644.77,548.53
Mumbai,Maharashtra,India,18.975,72.826,Asia/Kolkata,1791360015,2026-10-07 13:30:00,1791786600,2026-10-12 12:00:00.000000000,29.8,85.6,1,Sunny,https://cdn.weatherapi.com/weather/64x64/day/113.png,1000,6.9,11.2,178,S,1014,29.93,0.0,0.0,0,63,0,33.0,91.4,29.8,85.6,33.2,91.8,22.0,71.6,0,4,0,0,10,6,7.2,11.5,7.0,24.2,75.6,,,,,,,,,753.43,200.62,687.05,629.73
Mumbai,Maharashtra,India,18.975,72.826,Asia/Kolkata,1791360015,2026-10-07 13:30:00,1791790200,2026-10-12 12:59:59.999999786,30.4,86.7,1,Sunny,https://cdn.weatherapi.com/weather/64x64/day/113.png,1000,6.9,11.2,243,WSW,1013,29.9,0.0,0.0,0,61,0,33.9,93.0,30.4,86.7,34.2,93.6,22.1,71.8,0,3,0,0,10,6,7.2,11.5,8.0,24.4,76.0,,,,,,,,,802.52,203.45,708.19,670.34
Mumbai,Maharashtra,India,18.975,72.826,Asia/Kolkata,1791360015,2026-10-07 13:30:00,1791793800,2026-10-12 14:00:00.000000213,31.1,87.9,1,Sunny,https://cdn.weatherapi.com/weather/64x64/day/113.png,1000,6.9,11.2,307,NW,1012,29.87,0.0,0.0,0,60,0,34.9,94.8,31.1,87.9,35.2,95.3,22.3,72.2,0,3,0,0,10,6,6.9,11.2,8.0,24.8,76.6,,,,,,,,,851.6,206.27,729.33,710.94
Mumbai,Maharashtra,India,18.975,72.826,Asia/Kolkata,1791360015,2026-10-07 13:30:00,1791797400,2026-10-12 15:00:00.000000000,30.7,87.3,1,Sunny,https://cdn.weatherapi.com/weather/64x64/day/113.png,1000,10.3,16.6,309,NW,1012,29.87,0.0,0.0,0,63,0,34.9,94.8,30.7,87.3,34.9,94.8,22.7,72.9,0,4,0,0,10,6,11.6,18.7,8.0,25.0,76.9,,,,,,,,,644.88,188.63,625.23,539.55
Mumbai,Maharashtra,India,18.975,72.826,Asia/Kolkata,1791360015,2026-10-07 13:30:00,1791801000,2026-10-12 15:59:59.999999786,30.2,86.4,1,Sunny,https://cdn.weatherapi.com/weather/64x64/day/113.png,1000,13.4,21.6,311,NW,1011,29.86,0.0,0.0,0,66,0,34.5,94.1,30.2,86.4,34.7,94.5,23.1,73.6,0,4,0,0,10,6,16.6,26.6,8.0,25.0,77.1,,,,,,,,,541.52,179.81,573.19,453.86
Mumbai,Maharashtra,India,18.975,72.826,Asia/Kolkata,1791360015,2026-10-07 13:30:00,1791804600,2026-10-12 17:00:00.000000213,29.8,85.7,1,Sunny,https://cdn.weatherapi.com/weather/64x64/day/113.png,1000,16.8,27.0,312,NW,1011,29.86,0.0,0.0,0,69,0,34.4,93.9,29.8,85.7,34.4,93.9,23.5,74.3,0,5,0,0,10,6,21.3,34.3,7.0,25.2,77.4,,,,,,,,,438.16,170.99,521.14,368.17
Mumbai,Maharashtra,India,18.975,72.826,Asia/Kolkata,1791360015,2026-10-07 13:30:00,1791855000,2026-10-13 06:59:59.999999786,28.7,83.7,1,Sunny,https://cdn.weatherapi.com/weather/64x64/day/113.png,1000,6.7,10.8,56,ENE,1014,29.93,0.0,0.0,0,64,0,31.0,87.8,28.7,83.7,31.3,88.3,21.1,70.0,0,4,0,0,10,6,6.7,10.8,7.0,23.3,74.0,,,,,,,,,76.07,14.09,627.48,36.82
Mumbai,Maharashtra,India,18.975,72.826,Asia/Kolkata,1791360015,2026-10-07 13:30:00,1791858600,2026-10-13 08:00:00.000000213,28.8,83.9,1,Sunny,https://cdn.weatherapi.com/weather/64x64/day/113.png,1000,6.0,9.7,43,NE,1014,29.96,0.0,0.0,0,62,0,30.9,87.6,28.8,83.9,31.2,88.2,20.7,69.2,0,4,0,0,10,6,6.0,9.7,7.0,23.1,73.5,,,,,,,,,101.42,18.78,836.64,49.09
Mumbai,Maharashtra,India,18.975,72.826,Asia/Kolkata,1791360015,2026-10-07 13:30:00,1791862200,2026-10-13 09:00:00.000000000,29.0,84.2,1,Sunny,https://cdn.weatherapi.com/weather/64x64/day/113.png,1000,5.4,8.6,71,ENE,1014,29.95,0.0,0.0,0,61,0,31.2,88.2,29.0,84.2,31.5,88.7,20.8,69.4,0,3,0,0,10,6,5.4,8.6,7.0,23.2,73.7,,,,,,,,,379.84,104.49,747.16,298.72
Mumbai,Maharashtra,India,18.975,72.826,Asia/Kolkata,1791360015,2026-10-07 13:30:00,1791865800,2026-10-13 09:59:59.999999786,29.2,84.6,1,Sunny,https://cdn.weatherapi.com/weather/64x64/day/113.png,1000,4.5,7.2,99,E,1014,29.95,0.0,0.0,0,61,0,31.5,88.7,29.2,84.6,31.9,89.4,20.9,69.6,0,3,0,0,10,6,4.9,7.9,7.0,23.3,74.0,,,,,,,,,519.05,147.34,702.42,423.53
Mumbai,Maharashtra,India,18.975,72.826,Asia/Kolkata,1791360015,2026-10-07 13:30:00,1791869400,2026-10-13 11:00:00.000000213,29.5,85.0,1,Sunny,https://cdn.weatherapi.com/weather/64x64/day/113.png,1000,3.8,6.1,127,SE,1014,29.95,0.0,0.0,0,61,0,31.9,89.4,29.5,85.0,32.2,89.9,21.1,69.9,0,3,0,0,10,6,4.3,7.0,7.0,23.5,74.3,,,,,,,,,658.26,190.19,657.68,548.35
Mumbai,Maharashtra,India,18.975,72.826,Asia/Kolkata,1791360015,2026-10-07 13:30:00,1791873000,2026-10-13 12:00:00.000000000,29.9,85.8,1,Sunny,https://cdn.weatherapi.com/weather/64x64/day/113.png,1000,4.7,7.6,180,S,1013,29.92,0.0,0.0,0,59,0,32.4,90.3,29.9,85.8,32.7,90.9,21.0,69.8,0,3,0,0,10,6,8.1,13.0,7.0,23.6,74.5,,,,,,,,,757.28,195.0,701.1,630.01
Mumbai,Maharashtra,India,18.975,72.826,Asia/Kolkata,1791360015,2026-10-07 13:30:00,1791876600,2026-10-13 12:59:59.999999786,30.3,86.5,1,Sunny,https://cdn.weatherapi.com/weather/64x64/day/113.png,1000,5.6,9.0,233,SW,1012,29.89,0.0,0.0,0,57,0,32.9,91.2,30.3,86.5,33.1,91.6,20.9,69.6,0,3,0,0,10,6,11.6,18.7,8.0,23.7,74.6,,,,,,,,,806.79,197.4,722.82,670.83
Mumbai,Maharashtra,India,18.975,72.826,Asia/Kolkata,1791360015,2026-10-07 13:30:00,1791880200,2026-10-13 14:00:00.000000213,30.7,87.2,1,Sunny,https://cdn.weatherapi.com/weather/64x64/day/113.png,1000,6.5,10.4,286,WNW,1011,29.86,0.0,0.0,0,56,0,33.2,91.8,30.7,87.2,33.6,92.5,20.8,69.5,0,3,0,0,10,6,15.4,24.8,8.0,23.7,74.6,,,,,,,,,856.3,199.81,744.53,711.66
Mumbai,Maharashtra,India,18.975,72.826,Asia/Kolkata,1791360015,2026-10-07 13:30:00,1791883800,2026-10-13 15:00:00.000000000,30.4,86.7,1,Sunny,https://cdn.weatherapi.com/weather/64x64/day/113.png,1000,9.2,14.8,294,WNW,1011,29.86,0.0,0.0,0,58,0,33.2,91.8,30.4,86.7,33.5,92.3,21.2,70.2,0,3,0,0,10,6,15.9,25.6,8.0,23.9,75.0,,,,,,,,,647.33,183.54,638.44,538.9
Mumbai,Maharashtra,India,18.975,72.826,Asia/Kolkata,1791360015,2026-10-07 13:30:00,1791887400,2026-10-13 15:59:59.999999786,30.1,86.2,1,Sunny,https://cdn.weatherapi.com/weather/64x64/day/113.png,1000,11.6,18.7,302,WNW,1011,29.85,0.0,0.0,0,60,0,33.1,91.6,30.1,86.2,33.4,92.1,21.6,70.9,0,3,0,0,10,6,16.6,26.6,8.0,24.0,75.2,,,,,,,,,542.84,175.4,585.39,452.51
Mumbai,Maharashtra,India,18.975,72.826,Asia/Kolkata,1791360015,2026-10-07 13:30:00,1791891000,2026-10-13 17:00:00.000000213,29.9,85.8,1,Sunny,https://cdn.weatherapi.com/weather/64x64/day/113.png,1000,14.3,23.0,310,NW,1011,29.85,0.0,0.0,0,63,0,33.1,91.6,29.9,85.8,33.3,92.0,22.0,71.6,0,4,0,0,10,6,17.1,27.5,7.0,24.2,75.6,,,,,,,,,438.36,167.27,532.34,366.13
Surat,Gujarat,India,20.9667,72.9,Asia/Kolkata,1791360015,2026-10-07 13:30:00,1791336600,2026-10-07 06:59:59.999999786,25.1,77.1,1,Smoky haze,https://cdn.weatherapi.com/weather/64x64/day/149.png,1036,2.9,4.7,69,ENE,1016,29.99,0.0,0.0,0,79,0,28.4,83.1,25.1,77.1,27.1,80.8,21.1,70.0,0,8,0,0,6,3,3.2,5.2,0.2,22.3,72.1,488.0,17.0,81,29.1,53.9,66.4,3,6,48.52,44.01,44.25,44.86
Surat,Gujarat,India,20.9667,72.9,Asia/Kolkata,1791360015,2026-10-07 13:30:00,1791340200,2026-10-07 08:00:00.000000213,27.1,80.8,1,Smoky haze,https://cdn.weatherapi.com/weather/64x64/day/149.png,1036,2.5,4.0,58,ENE,1016,30.01,0.0,0.0,0,69,0,29.0,84.2,27.1,80.8,29.3,84.8,21.0,69.8,0,5,0,0,10,6,2.7,4.3,1.1,22.8,73.0,443.0,17.8,88,32.7,56.0,68.9,3,7,99.28,22.6,751.64,56.26
Surat,Gujarat,India,20.9667,72.9,Asia/Kolkata,1791360015,2026-10-07 13:30:00,1791343800,2026-10-07 09:00:00.000000000,29.3,84.7,1,Smoky haze,https://cdn.weatherapi.com/weather/64x64/day/149.png,1036,2.7,4.3,53,NE,1017,30.02,0.0,0.0,0,62,0,31.9,89.4,29.3,84.7,32.1,89.8,21.3,70.4,0,4,0,0,10,6,3.2,5.1,2.8,23.6,74.5,433.0,18.3,99,39.6,59.5,73.1,3,8,471.68,172.59,550.37,388.14
Surat,Gujarat,India,20.9667,72.9,Asia/Kolkata,1791360015,2026-10-07 13:30:00,1791347400,2026-10-07 09:59:59.999999786,31.0,87.7,1,Sunny,https://cdn.weatherapi.com/weather/64x64/day/113.png,1000,3.4,5.4,35,NE,1017,30.02,0.0,0.0,0,57,0,34.0,93.2,31.0,87.7,34.3,93.8,21.4,70.5,0,3,0,0,10,6,4.5,7.2,5.1,24.1,75.4,437.0,18.6,114,48.0,63.8,77.3,3,8,663.18,183.32,673.82,539.21
Surat,Gujarat,India,20.9667,72.9,Asia/Kolkata,1791360015,2026-10-07 13:30:00,1791351000,2026-10-07 11:00:00.000000213,32.5,90.5,1,Sunny,https://cdn.weatherapi.com/weather/64x64/day/113.png,1000,3.8,6.1,48,NE,1016,30.0,0.0,0.0,0,52,0,35.7,96.3,32.5,90.5,36.2,97.2,21.2,70.2,0,2,0,0,10,6,4.9,7.9,7.2,24.4,76.0,426.0,19.8,126,54.7,66.8,79.6,4,9,801.12,189.07,737.43,648.58
Surat,Gujarat,India,20.9667,72.9,Asia/Kolkata,1791360015,2026-10-07 13:30:00,1791354600,2026-10-07 12:00:00.000000000,33.5,92.3,1,Sunny,https://cdn.weatherapi.com/weather/64x64/day/113.png,1000,4.3,6.8,76,ENE,1015,29.96,0.0,0.0,0,47,0,36.5,97.7,33.5,92.3,37.1,98.8,20.7,69.3,0,1,0,0,10,6,4.7,7.6,8.3,24.4,75.9,367.0,22.3,136,58.7,69.2,81.0,4,9,870.64,192.56,762.85,704.0
Surat,Gujarat,India,20.9667,72.9,Asia/Kolkata,1791360015,2026-10-07 13:30:00,1791358200,2026-10-07 12:59:59.999999786,33.9,93.1,1,Sunny,https://cdn.weatherapi.com/weather/64x64/day/113.png,1000,3.8,6.1,94,E,1014,29.93,0.0,0.0,0,45,0,36.8,98.2,33.9,93.1,37.4,99.4,20.4,68.7,0,1,0,0,10,6,4.3,6.9,7.7,24.3,75.8,293.0,25.6,144,61.1,71.7,82.7,4,10,869.08,199.52,748.28,704.43
Surat,Gujarat,India,20.9667,72.9,Asia/Kolkata,1791360015,2026-10-07 13:30:00,1791361800,2026-10-07 14:00:00.000000213,34.1,93.5,1,Sunny,https://cdn.weatherapi.com/weather/64x64/day/113.png,1000,1.6,2.5,97,E,1013,29.91,0.0,0.0,0,44,0,36.9,98.4,34.1,93.5,37.6,99.7,20.3,68.5,0,1,0,0,10,6,2.9,4.7,5.9,24.3,75.8,280.0,29.2,148,61.9,74.3,84.3,4,10,788.02,187.68,733.83,637.72
Surat,Gujarat,India,20.9667,72.9,Asia/Kolkata,1791360015,2026-10-07 13:30:00,1791365400,2026-10-07 15:00:00.000000000,33.7,92.6,1,Sunny,https://cdn.weatherapi.com/weather/64x64/day/113.png,1000,1.8,2.9,290,WNW,1013,29.9,0.0,0.0,0,46,0,36.6,97.9,33.7,92.6,37.2,99.0,20.6,69.1,0,1,0,0,10,6,2.5,4.0,3.5,24.4,75.9,379.0,34.1,147,60.5,76.4,85.4,4,10,643.18,180.61,667.28,522.57
Surat,Gujarat,India,20.9667,72.9,Asia/Kolkata,1791360015,2026-10-07 13:30:00,1791369000,2026-10-07 15:59:59.999999786,32.3,90.1,1,Sunny,https://cdn.weatherapi.com/weather/64x64/day/113.png,1000,4.0,6.5,282,WNW,1013,29.9,0.0,0.0,0,53,0,35.7,96.3,32.3,90.1,36.2,97.1,21.6,70.8,0,2,0,0,10,6,4.5,7.3,1.5,24.6,76.2,538.0,39.2,143,57.6,78.2,86.6,4,10,446.74,168.07,537.21,367.42
Surat,Gujarat,India,20.9667,72.9,Asia/Kolkata,1791360015,2026-10-07 13:30:00,1791372600,2026-10-07 17:00:00.000000213,29.9,85.7,1,Sunny,https://cdn.weatherapi.com/weather/64x64/day/113.png,1000,5.6,9.0,269,W,1013,29.92,0.0,0.0,0,64,0,33.4,92.1,29.9,85.7,33.5,92.3,22.3,72.2,0,4,0,0,10,6,7.0,11.2,0.4,24.4,75.9,683.0,41.5,139,54.9,78.9,86.4,4,10,221.98,132.49,291.95,189.94
Surat,Gujarat,India,20.9667,72.9,Asia/Kolkata,1791360015,2026-10-07 13:30:00,1791423000,2026-10-08 06:59:59.999999786,25.3,77.5,1,Smoky haze,https://cdn.weatherapi.com/weather/64x64/day/149.png,1036,4.9,7.9,55,NE,1016,30.01,0.0,0.0,0,64,0,26.6,79.9,25.3,77.5,26.7,80.0,18.1,64.6,0,4,0,0,10,6,5.8,9.4,0.2,20.5,68.8,693.0,25.5,75,38.9,50.8,54.8,3,6,48.2,43.61,45.55,44.37
Surat,Gujarat,India,20.9667,72.9,Asia/Kolkata,1791360015,2026-10-07 13:30:00,1791426600,2026-10-08 08:00:00.000000213,27.9,82.2,1,Smoky haze,https://cdn.weatherapi.com/weather/64x64/day/149.png,1036,4.7,7.6,62,ENE,1017,30.02,0.0,0.0,0,58,0,29.1,84.4,27.9,82.2,29.4,84.8,18.8,65.9,0,3,0,0,10,6,6.9,11.2,1.0,21.7,71.0,654.0,25.4,88,37.2,50.4,54.6,3,6,249.64,139.67,329.47,211.45
Surat,Gujarat,India,20.9667,72.9,Asia/Kolkata,1791360015,2026-10-07 13:30:00,1791430200,2026-10-08 09:00:00.000000000,30.2,86.3,1,Smoky haze,https://cdn.weatherapi.com/weather/64x64/day/149.png,1036,4.9,7.9,60,ENE,1017,30.03,0.0,0.0,0,52,0,31.6,88.9,30.2,86.3,32.0,89.6,19.1,66.4,0,2,0,0,10,6,7.0,11.2,2.8,22.5,72.5,532.0,22.5,119,37.3,49.4,54.0,3,6,472.88,169.69,559.8,386.84
Surat,Gujarat,India,20.9667,72.9,Asia/Kolkata,1791360015,2026-10-07 13:30:00,1791433800,2026-10-08 09:59:59.999999786,32.0,89.6,1,Smoky haze,https://cdn.weatherapi.com/weather/64x64/day/149.png,1036,4.7,7.6,62,ENE,1017,30.02,0.0,0.0,0,47,0,33.6,92.5,32.0,89.6,34.2,93.6,19.3,66.7,0,1,0,0,10,6,5.8,9.4,5.0,23.1,73.6,366.0,18.1,161,38.5,50.4,55.3,3,6,664.98,179.73,683.46,537.95
Surat,Gujarat,India,20.9667,72.9,Asia/Kolkata,1791360015,2026-10-07 13:30:00,1791437400,2026-10-08 11:00:00.000000213,33.6,92.5,1,Smoky haze,https://cdn.weatherapi.com/weather/64x64/day/149.png,1036,4.7,7.6,65,ENE,1016,29.99,0.0,0.0,0,43,0,35.5,95.9,33.6,92.5,36.2,97.2,19.3,66.8,0,1,0,0,10,6,5.2,8.3,7.1,23.6,74.5,242.0,14.3,200,38.9,52.7,57.9,3,6,802.92,185.58,746.07,647.22
Surat,Gujarat,India,20.9667,72.9,Asia/Kolkata,1791360015,2026-10-07 13:30:00,1791441000,2026-10-08 12:00:00.000000000,34.6,94.2,1,Smoky haze,https://cdn.weatherapi.com/weather/64x64/day/149.png,1036,3.8,6.1,85,E,1014,29.95,0.0,0.0,0,40,0,36.6,97.9,34.6,94.2,37.1,98.7,18.9,66.0,0,1,0,0,10,6,4.3,6.9,8.0,23.6,74.5,185.0,11.5,234,37.0,56.9,61.9,3,7,872.56,188.95,771.55,702.65
Surat,Gujarat,India,20.9667,72.9,Asia/Kolkata,1791360015,2026-10-07 13:30:00,1791444600,2026-10-08 12:59:59.999999786,35.2,95.4,1,Smoky haze,https://cdn.weatherapi.com/weather/64x64/day/149.png,1036,2.5,4.0,100,E,1013,29.92,0.0,0.0,0,38,0,37.6,99.7,35.2,95.4,37.8,100.0,18.7,65.7,0,1,0,0,10,6,3.8,6.2,7.5,23.7,74.6,169.0,9.3,266,34.3,61.9,66.6,3,8,867.36,188.68,769.77,698.41
Surat,Gujarat,India,20.9667,72.9,Asia/Kolkata,1791360015,2026-10-07 13:30:00,1791448200,2026-10-08 14:00:00.000000213,35.3,95.5,1,Smoky haze,https://cdn.weatherapi.com/weather/64x64/day/149.png,1036,0.4,0.7,73,ENE,1012,29.89,0.0,0.0,0,38,0,38.3,100.9,35.3,95.5,37.9,100.2,18.7,65.7,0,1,0,0,10,6,2.9,4.7,5.7,23.7,74.7,211.0,8.7,287,33.2,66.1,70.8,4,9,788.42,184.39,741.43,635.31
Surat,Gujarat,India,20.9667,72.9,Asia/Kolkata,1791360015,2026-10-07 13:30:00,1791451800,2026-10-08 15:00:00.000000000,34.7,94.4,1,Smoky haze,https://cdn.weatherapi.com/weather/64x64/day/149.png,1036,2.0,3.2,275,W,1012,29.87,0.0,0.0,0,41,0,36.9,98.4,34.7,94.4,37.7,99.8,19.5,67.2,0,1,0,0,10,6,3.0,4.8,3.4,24.0,75.2,356.0,10.7,295,35.0,69.4,74.0,4,9,643.1,177.15,675.65,519.88
Surat,Gujarat,India,20.9667,72.9,Asia/Kolkata,1791360015,2026-10-07 13:30:00,1791455400,2026-10-08 15:59:59.999999786,32.9,91.3,1,Smoky haze,https://cdn.weatherapi.com/weather/64x64/day/149.png,1036,4.5,7.2,264,W,1012,29.88,0.0,0.0,0,49,0,36.0,96.8,32.9,91.3,36.5,97.8,20.9,69.7,0,2,0,0,10,6,15.7,25.2,1.5,24.4,75.9,558.0,14.3,294,38.4,71.9,76.6,4,10,445.36,165.53,543.31,364.27
Surat,Gujarat,India,20.9667,72.9,Asia/Kolkata,1791360015,2026-10-07 13:30:00,1791459000,2026-10-08 17:00:00.000000213,29.6,85.4,1,Sunny,https://cdn.weatherapi.com/weather/64x64/day/113.png,1000,6.3,10.1,262,W,1012,29.89,0.0,0.0,0,60,0,32.3,90.1,29.7,85.4,32.5,90.5,21.2,70.2,0,3,0,0,10,6,7.9,12.6,0.4,23.6,74.5,690.0,17.4,282,42.5,73.1,77.8,4,10,220.61,130.32,298.14,187.48
Surat,Gujarat,India,20.9667,72.9,Asia/Kolkata,1791360015,2026-10-07 13:30:00,1791509400,2026-10-09 06:59:59.999999786,25.4,77.7,1,Smoky haze,https://cdn.weatherapi.com/weather/64x64/day/149.png,1036,3.8,6.1,108,ESE,1014,29.94,0.0,0.0,0,66,0,27.1,80.8,25.4,77.7,26.8,80.3,18.5,65.4,0,4,0,0,10,6,4.0,6.5,0.2,20.7,69.3,615.0,22.2,84,35.2,47.6,52.3,3,5,47.72,43.13,46.19,43.76
Surat,Gujarat,India,20.9667,72.9,Asia/Kolkata,1791360015,2026-10-07 13:30:00,1791513000,2026-10-09 08:00:00.000000213,27.7,81.9,1,Smoky haze,https://cdn.weatherapi.com/weather/64x64/day/149.png,1036,3.6,5.8,106,ESE,1014,29.96,0.0,0.0,0,59,0,29.0,84.2,27.7,81.9,29.3,84.7,19.1,66.4,0,3,0,0,10,6,3.6,5.8,1.0,21.8,71.2,584.0,23.2,96,36.7,48.8,53.7,3,6,248.74,139.0,330.33,209.74
Surat,Gujarat,India,20.9667,72.9,Asia/Kolkata,1791360015,2026-10-07 13:30:00,1791516600,2026-10-09 09:00:00.000000000,29.7,85.5,1,Sunny,https://cdn.weatherapi.com/weather/64x64/day/113.png,1000,3.4,5.4,86,E,1015,29.97,0.0,0.0,0,54,0,31.2,88.2,29.7,85.5,31.6,88.8,19.3,66.8,0,2,0,0,10,6,3.4,5.5,2.7,22.5,72.5,486.0,22.3,122,40.4,49.7,55.3,3,6,471.14,169.57,558.77,384.05
Surat,Gujarat,India,20.9667,72.9,Asia/Kolkata,1791360015,2026-10-07 13:30:00,1791520200,2026-10-09 09:59:59.999999786,31.7,89.1,1,Sunny,https://cdn.weatherapi.com/weather/64x64/day/113.png,1000,4.0,6.5,56,ENE,1015,29.97,0.0,0.0,0,48,0,33.5,92.3,31.7,89.1,34.0,93.3,19.5,67.1,0,1,0,0,10,6,4.5,7.2,4.9,23.2,73.7,356.0,20.5,156,45.4,51.2,57.4,3,6,662.4,180.09,681.45,534.29
Surat,Gujarat,India,20.9667,72.9,Asia/Kolkata,1791360015,2026-10-07 13:30:00,1791523800,2026-10-09 11:00:00.000000213,33.2,91.8,1,Sunny,https://cdn.weatherapi.com/weather/64x64/day/113.png,1000,4.3,6.8,55,NE,1014,29.94,0.0,0.0,0,44,0,35.1,95.2,33.2,91.8,35.7,96.3,19.3,66.8,0,1,0,0,10,6,4.9,7.9,6.9,23.5,74.3,269.0,18.7,186,48.8,54.2,60.5,3,7,799.22,186.47,742.81,642.64
Surat,Gujarat,India,20.9667,72.9,Asia/Kolkata,1791360015,2026-10-07 13:30:00,1791527400,2026-10-09 12:00:00.000000000,34.4,93.9,1,Sunny,https://cdn.weatherapi.com/weather/64x64/day/113.png,1000,3.1,5.0,75,ENE,1013,29.91,0.0,0.0,0,41,0,36.3,97.3,34.4,93.9,37.1,98.7,19.2,66.5,0,1,0,0,10,6,3.4,5.4,7.8,23.7,74.7,264.0,16.7,211,49.3,58.1,64.0,3,7,868.96,189.37,769.52,697.96
Surat,Gujarat,India,20.9667,72.9,Asia/Kolkata,1791360015,2026-10-07 13:30:00,1791531000,2026-10-09 12:59:59.999999786,34.9,94.8,1,Sunny,https://cdn.weatherapi.com/weather/64x64/day/113.png,1000,2.0,3.2,121,ESE,1012,29.87,0.0,0.0,0,39,0,37.6,99.7,34.9,94.8,37.6,99.7,19.1,66.3,0,1,0,0,10,6,2.5,4.0,7.2,23.8,74.8,302.0,14.7,232,48.2,61.7,67.3,3,8,864.24,188.48,769.25,693.95
Surat,Gujarat,India,20.9667,72.9,Asia/Kolkata,1791360015,2026-10-07 13:30:00,1791534600,2026-10-09 14:00:00.000000213,35.0,95.0,1,Sunny,https://cdn.weatherapi.com/weather/64x64/day/113.png,1000,2.2,3.6,198,SSW,1011,29.84,0.0,0.0,0,39,0,37.6,99.7,35.0,95.0,37.8,100.0,19.1,66.4,0,1,0,0,10,6,2.3,3.6,5.5,23.9,74.9,351.0,13.8,245,47.1,64.0,69.6,3,8,785.3,183.94,741.27,630.86
Surat,Gujarat,India,20.9667,72.9,Asia/Kolkata,1791360015,2026-10-07 13:30:00,1791538200,2026-10-09 15:00:00.000000000,34.2,93.6,1,Sunny,https://cdn.weatherapi.com/weather/64x64/day/113.png,1000,4.0,6.5,233,SW,1010,29.83,0.0,0.0,0,42,0,36.4,97.5,34.2,93.6,37.1,98.8,19.5,67.2,0,1,0,0,10,6,15.2,24.5,3.3,23.9,75.0,392.0,14.9,247,45.6,65.0,70.5,3,9,639.74,176.69,674.96,515.43
Surat,Gujarat,India,20.9667,72.9,Asia/Kolkata,1791360015,2026-10-07 13:30:00,1791541800,2026-10-09 15:59:59.999999786,32.7,90.8,1,Sunny,https://cdn.weatherapi.com/weather/64x64/day/113.png,1000,5.4,8.6,254,WSW,1010,29.83,0.0,0.0,0,51,0,36.0,96.8,32.7,90.8,36.5,97.7,21.3,70.4,0,2,0,0,10,6,12.1,19.4,1.4,24.5,76.2,444.0,17.2,241,44.1,65.4,71.0,4,9,442.08,164.8,542.22,360.18
Surat,Gujarat,India,20.9667,72.9,Asia/Kolkata,1791360015,2026-10-07 13:30:00,1791545400,2026-10-09 17:00:00.000000213,29.8,85.6,1,Sunny,https://cdn.weatherapi.com/weather/64x64/day/113.png,1000,6.3,10.1,273,W,1011,29.84,0.0,0.0,0,61,0,32.7,90.9,29.8,85.6,33.0,91.3,21.6,70.8,0,3,0,0,10,6,7.4,11.9,0.4,23.9,75.1,524.0,19.2,229,44.5,65.0,70.5,3,9,217.7,129.04,296.34,184.24
Surat,Gujarat,India,20.9667,72.9,Asia/Kolkata,1791360015,2026-10-07 13:30:00,1791595800,2026-10-10 06:59:59.999999786,26.1,79.1,1,Sunny,https://cdn.weatherapi.com/weather/64x64/day/113.png,1000,2.0,3.2,70,ENE,1013,29.91,0.0,0.0,0,74,0,28.6,83.5,26.1,79.1,28.3,82.9,21.2,70.1,0,7,0,0,6,4,2.3,3.7,0.2,22.6,72.7,602.0,36.3,56,57.4,61.7,67.5,3,8,46.52,42.26,43.47,42.65
Surat,Gujarat,India,20.9667,72.9,Asia/Kolkata,1791360015,2026-10-07 13:30:00,1791599400,2026-10-10 08:00:00.000000213,28.1,82.6,1,Sunny,https://cdn.weatherapi.com/weather/64x64/day/113.png,1000,3.6,5.8,50,NE,1013,29.93,0.0,0.0,0,65,0,30.1,86.2,28.1,82.6,30.4,86.7,20.8,69.5,0,4,0,0,10,6,5.1,8.3,1.1,23.0,73.3,498.0,35.4,67,59.1,56.7,62.9,3,7,246.04,139.46,322.38,207.17
Surat,Gujarat,India,20.9667,72.9,Asia/Kolkata,1791360015,2026-10-07 13:30:00,1791603000,2026-10-10 09:00:00.000000000,29.7,85.5,1,Sunny,https://cdn.weatherapi.com/weather/64x64/day/113.png,1000,4.9,7.9,58,ENE,1014,29.94,0.0,0.0,0,58,0,31.9,89.4,29.7,85.5,32.2,90.0,20.6,69.0,0,3,0,0,10,6,6.5,10.5,2.8,23.3,73.9,412.0,31.8,93,57.1,52.3,59.1,3,6,467.28,171.42,550.14,380.23
Surat,Gujarat,India,20.9667,72.9,Asia/Kolkata,1791360015,2026-10-07 13:30:00,1791606600,2026-10-10 09:59:59.999999786,31.2,88.2,1,Sunny,https://cdn.weatherapi.com/weather/64x64/day/113.png,1000,5.8,9.4,65,ENE,1014,29.93,0.0,0.0,0,53,0,33.7,92.7,31.3,88.3,34.1,93.4,20.5,68.9,0,2,0,0,10,6,6.7,10.8,5.2,23.6,74.6,334.0,26.6,128,52.9,49.6,56.6,3,6,657.56,182.48,673.39,529.45
Surat,Gujarat,India,20.9667,72.9,Asia/Kolkata,1791360015,2026-10-07 13:30:00,1791610200,2026-10-10 11:00:00.000000213,32.3,90.1,1,Sunny,https://cdn.weatherapi.com/weather/64x64/day/113.png,1000,5.6,9.0,63,ENE,1013,29.92,0.0,0.0,0,49,0,34.5,94.1,32.3,90.1,35.1,95.1,20.1,68.1,0,1,0,0,10,6,5.8,9.4,7.2,23.7,74.6,278.0,21.8,159,49.4,47.7,54.8,3,5,793.19,189.23,734.47,636.77
Surat,Gujarat,India,20.9667,72.9,Asia/Kolkata,1791360015,2026-10-07 13:30:00,1791613800,2026-10-10 12:00:00.000000000,33.2,91.8,1,Sunny,https://cdn.weatherapi.com/weather/64x64/day/113.png,1000,4.5,7.2,59,ENE,1012,29.89,0.0,0.0,0,45,0,35.4,95.7,33.2,91.8,36.1,96.9,19.8,67.6,0,1,0,0,10,6,4.5,7.2,8.2,23.8,74.8,247.0,17.9,181,47.7,48.3,55.4,3,6,861.02,193.03,758.9,690.74
Surat,Gujarat,India,20.9667,72.9,Asia/Kolkata,1791360015,2026-10-07 13:30:00,1791617400,2026-10-10 12:59:59.999999786,34.0,93.1,1,Sunny,https://cdn.weatherapi.com/weather/64x64/day/113.png,1000,2.5,4.0,58,ENE,1011,29.86,0.0,0.0,0,44,0,36.3,97.3,34.0,93.1,37.0,98.6,19.8,67.7,0,1,0,0,10,6,3.1,5.0,7.6,24.0,75.1,239.0,14.5,199,46.6,49.1,56.2,3,6,854.98,192.88,756.46,685.89
Surat,Gujarat,India,20.9667,72.9,Asia/Kolkata,1791360015,2026-10-07 13:30:00,1791621000,2026-10-10 14:00:00.000000213,33.8,92.9,1,Sunny,https://cdn.weatherapi.com/weather/64x64/day/113.png,1000,0.2,0.4,300,WNW,1011,29.84,0.0,0.0,0,44,0,36.3,97.3,33.9,92.9,37.0,98.5,19.9,67.9,0,1,0,0,10,6,2.3,3.7,5.8,24.0,75.2,253.0,12.7,209,45.7,50.2,57.2,3,6,776.1,188.48,727.41,623.0
Surat,Gujarat,India,20.9667,72.9,Asia/Kolkata,1791360015,2026-10-07 13:30:00,1791624600,2026-10-10 15:00:00.000000000,33.0,91.3,1,Sunny,https://cdn.weatherapi.com/weather/64x64/day/113.png,1000,3.6,5.8,263,W,1010,29.84,0.0,0.0,0,48,0,35.6,96.1,33.0,91.3,36.2,97.1,20.4,68.7,0,1,0,0,10,6,3.6,5.8,3.4,24.0,75.3,300.0,13.4,209,44.2,51.0,57.9,3,6,630.78,181.41,658.46,508.07
Surat,Gujarat,India,20.9667,72.9,Asia/Kolkata,1791360015,2026-10-07 13:30:00,1791628200,2026-10-10 15:59:59.999999786,30.9,87.6,1,Sunny,https://cdn.weatherapi.com/weather/64x64/day/113.png,1000,6.5,10.4,263,W,1010,29.83,0.0,0.0,0,56,0,33.7,92.7,30.9,87.6,34.1,93.3,21.1,70.0,0,3,0,0,10,6,17.7,28.4,1.5,23.9,75.1,371.0,15.9,200,42.8,51.5,58.0,3,6,434.96,167.72,526.35,354.31
Surat,Gujarat,India,20.9667,72.9,Asia/Kolkata,1791360015,2026-10-07 13:30:00,1791631800,2026-10-10 17:00:00.000000213,28.8,83.9,1,Sunny,https://cdn.weatherapi.com/weather/64x64/day/113.png,1000,7.4,11.9,265,W,1010,29.84,0.0,0.0,0,63,0,31.2,88.2,28.8,83.9,31.4,88.5,21.1,69.9,0,4,0,0,10,6,11.0,17.7,0.4,23.3,73.9,438.0,18.6,187,43.9,51.8,58.4,3,6,212.94,128.78,284.77,180.16
Surat,Gujarat,India,20.9667,72.9,Asia/Kolkata,1791360015,2026-10-07 13:30:00,1791682200,2026-10-11 06:59:59.999999786,24.7,76.5,1,Sunny,https://cdn.weatherapi.com/weather/64x64/day/113.png,1000,5.6,9.0,49,NE,1014,29.95,0.0,0.0,0,71,0,26.3,79.3,24.7,76.5,26.4,79.4,19.1,66.4,0,6,0,0,10,6,7.9,12.6,0.2,20.9,69.6,489.8,33.7,49,41.8,40.7,45.1,3,4,45.84,41.66,43.26,41.9
Surat,Gujarat,India,20.9667,72.9,Asia/Kolkata,1791360015,2026-10-07 13:30:00,1791685800,2026-10-11 08:00:00.000000213,27.2,81.0,1,Sunny,https://cdn.weatherapi.com/weather/64x64/day/113.png,1000,6.3,10.1,38,NE,1015,29.96,0.0,0.0,0,63,0,28.6,83.5,27.2,81.0,28.9,83.9,19.5,67.1,0,4,0,0,10,6,10.1,16.2,1.0,21.9,71.4,474.0,31.1,61,42.2,39.3,43.5,2,4,243.3,139.89,314.39,204.61
Surat,Gujarat,India,20.9667,72.9,Asia/Kolkata,1791360015,2026-10-07 13:30:00,1791689400,2026-10-11 09:00:00.000000000,29.4,85.0,1,Sunny,https://cdn.weatherapi.com/weather/64x64/day/113.png,1000,7.4,11.9,37,NE,1015,29.97,0.0,0.0,0,54,0,30.9,87.6,29.4,85.0,31.2,88.2,19.3,66.7,0,2,0,0,10,6,10.8,17.3,2.7,22.4,72.3,451.0,28.1,84,43.4,38.6,43.5,2,4,463.98,172.68,543.63,376.72
Surat,Gujarat,India,20.9667,72.9,Asia/Kolkata,1791360015,2026-10-07 13:30:00,1791693000,2026-10-11 09:59:59.999999786,31.2,88.2,1,Sunny,https://cdn.weatherapi.com/weather/64x64/day/113.png,1000,8.1,13.0,37,NE,1015,29.96,0.0,0.0,0,48,0,32.6,90.7,31.2,88.2,33.1,91.6,19.0,66.1,0,1,0,0,10,6,10.7,17.3,5.0,22.7,72.9,421.0,24.6,115,44.9,38.9,44.2,2,4,654.98,182.75,671.53,525.82
Surat,Gujarat,India,20.9667,72.9,Asia/Kolkata,1791360015,2026-10-07 13:30:00,1791696600,2026-10-11 11:00:00.000000213,32.7,90.8,1,Sunny,https://cdn.weatherapi.com/weather/64x64/day/113.png,1000,8.1,13.0,42,NE,1014,29.94,0.0,0.0,0,44,0,34.1,93.4,32.7,90.8,34.8,94.6,18.8,65.9,0,1,0,0,10,6,10.1,16.2,7.0,23.1,73.5,393.0,21.1,143,45.4,39.6,45.4,2,4,791.74,188.22,736.29,633.5
Surat,Gujarat,India,20.9667,72.9,Asia/Kolkata,1791360015,2026-10-07 13:30:00,1791700200,2026-10-11 12:00:00.000000000,33.8,92.8,1,Sunny,https://cdn.weatherapi.com/weather/64x64/day/113.png,1000,7.8,12.6,49,NE,1013,29.91,0.0,0.0,0,42,0,35.4,95.7,33.8,92.8,36.2,97.1,19.0,66.1,0,1,0,0,10,6,8.9,14.4,8.0,23.4,74.2,370.0,17.1,168,44.0,41.4,47.3,3,4,860.5,191.08,763.08,687.89
Surat,Gujarat,India,20.9667,72.9,Asia/Kolkata,1791360015,2026-10-07 13:30:00,1791703800,2026-10-11 12:59:59.999999786,34.6,94.3,1,Sunny,https://cdn.weatherapi.com/weather/64x64/day/113.png,1000,6.5,10.4,52,NE,1012,29.88,0.0,0.0,0,40,0,36.6,97.9,34.6,94.3,37.3,99.2,19.2,66.5,0,1,0,0,10,6,7.7,12.4,7.5,23.8,74.8,349.0,13.0,192,41.6,42.8,48.8,3,5,854.66,190.49,761.63,683.09
Surat,Gujarat,India,20.9667,72.9,Asia/Kolkata,1791360015,2026-10-07 13:30:00,1791707400,2026-10-11 14:00:00.000000213,35.1,95.2,1,Smoky haze,https://cdn.weatherapi.com/weather/64x64/day/149.png,1036,4.9,7.9,49,NE,1011,29.86,0.0,0.0,0,39,0,36.9,98.4,35.1,95.2,38.0,100.3,19.2,66.5,0,1,0,0,10,6,6.1,9.8,5.7,23.9,75.0,334.0,10.8,205,39.1,43.4,49.5,3,5,775.08,186.26,732.03,619.76
Surat,Gujarat,India,20.9667,72.9,Asia/Kolkata,1791360015,2026-10-07 13:30:00,1791711000,2026-10-11 15:00:00.000000000,35.3,95.5,1,Smoky haze,https://cdn.weatherapi.com/weather/64x64/day/149.png,1036,3.4,5.4,33,NNE,1011,29.84,0.0,0.0,0,39,0,37.5,99.5,35.3,95.5,38.1,100.5,19.1,66.3,0,1,0,0,10,6,4.7,7.6,3.3,23.9,75.0,327.0,11.8,202,36.7,42.7,48.5,3,5,629.04,179.44,662.28,504.51
Surat,Gujarat,India,20.9667,72.9,Asia/Kolkata,1791360015,2026-10-07 13:30:00,1791714600,2026-10-11 15:59:59.999999786,34.8,94.7,1,Smoky haze,https://cdn.weatherapi.com/weather/64x64/day/149.png,1036,2.5,4.0,353,N,1010,29.83,0.0,0.0,0,43,1,37.9,100.2,34.8,94.7,38.6,101.5,20.5,68.8,0,1,0,0,10,6,4.9,8.0,1.4,24.6,76.2,325.0,14.6,188,34.4,41.7,47.1,3,4,431.84,166.85,525.67,350.37
Surat,Gujarat,India,20.9667,72.9,Asia/Kolkata,1791360015,2026-10-07 13:30:00,1791718200,2026-10-11 17:00:00.000000213,32.5,90.6,1,Smoky haze,https://cdn.weatherapi.com/weather/64x64/day/149.png,1036,2.5,4.0,290,WNW,1010,29.84,0.0,0.0,0,52,16,35.8,96.4,32.5,90.6,36.3,97.4,21.3,70.4,0,3,0,0,10,6,4.5,7.2,0.4,24.5,76.1,324.0,16.8,178,32.7,40.4,45.8,3,4,208.72,128.21,275.79,176.38
Surat,Gujarat,India,20.9667,72.9,Asia/Kolkata,1791360015,2026-10-07 13:30:00,1791768600,2026-10-12 06:59:59.999999786,27.7,81.9,1,Partly Cloudy,https://cdn.weatherapi.com/weather/64x64/day/116.png,1003,5.8,9.4,61,ENE,1015,29.97,0.0,0.0,0,56,14,28.7,83.7,27.7,81.9,29.1,84.4,18.2,64.8,0,3,0,0,10,6,8.1,13.0,7.0,21.3,70.3,,,,,,,,,69.4,16.1,559.74,31.07
Surat,Gujarat,India,20.9667,72.9,Asia/Kolkata,1791360015,2026-10-07 13:30:00,1791772200,2026-10-12 08:00:00.000000213,28.6,83.4,1,Sunny,https://cdn.weatherapi.com/weather/64x64/day/113.png,1000,6.0,9.7,65,ENE,1016,29.99,0.0,0.0,0,56,0,29.9,85.8,28.6,83.4,30.2,86.4,19.1,66.4,0,3,0,0,10,6,9.2,14.8,7.0,22.0,71.7,,,,,,,,,92.54,21.47,746.32,41.43
Surat,Gujarat,India,20.9667,72.9,Asia/Kolkata,1791360015,2026-10-07 13:30:00,1791775800,2026-10-12 09:00:00.000000000,30.5,86.9,1,Sunny,https://cdn.weatherapi.com/weather/64x64/day/113.png,1000,6.5,10.4,69,ENE,1016,29.99,0.0,0.0,0,52,0,32.1,89.8,30.5,86.9,32.4,90.3,19.1,66.4,0,2,0,0,10,6,8.7,14.0,8.0,22.8,73.0,,,,,,,,,365.72,108.56,689.36,278.39
Surat,Gujarat,India,20.9667,72.9,Asia/Kolkata,1791360015,2026-10-07 13:30:00,1791779400,2026-10-12 09:59:59.999999786,32.3,90.1,1,Sunny,https://cdn.weatherapi.com/weather/64x64/day/113.png,1000,6.7,10.8,72,ENE,1015,29.98,0.0,0.0,0,46,0,34.1,93.4,32.3,90.1,34.7,94.5,19.2,66.6,0,1,0,0,10,6,8.3,13.3,8.0,23.3,73.9,,,,,,,,,502.31,152.1,660.89,396.87
Surat,Gujarat,India,20.9667,72.9,Asia/Kolkata,1791360015,2026-10-07 13:30:00,1791783000,2026-10-12 11:00:00.000000213,34.2,93.6,1,Sunny,https://cdn.weatherapi.com/weather/64x64/day/113.png,1000,7.2,11.5,76,ENE,1015,29.98,0.0,0.0,0,41,0,36.2,97.2,34.2,93.6,36.9,98.4,19.2,66.6,0,1,0,0,10,6,7.8,12.6,8.0,23.7,74.7,,,,,,,,,638.9,195.65,632.41,515.35
Surat,Gujarat,India,20.9667,72.9,Asia/Kolkata,1791360015,2026-10-07 13:30:00,1791786600,2026-10-12 12:00:00.000000000,34.9,94.8,1,Sunny,https://cdn.weatherapi.com/weather/64x64/day/113.png,1000,6.7,10.8,66,ENE,1014,29.95,0.0,0.0,0,38,0,35.9,96.6,34.9,94.8,37.3,99.1,18.6,65.5,0,1,0,0,10,6,8.3,13.3,8.0,23.6,74.4,,,,,,,,,735.6,200.71,676.78,591.59
Surat,Gujarat,India,20.9667,72.9,Asia/Kolkata,1791360015,2026-10-07 13:30:00,1791790200,2026-10-12 12:59:59.999999786,35.6,96.1,1,Sunny,https://cdn.weatherapi.com/weather/64x64/day/113.png,1000,6.5,10.4,56,ENE,1013,29.92,0.0,0.0,0,35,0,36.4,97.5,35.6,96.1,37.7,99.9,17.9,64.2,0,1,0,0,10,6,8.5,13.7,9.0,23.4,74.1,,,,,,,,,783.95,203.25,698.97,629.71
Surat,Gujarat,India,20.9667,72.9,Asia/Kolkata,1791360015,2026-10-07 13:30:00,1791793800,2026-10-12 14:00:00.000000213,36.3,97.4,1,Sunny,https://cdn.weatherapi.com/weather/64x64/day/113.png,1000,6.0,9.7,46,NE,1012,29.89,0.0,0.0,0,32,0,36.9,98.4,36.3,97.4,38.1,100.5,17.2,62.9,0,0,0,0,10,6,8.9,14.4,9.0,23.2,73.7,,,,,,,,,832.3,205.78,721.15,667.83
Surat,Gujarat,India,20.9667,72.9,Asia/Kolkata,1791360015,2026-10-07 13:30:00,1791797400,2026-10-12 15:00:00.000000000,34.9,94.8,1,Sunny,https://cdn.weatherapi.com/weather/64x64/day/113.png,1000,6.3,10.1,141,SE,1012,29.89,0.0,0.0,0,38,0,35.9,96.6,34.9,94.8,36.9,98.4,18.0,64.4,0,1,0,0,10,6,10.3,16.6,8.0,23.4,74.1,,,,,,,,,628.58,187.71,615.56,506.27
Surat,Gujarat,India,20.9667,72.9,Asia/Kolkata,1791360015,2026-10-07 13:30:00,1791801000,2026-10-12 15:59:59.999999786,33.5,92.3,1,Sunny,https://cdn.weatherapi.com/weather/64x64/day/113.png,1000,6.3,10.1,237,WSW,1012,29.88,0.0,0.0,0,43,0,35.3,95.5,33.5,92.3,35.8,96.4,18.9,66.0,0,1,0,0,10,6,11.4,18.4,8.0,23.5,74.3,,,,,,,,,526.71,178.67,562.77,425.48
Surat,Gujarat,India,20.9667,72.9,Asia/Kolkata,1791360015,2026-10-07 13:30:00,1791804600,2026-10-12 17:00:00.000000213,32.1,89.7,1,Sunny,https://cdn.weatherapi.com/weather/64x64/day/113.png,1000,6.5,10.4,332,NNW,1012,29.88,0.0,0.0,0,48,0,34.1,93.4,32.1,89.7,34.6,94.3,19.8,67.6,0,1,0,0,10,6,12.8,20.6,8.0,23.4,74.2,,,,,,,,,424.85,169.63,509.97,344.7
Surat,Gujarat,India,20.9667,72.9,Asia/Kolkata,1791360015,2026-10-07 13:30:00,1791855000,2026-10-13 06:59:59.999999786,27.4,81.3,1,Sunny,https://cdn.weatherapi.com/weather/64x64/day/113.png,1000,4.5,7.2,80,E,1014,29.96,0.0,0.0,0,50,0,27.8,82.0,27.4,81.3,28.2,82.8,16.1,61.0,0,2,0,0,10,6,8.1,13.0,7.0,19.9,67.9,,,,,,,,,73.05,13.02,640.07,27.95
Surat,Gujarat,India,20.9667,72.9,Asia/Kolkata,1791360015,2026-10-07 13:30:00,1791858600,2026-10-13 08:00:00.000000213,28.2,82.8,1,Sunny,https://cdn.weatherapi.com/weather/64x64/day/113.png,1000,3.1,5.0,92,E,1015,29.98,0.0,0.0,0,51,0,28.8,83.8,28.2,82.8,29.1,84.4,17.1,62.8,0,2,0,0,10,6,5.4,8.6,7.0,20.8,69.4,,,,,,,,,97.4,17.36,853.42,37.27
Surat,Gujarat,India,20.9667,72.9,Asia/Kolkata,1791360015,2026-10-07 13:30:00,1791862200,2026-10-13 09:00:00.000000000,30.2,86.4,1,Sunny,https://cdn.weatherapi.com/weather/64x64/day/113.png,1000,3.6,5.8,98,E,1015,29.98,0.0,0.0,0,46,0,30.8,87.4,30.2,86.4,31.4,88.5,17.3,63.1,0,1,0,0,10,6,5.6,9.0,8.0,21.6,70.8,,,,,,,,,369.25,104.35,748.66,275.74
Surat,Gujarat,India,20.9667,72.9,Asia/Kolkata,1791360015,2026-10-07 13:30:00,1791865800,2026-10-13 09:59:59.999999786,32.2,90.0,1,Sunny,https://cdn.weatherapi.com/weather/64x64/day/113.png,1000,4.3,6.8,105,ESE,1015,29.97,0.0,0.0,0,42,0,33.0,91.4,32.2,90.0,33.6,92.5,17.5,63.5,0,1,0,0,10,6,5.8,9.4,8.0,22.3,72.2,,,,,,,,,505.17,147.84,696.28,394.98
Surat,Gujarat,India,20.9667,72.9,Asia/Kolkata,1791360015,2026-10-07 13:30:00,1791869400,2026-10-13 11:00:00.000000213,34.1,93.4,1,Sunny,https://cdn.weatherapi.com/weather/64x64/day/113.png,1000,4.7,7.6,112,ESE,1015,29.96,0.0,0.0,0,38,0,35.3,95.5,34.1,93.4,35.8,96.5,17.7,63.9,0,1,0,0,10,6,6.1,9.9,8.0,22.8,73.1,,,,,,,,,641.1,191.33,643.9,514.22
Surat,Gujarat,India,20.9667,72.9,Asia/Kolkata,1791360015,2026-10-07 13:30:00,1791873000,2026-10-13 12:00:00.000000000,34.8,94.6,1,Sunny,https://cdn.weatherapi.com/weather/64x64/day/113.png,1000,3.6,5.8,76,ENE,1014,29.93,0.0,0.0,0,36,0,36.3,97.3,34.8,94.6,36.4,97.5,17.4,63.3,0,1,0,0,10,6,5.8,9.4,8.0,22.9,73.2,,,,,,,,,736.39,197.37,684.9,589.56
Surat,Gujarat,India,20.9667,72.9,Asia/Kolkata,1791360015,2026-10-07 13:30:00,1791876600,2026-10-13 12:59:59.999999786,35.4,95.7,1,Sunny,https://cdn.weatherapi.com/weather/64x64/day/113.png,1000,2.5,4.0,41,NE,1012,29.9,0.0,0.0,0,34,0,37.1,98.8,35.4,95.7,37.0,98.6,17.0,62.6,0,1,0,0,10,6,5.4,8.6,9.0,22.9,73.1,,,,,,,,,784.03,200.39,705.4,627.23
Surat,Gujarat,India,20.9667,72.9,Asia/Kolkata,1791360015,2026-10-07 13:30:00,1791880200,2026-10-13 14:00:00.000000213,36.1,97.0,1,Sunny,https://cdn.weatherapi.com/weather/64x64/day/113.png,1000,1.3,2.2,6,N,1011,29.87,0.0,0.0,0,32,0,38.0,100.4,36.1,97.0,37.6,99.6,16.7,62.1,0,0,0,0,10,6,4.9,7.9,9.0,22.9,73.2,,,,,,,,,831.68,203.41,725.9,664.9
Surat,Gujarat,India,20.9667,72.9,Asia/Kolkata,1791360015,2026-10-07 13:30:00,1791883800,2026-10-13 15:00:00.000000000,34.5,94.1,1,Sunny,https://cdn.weatherapi.com/weather/64x64/day/113.png,1000,3.4,5.4,103,ESE,1011,29.86,0.0,0.0,0,37,0,36.2,97.2,34.5,94.1,36.2,97.2,17.5,63.5,0,1,0,0,10,6,6.9,11.2,8.0,23.0,73.4,,,,,,,,,626.85,185.97,618.04,502.93
Surat,Gujarat,India,20.9667,72.9,Asia/Kolkata,1791360015,2026-10-07 13:30:00,1791887400,2026-10-13 15:59:59.999999786,33.0,91.4,1,Sunny,https://cdn.weatherapi.com/weather/64x64/day/113.png,1000,5.6,9.0,200,SSW,1011,29.86,0.0,0.0,0,43,0,34.4,93.9,33.0,91.4,34.8,94.6,18.3,64.9,0,1,0,0,10,6,8.9,14.4,8.0,23.0,73.4,,,,,,,,,524.43,177.25,564.1,421.95
Surat,Gujarat,India,20.9667,72.9,Asia/Kolkata,1791360015,2026-10-07 13:30:00,1791891000,2026-10-13 17:00:00.000000213,31.4,88.5,1,Sunny,https://cdn.weatherapi.com/weather/64x64/day/113.png,1000,7.6,12.2,297,WNW,1011,29.86,0.0,0.0,0,48,0,32.9,91.2,31.4,88.5,33.4,92.2,19.1,66.3,0,1,0,0,10,6,10.8,17.4,8.0,22.8,73.1,,,,,,,,,422.02,168.53,510.17,340.96
Kolkata,West Bengal,India,22.5697,88.3697,Asia/Kolkata,1791360015,2026-10-07 13:30:00,1791333000,2026-10-07 06:00:00.000000000,26.9,80.4,1,Smoky haze,https://cdn.weatherapi.com/weather/64x64/day/149.png,1036,1.3,2.2,192,SSW,1015,29.97,0.0,0.0,0,72,0,29.0,84.2,26.9,80.4,29.3,84.8,21.6,70.8,0,6,0,0,5,3,2.0,3.2,0.2,23.1,73.6,813.0,14.0,74,18.1,78.2,91.5,4,10,61.52,49.18,116.94,52.59
Kolkata,West Bengal,India,22.5697,88.3697,Asia/Kolkata,1791360015,2026-10-07 13:30:00,1791336600,2026-10-07 06:59:59.999999786,28.5,83.3,1,Smoky haze,https://cdn.weatherapi.com/weather/64x64/day/149.png,1036,1.6,2.5,166,SSE,1016,29.99,0.0,0.0,0,66,0,31.1,88.0,28.5,83.4,31.3,88.4,21.6,70.8,0,4,0,0,9,5,2.3,3.7,0.9,23.6,74.4,719.0,11.1,107,18.8,70.5,84.3,4,9,278.52,118.63,476.25,219.57
Kolkata,West Bengal,India,22.5697,88.3697,Asia/Kolkata,1791360015,2026-10-07 13:30:00,1791340200,2026-10-07 08:00:00.000000213,30.5,86.9,1,Smoky haze,https://cdn.weatherapi.com/weather/64x64/day/149.png,1036,3.4,5.4,174,S,1016,30.01,0.0,0.0,0,58,0,33.5,92.3,30.5,86.9,33.8,92.8,21.4,70.6,0,3,0,0,10,6,3.6,5.8,2.4,24.0,75.3,628.0,8.5,136,19.6,61.9,78.0,3,8,279.9,117.38,484.08,220.08
Kolkata,West Bengal,India,22.5697,88.3697,Asia/Kolkata,1791360015,2026-10-07 13:30:00,1791343800,2026-10-07 09:00:00.000000000,31.8,89.2,1,Smoky haze,https://cdn.weatherapi.com/weather/64x64/day/149.png,1036,3.8,6.1,159,SSE,1016,30.0,0.0,0.0,0,52,0,34.6,94.3,31.8,89.2,35.0,95.0,20.9,69.5,0,2,0,0,10,6,3.8,6.2,4.3,24.0,75.2,544.0,6.4,157,20.3,58.1,75.0,3,7,686.78,156.52,751.15,531.03
Kolkata,West Bengal,India,22.5697,88.3697,Asia/Kolkata,1791360015,2026-10-07 13:30:00,1791347400,2026-10-07 09:59:59.999999786,32.8,91.0,1,Smoky haze,https://cdn.weatherapi.com/weather/64x64/day/149.png,1036,3.8,6.1,152,SSE,1016,29.99,0.0,0.0,0,48,1,35.3,95.5,32.8,91.0,35.9,96.7,20.4,68.7,0,1,0,0,10,6,15.0,24.1,6.1,24.0,75.2,464.0,4.6,175,21.1,55.6,71.9,3,7,818.02,167.85,792.18,632.81
Kolkata,West Bengal,India,22.5697,88.3697,Asia/Kolkata,1791360015,2026-10-07 13:30:00,1791351000,2026-10-07 11:00:00.000000213,33.4,92.2,1,Smoky haze,https://cdn.weatherapi.com/weather/64x64/day/149.png,1036,4.9,7.9,155,SSE,1014,29.96,0.0,0.0,0,46,37,36.0,96.8,33.4,92.2,36.6,97.9,20.2,68.3,0,3,0,0,10,6,11.6,18.7,6.9,24.1,75.3,415.0,3.4,189,21.6,55.4,71.7,3,7,883.12,173.78,808.76,683.46
Kolkata,West Bengal,India,22.5697,88.3697,Asia/Kolkata,1791360015,2026-10-07 13:30:00,1791358200,2026-10-07 12:59:59.999999786,33.2,91.7,1,Smoky haze,https://cdn.weatherapi.com/weather/64x64/day/149.png,1036,3.8,6.1,179,S,1012,29.9,0.0,0.0,0,46,74,35.6,96.1,33.2,91.7,36.2,97.2,20.1,68.2,0,7,0,0,10,6,12.8,20.5,4.2,23.9,75.0,413.0,2.5,209,22.0,57.7,72.9,3,7,731.4,269.96,546.28,595.81
Kolkata,West Bengal,India,22.5697,88.3697,Asia/Kolkata,1791360015,2026-10-07 13:30:00,1791419400,2026-10-08 06:00:00.000000000,26.3,79.4,1,Smoky haze,https://cdn.weatherapi.com/weather/64x64/day/149.png,1036,4.0,6.5,219,SW,1015,29.97,0.0,0.0,0,78,0,28.8,83.8,26.3,79.4,28.9,84.0,22.2,72.0,0,8,0,0,4,2,6.5,10.4,0.1,23.4,74.1,600.0,14.6,91,27.8,82.2,91.3,4,10,61.36,48.56,123.01,51.77
Kolkata,West Bengal,India,22.5697,88.3697,Asia/Kolkata,1791360015,2026-10-07 13:30:00,1791423000,2026-10-08 06:59:59.999999786,28.1,82.7,1,Smoky haze,https://cdn.weatherapi.com/weather/64x64/day/149.png,1036,4.9,7.9,225,SW,1015,29.99,0.0,0.0,0,70,0,30.9,87.6,28.2,82.7,31.1,88.1,22.1,71.8,0,5,0,0,8,5,6.5,10.4,0.7,23.8,74.9,648.0,11.4,120,26.6,80.3,91.0,4,10,276.88,118.42,474.45,217.02
Kolkata,West Bengal,India,22.5697,88.3697,Asia/Kolkata,1791360015,2026-10-07 13:30:00,1791426600,2026-10-08 08:00:00.000000213,29.8,85.7,1,Smoky haze,https://cdn.weatherapi.com/weather/64x64/day/149.png,1036,5.6,9.0,223,SW,1016,29.99,0.0,0.0,0,61,0,32.8,91.0,29.8,85.7,33.0,91.4,21.6,70.8,0,3,0,0,10,6,6.3,10.1,2.0,23.9,75.1,670.0,8.6,146,25.4,67.1,79.6,4,9,497.62,142.5,659.49,384.21
Kolkata,West Bengal,India,22.5697,88.3697,Asia/Kolkata,1791360015,2026-10-07 13:30:00,1791430200,2026-10-08 09:00:00.000000000,31.5,88.7,1,Smoky haze,https://cdn.weatherapi.com/weather/64x64/day/149.png,1036,5.8,9.4,218,SW,1015,29.98,0.0,0.0,0,54,0,34.2,93.6,31.5,88.7,34.7,94.4,20.9,69.6,0,2,0,0,10,6,17.0,27.4,4.0,24.0,75.1,635.0,6.5,165,24.2,58.1,70.3,3,7,683.34,157.3,747.66,526.61
Kolkata,West Bengal,India,22.5697,88.3697,Asia/Kolkata,1791360015,2026-10-07 13:30:00,1791433800,2026-10-08 09:59:59.999999786,32.7,90.9,1,Smoky haze,https://cdn.weatherapi.com/weather/64x64/day/149.png,1036,5.8,9.4,205,SSW,1014,29.95,0.0,0.0,0,48,0,35.3,95.5,32.7,90.9,35.8,96.5,20.4,68.7,0,1,0,0,10,6,17.0,27.4,5.9,24.0,75.1,573.0,4.8,182,22.9,56.7,68.7,3,7,814.6,168.19,790.19,628.14
Kolkata,West Bengal,India,22.5697,88.3697,Asia/Kolkata,1791360015,2026-10-07 13:30:00,1791437400,2026-10-08 11:00:00.000000213,33.5,92.3,1,Smoky haze,https://cdn.weatherapi.com/weather/64x64/day/149.png,1036,6.5,10.4,200,SSW,1013,29.92,0.0,0.0,0,45,23,35.9,96.6,33.5,92.3,36.5,97.8,20.0,67.9,0,2,0,0,10,6,13.2,21.2,6.8,23.9,75.1,513.0,3.8,198,22.4,59.3,71.0,3,8,879.8,173.74,807.81,678.7
Kolkata,West Bengal,India,22.5697,88.3697,Asia/Kolkata,1791360015,2026-10-07 13:30:00,1791441000,2026-10-08 12:00:00.000000000,33.8,92.8,1,Smoky haze,https://cdn.weatherapi.com/weather/64x64/day/149.png,1036,6.7,10.8,199,SSW,1012,29.88,0.0,0.0,0,44,80,36.1,97.0,33.8,92.8,36.8,98.3,19.9,67.8,0,8,0,0,10,6,15.7,25.2,6.0,24.0,75.1,440.0,3.4,218,23.4,63.3,75.0,3,8,717.3,309.55,469.89,594.56
Kolkata,West Bengal,India,22.5697,88.3697,Asia/Kolkata,1791360015,2026-10-07 13:30:00,1791444600,2026-10-08 12:59:59.999999786,32.8,91.1,1,Smoky haze,https://cdn.weatherapi.com/weather/64x64/day/149.png,1036,6.3,10.1,207,SSW,1011,29.85,0.0,0.0,0,47,85,35.1,95.2,32.8,91.1,35.7,96.3,20.0,67.9,0,9,0,0,10,6,13.0,20.9,3.3,23.7,74.7,367.0,3.7,238,25.0,66.4,78.0,4,9,300.5,289.58,13.66,288.55
Kolkata,West Bengal,India,22.5697,88.3697,Asia/Kolkata,1791360015,2026-10-07 13:30:00,1791448200,2026-10-08 14:00:00.000000213,32.6,90.7,1,Smoky haze,https://cdn.weatherapi.com/weather/64x64/day/149.png,1036,5.8,9.4,216,SW,1010,29.83,0.0,0.0,0,49,53,35.2,95.4,32.6,90.7,35.8,96.4,20.4,68.8,0,5,0,0,10,6,17.0,27.4,1.1,24.0,75.2,364.0,4.8,241,25.5,65.7,76.8,4,9,192.4,188.79,5.35,185.56
Kolkata,West Bengal,India,22.5697,88.3697,Asia/Kolkata,1791360015,2026-10-07 13:30:00,1791455400,2026-10-08 15:59:59.999999786,30.6,87.1,1,Smoky haze,https://cdn.weatherapi.com/weather/64x64/day/149.png,1036,8.3,13.3,209,SSW,1010,29.83,0.0,0.0,0,57,75,33.5,92.3,30.6,87.1,33.8,92.8,21.2,70.2,0,9,0,0,10,6,10.6,17.0,0.1,23.9,75.1,677.0,10.3,174,19.8,57.2,65.9,3,7,44.64,44.19,1.56,43.12
Kolkata,West Bengal,India,22.5697,88.3697,Asia/Kolkata,1791360015,2026-10-07 13:30:00,1791505800,2026-10-09 06:00:00.000000000,26.3,79.4,1,Sunny,https://cdn.weatherapi.com/weather/64x64/day/113.png,1000,3.1,5.0,223,SW,1012,29.9,0.0,0.0,0,78,0,28.9,84.0,26.3,79.4,28.9,84.0,22.2,71.9,0,8,0,0,10,6,4.7,7.6,0.2,23.4,74.1,455.0,12.0,87,18.0,50.4,53.4,3,6,59.58,47.8,114.85,50.27
Kolkata,West Bengal,India,22.5697,88.3697,Asia/Kolkata,1791360015,2026-10-07 13:30:00,1791509400,2026-10-09 06:59:59.999999786,28.0,82.4,1,Sunny,https://cdn.weatherapi.com/weather/64x64/day/113.png,1000,2.7,4.3,234,SW,1013,29.91,0.0,0.0,0,70,0,30.6,87.1,28.0,82.4,30.8,87.5,21.9,71.4,0,5,0,0,10,6,3.4,5.4,0.9,23.6,74.6,577.0,10.6,102,18.5,39.9,43.3,2,4,272.74,120.39,458.58,213.63
Kolkata,West Bengal,India,22.5697,88.3697,Asia/Kolkata,1791360015,2026-10-07 13:30:00,1791513000,2026-10-09 08:00:00.000000213,29.7,85.5,1,Sunny,https://cdn.weatherapi.com/weather/64x64/day/113.png,1000,1.6,2.5,229,SW,1013,29.92,0.0,0.0,0,62,0,32.6,90.7,29.7,85.5,32.9,91.1,21.6,70.9,0,4,0,0,10,6,2.0,3.3,2.4,23.9,75.0,653.0,9.1,118,19.1,33.1,36.4,2,3,492.5,145.32,647.22,379.56
Kolkata,West Bengal,India,22.5697,88.3697,Asia/Kolkata,1791360015,2026-10-07 13:30:00,1791520200,2026-10-09 09:59:59.999999786,31.4,88.5,1,Sunny,https://cdn.weatherapi.com/weather/64x64/day/113.png,1000,5.4,8.6,201,SSW,1013,29.9,0.0,0.0,0,54,0,34.2,93.6,31.4,88.5,34.6,94.3,21.0,69.8,0,2,0,0,10,6,5.8,9.4,6.3,24.0,75.2,572.0,5.7,157,21.7,34.1,38.2,2,3,808.38,170.43,782.48,621.97
Kolkata,West Bengal,India,22.5697,88.3697,Asia/Kolkata,1791360015,2026-10-07 13:30:00,1791523800,2026-10-09 11:00:00.000000213,32.5,90.5,1,Sunny,https://cdn.weatherapi.com/weather/64x64/day/113.png,1000,4.5,7.2,193,SSW,1012,29.87,0.0,0.0,0,48,6,34.9,94.8,32.5,90.5,35.5,95.9,20.2,68.4,0,2,0,0,10,6,4.5,7.2,7.1,23.8,74.9,524.0,4.5,174,22.8,35.5,39.7,2,3,870.82,177.22,796.35,670.77
Kolkata,West Bengal,India,22.5697,88.3697,Asia/Kolkata,1791360015,2026-10-07 13:30:00,1791527400,2026-10-09 12:00:00.000000000,33.2,91.7,1,Cloudy,https://cdn.weatherapi.com/weather/64x64/day/119.png,1006,3.6,5.8,196,SSW,1010,29.83,0.0,0.0,0,46,70,35.4,95.7,33.2,91.7,36.1,96.9,19.8,67.7,0,6,0,0,10,6,3.6,5.8,5.5,23.8,74.8,488.0,3.5,190,23.3,36.6,40.4,2,4,863.92,176.1,795.71,665.16
Kolkata,West Bengal,India,22.5697,88.3697,Asia/Kolkata,1791360015,2026-10-07 13:30:00,1791541800,2026-10-09 15:59:59.999999786,30.0,86.0,1,Overcast,https://cdn.weatherapi.com/weather/64x64/day/122.png,1009,1.8,2.9,212,SSW,1009,29.8,0.0,0.0,0,60,99,32.9,91.2,30.0,86.0,33.1,91.6,21.4,70.6,0,14,0,0,10,6,2.2,3.6,0.3,23.9,75.0,1110.0,15.7,175,24.0,40.0,43.5,2,4,25.28,25.13,0.51,24.45
Kolkata,West Bengal,India,22.5697,88.3697,Asia/Kolkata,1791360015,2026-10-07 13:30:00,1791592200,2026-10-10 06:00:00.000000000,26.1,79.0,1,Smoky haze,https://cdn.weatherapi.com/weather/64x64/day/149.png,1036,2.0,3.2,324,NW,1012,29.87,0.0,0.0,0,77,0,28.8,83.8,26.1,79.0,28.4,83.2,21.7,71.1,0,8,0,0,3,1,11.0,17.6,0.2,23.0,73.4,686.0,31.1,65,35.6,137.4,140.2,4,10,59.24,47.16,119.64,49.34
Kolkata,West Bengal,India,22.5697,88.3697,Asia/Kolkata,1791360015,2026-10-07 13:30:00,1791595800,2026-10-10 06:59:59.999999786,27.8,82.1,1,Smoky haze,https://cdn.weatherapi.com/weather/64x64/day/149.png,1036,1.6,2.5,360,N,1012,29.89,0.0,0.0,0,69,0,30.2,86.4,27.8,82.1,30.5,86.9,21.7,71.1,0,5,0,0,7,4,12.8,20.5,0.9,23.4,74.2,690.0,20.0,118,39.8,98.0,101.3,4,10,273.48,117.98,470.61,211.89
Kolkata,West Bengal,India,22.5697,88.3697,Asia/Kolkata,1791360015,2026-10-07 13:30:00,1791599400,2026-10-10 08:00:00.000000213,29.5,85.1,1,Sunny,https://cdn.weatherapi.com/weather/64x64/day/113.png,1000,2.0,3.2,21,NNE,1013,29.9,0.0,0.0,0,62,0,32.2,90.0,29.5,85.1,32.5,90.4,21.4,70.5,0,4,0,0,10,6,2.0,3.2,2.4,23.7,74.7,691.0,11.2,166,42.4,70.8,74.0,4,9,494.14,141.76,659.5,377.76
Kolkata,West Bengal,India,22.5697,88.3697,Asia/Kolkata,1791360015,2026-10-07 13:30:00,1791603000,2026-10-10 09:00:00.000000000,31.2,88.2,1,Sunny,https://cdn.weatherapi.com/weather/64x64/day/113.png,1000,1.6,2.5,33,NE,1012,29.9,0.0,0.0,0,55,0,34.0,93.2,31.2,88.2,34.4,93.9,21.0,69.8,0,2,0,0,10,6,1.8,2.9,4.3,23.9,75.1,689.0,7.0,199,41.7,54.4,57.3,3,7,679.86,156.08,749.6,519.49
Kolkata,West Bengal,India,22.5697,88.3697,Asia/Kolkata,1791360015,2026-10-07 13:30:00,1791610200,2026-10-10 11:00:00.000000213,33.2,91.7,1,Smoky haze,https://cdn.weatherapi.com/weather/64x64/day/149.png,1036,1.3,2.2,62,ENE,1011,29.85,0.0,0.0,0,46,34,35.5,95.9,33.2,91.7,36.2,97.1,20.0,68.0,0,3,0,0,10,6,1.6,2.5,6.9,23.9,75.0,679.0,4.3,247,37.4,52.2,54.6,3,6,875.15,172.41,809.71,670.33
Kolkata,West Bengal,India,22.5697,88.3697,Asia/Kolkata,1791360015,2026-10-07 13:30:00,1791613800,2026-10-10 12:00:00.000000000,33.0,91.3,1,Smoky haze,https://cdn.weatherapi.com/weather/64x64/day/149.png,1036,3.4,5.4,93,E,1010,29.82,0.0,0.0,0,46,85,35.1,95.2,33.0,91.3,35.8,96.4,19.8,67.6,0,9,0,0,10,6,10.1,16.2,6.0,23.7,74.6,652.0,3.4,264,36.5,54.4,56.6,3,7,778.46,245.33,619.18,619.26
Kolkata,West Bengal,India,22.5697,88.3697,Asia/Kolkata,1791360015,2026-10-07 13:30:00,1791617400,2026-10-10 12:59:59.999999786,32.2,90.0,1,Smoky haze,https://cdn.weatherapi.com/weather/64x64/day/149.png,1036,3.4,5.4,99,E,1009,29.8,0.0,0.0,0,48,87,34.3,93.7,32.3,90.1,34.9,94.8,19.9,67.7,0,9,0,0,10,6,14.5,23.4,3.7,23.5,74.3,626.0,3.4,275,35.8,55.3,57.2,3,7,494.06,369.82,156.78,446.76
Kolkata,West Bengal,India,22.5697,88.3697,Asia/Kolkata,1791360015,2026-10-07 13:30:00,1791621000,2026-10-10 14:00:00.000000213,31.6,88.8,1,Smoky haze,https://cdn.weatherapi.com/weather/64x64/day/149.png,1036,1.1,1.8,43,NE,1009,29.79,0.0,0.0,0,52,83,34.0,93.2,31.6,88.8,34.5,94.1,20.5,68.9,0,9,0,0,10,6,1.4,2.2,1.0,23.7,74.7,682.0,5.3,271,34.7,55.2,56.8,3,7,375.68,309.34,99.49,346.22
Kolkata,West Bengal,India,22.5697,88.3697,Asia/Kolkata,1791360015,2026-10-07 13:30:00,1791624600,2026-10-10 15:00:00.000000000,31.3,88.3,1,Cloudy,https://cdn.weatherapi.com/weather/64x64/day/119.png,1006,2.5,4.0,347,NNW,1009,29.8,0.0,0.0,0,53,84,33.7,92.7,31.3,88.3,34.2,93.5,20.6,69.0,0,10,0,0,10,6,13.6,22.0,0.3,23.7,74.6,920.0,10.0,242,32.1,50.4,51.8,3,6,259.24,223.71,72.11,240.76
Kolkata,West Bengal,India,22.5697,88.3697,Asia/Kolkata,1791360015,2026-10-07 13:30:00,1791628200,2026-10-10 15:59:59.999999786,30.8,87.5,1,Cloudy,https://cdn.weatherapi.com/weather/64x64/day/119.png,1006,2.9,4.7,338,NNW,1009,29.8,0.0,0.0,0,55,86,33.4,92.1,30.8,87.5,33.8,92.8,20.8,69.5,0,11,0,0,10,6,3.4,5.4,0.1,23.7,74.7,1240.0,16.5,197,29.0,50.5,51.6,3,6,125.84,116.83,31.97,118.64
Kolkata,West Bengal,India,22.5697,88.3697,Asia/Kolkata,1791360015,2026-10-07 13:30:00,1791678600,2026-10-11 06:00:00.000000000,27.4,81.3,1,Smoky haze,https://cdn.weatherapi.com/weather/64x64/day/149.png,1036,4.7,7.6,24,NNE,1013,29.9,0.0,0.0,0,69,60,29.4,84.9,27.4,81.3,29.7,85.5,21.1,70.1,0,10,0,0,10,6,7.2,11.6,0.1,23.0,73.4,703.0,19.3,68,18.7,70.8,71.5,4,9,25.5,25.07,4.32,24.42
Kolkata,West Bengal,India,22.5697,88.3697,Asia/Kolkata,1791360015,2026-10-07 13:30:00,1791682200,2026-10-11 06:59:59.999999786,28.7,83.7,1,Smoky haze,https://cdn.weatherapi.com/weather/64x64/day/149.png,1036,5.4,8.6,29,NNE,1013,29.93,0.0,0.0,0,64,59,31.2,88.2,28.7,83.7,31.4,88.6,21.3,70.3,0,9,0,0,10,6,7.9,12.6,0.8,23.4,74.2,675.3,14.1,106,19.1,65.4,66.1,4,9,106.26,103.85,7.35,102.16
Kolkata,West Bengal,India,22.5697,88.3697,Asia/Kolkata,1791360015,2026-10-07 13:30:00,1791685800,2026-10-11 08:00:00.000000213,30.1,86.2,1,Smoky haze,https://cdn.weatherapi.com/weather/64x64/day/149.png,1036,5.4,8.6,30,NNE,1014,29.94,0.0,0.0,0,59,43,32.9,91.2,30.1,86.2,33.2,91.7,21.3,70.3,0,6,0,0,10,6,7.2,11.5,2.3,23.8,74.9,617.0,9.7,139,19.2,54.8,55.9,3,7,237.6,220.62,31.91,225.35
Kolkata,West Bengal,India,22.5697,88.3697,Asia/Kolkata,1791360015,2026-10-07 13:30:00,1791689400,2026-10-11 09:00:00.000000000,31.4,88.6,1,Sunny,https://cdn.weatherapi.com/weather/64x64/day/113.png,1000,5.8,9.4,24,NNE,1014,29.93,0.0,0.0,0,54,0,34.2,93.6,31.5,88.6,34.6,94.3,20.9,69.6,0,2,0,0,10,6,7.2,11.6,4.4,23.9,75.1,558.0,6.8,162,18.8,41.4,42.7,3,4,448.48,323.14,180.02,400.83
Kolkata,West Bengal,India,22.5697,88.3697,Asia/Kolkata,1791360015,2026-10-07 13:30:00,1791693000,2026-10-11 09:59:59.999999786,32.8,91.1,1,Sunny,https://cdn.weatherapi.com/weather/64x64/day/113.png,1000,6.3,10.1,19,NNE,1013,29.92,0.0,0.0,0,48,5,35.4,95.7,32.8,91.1,36.0,96.8,20.4,68.6,0,2,0,0,10,6,13.0,20.9,6.4,24.0,75.2,501.0,4.8,179,18.1,39.1,40.4,2,4,814.86,162.23,806.0,619.88
Kolkata,West Bengal,India,22.5697,88.3697,Asia/Kolkata,1791360015,2026-10-07 13:30:00,1791696600,2026-10-11 11:00:00.000000213,33.5,92.4,1,Partly Cloudy,https://cdn.weatherapi.com/weather/64x64/day/116.png,1003,6.3,10.1,17,NNE,1012,29.89,0.0,0.0,0,45,27,35.9,96.6,33.5,92.4,36.5,97.8,19.9,67.8,0,2,0,0,10,6,17.4,28.1,7.3,23.9,75.0,460.0,3.5,192,17.6,38.2,39.3,2,4,878.66,168.39,821.35,669.45
Kolkata,West Bengal,India,22.5697,88.3697,Asia/Kolkata,1791360015,2026-10-07 13:30:00,1791700200,2026-10-11 12:00:00.000000000,34.0,93.1,1,Cloudy,https://cdn.weatherapi.com/weather/64x64/day/119.png,1006,6.3,10.1,11,NNE,1011,29.86,0.0,0.0,0,43,80,36.1,97.0,34.0,93.1,36.9,98.3,19.6,67.3,0,7,0,0,10,6,17.4,28.1,6.5,23.8,74.9,438.0,2.7,201,17.3,37.4,38.6,2,4,867.74,169.07,814.65,661.41
Kolkata,West Bengal,India,22.5697,88.3697,Asia/Kolkata,1791360015,2026-10-07 13:30:00,1791703800,2026-10-11 12:59:59.999999786,33.2,91.7,1,Overcast,https://cdn.weatherapi.com/weather/64x64/day/122.png,1009,6.3,10.1,353,N,1010,29.84,0.0,0.0,0,45,100,35.1,95.2,33.2,91.7,35.8,96.5,19.5,67.1,0,10,0,0,10,6,15.2,24.5,4.7,23.6,74.4,432.0,2.6,204,17.1,36.9,38.1,2,4,525.3,361.98,207.04,466.32
Kolkata,West Bengal,India,22.5697,88.3697,Asia/Kolkata,1791360015,2026-10-07 13:30:00,1791707400,2026-10-11 14:00:00.000000213,31.8,89.2,1,Overcast,https://cdn.weatherapi.com/weather/64x64/day/122.png,1009,5.4,8.6,337,NNW,1010,29.83,0.0,0.0,0,51,100,34.1,93.4,31.8,89.2,34.6,94.2,20.3,68.5,0,11,0,0,10,6,6.1,9.8,2.2,23.6,74.6,443.0,4.0,199,17.4,36.9,38.1,2,4,130.54,128.85,2.54,126.08
Kolkata,West Bengal,India,22.5697,88.3697,Asia/Kolkata,1791360015,2026-10-07 13:30:00,1791711000,2026-10-11 15:00:00.000000000,31.3,88.4,1,Overcast,https://cdn.weatherapi.com/weather/64x64/day/122.png,1009,4.3,6.8,327,NNW,1010,29.84,0.0,0.0,0,51,100,33.4,92.1,31.4,88.4,33.9,93.0,20.0,68.0,0,12,0,0,10,6,5.8,9.4,0.6,23.4,74.1,481.0,7.9,179,18.5,37.6,38.6,2,4,87.46,86.43,2.1,84.47
Kolkata,West Bengal,India,22.5697,88.3697,Asia/Kolkata,1791360015,2026-10-07 13:30:00,1791714600,2026-10-11 15:59:59.999999786,31.0,87.8,1,Overcast,https://cdn.weatherapi.com/weather/64x64/day/122.png,1009,3.6,5.8,324,NW,1010,29.84,0.0,0.0,0,52,100,33.0,91.4,31.0,87.9,33.4,92.2,19.9,67.8,0,12,0,0,10,6,5.6,9.0,0.1,23.2,73.7,535.0,13.3,151,20.0,41.1,41.9,3,4,34.0,33.73,0.98,32.85
Kolkata,West Bengal,India,22.5697,88.3697,Asia/Kolkata,1791360015,2026-10-07 13:30:00,1791765000,2026-10-12 06:00:00.000000000,27.1,80.8,1,Sunny,https://cdn.weatherapi.com/weather/64x64/day/113.png,1000,4.0,6.5,222,SW,1014,29.95,0.0,0.0,0,60,0,28.2,82.8,27.1,80.8,28.6,83.5,18.5,65.3,0,3,0,0,10,6,5.1,8.3,7.0,21.3,70.4,,,,,,,,,140.02,54.12,262.93,104.76
Kolkata,West Bengal,India,22.5697,88.3697,Asia/Kolkata,1791360015,2026-10-07 13:30:00,1791768600,2026-10-12 06:59:59.999999786,28.7,83.7,1,Sunny,https://cdn.weatherapi.com/weather/64x64/day/113.png,1000,3.8,6.1,116,ESE,1015,29.97,0.0,0.0,0,55,0,29.9,85.8,28.7,83.7,30.3,86.5,18.7,65.7,0,2,0,0,10,6,5.1,8.3,7.0,21.9,71.5,,,,,,,,,210.03,81.17,394.4,157.15
Kolkata,West Bengal,India,22.5697,88.3697,Asia/Kolkata,1791360015,2026-10-07 13:30:00,1791772200,2026-10-12 08:00:00.000000213,30.3,86.5,1,Sunny,https://cdn.weatherapi.com/weather/64x64/day/113.png,1000,3.8,6.1,11,N,1015,29.99,0.0,0.0,0,51,0,31.5,88.7,30.3,86.5,32.0,89.6,18.9,66.0,0,2,0,0,10,6,5.2,8.3,8.0,22.4,72.3,,,,,,,,,280.04,108.23,525.87,209.53
Kolkata,West Bengal,India,22.5697,88.3697,Asia/Kolkata,1791360015,2026-10-07 13:30:00,1791775800,2026-10-12 09:00:00.000000000,31.5,88.7,1,Cloudy,https://cdn.weatherapi.com/weather/64x64/day/119.png,1006,4.5,7.2,122,ESE,1015,29.97,0.0,0.0,0,47,24,32.8,91.0,31.5,88.7,33.2,91.8,18.6,65.5,0,2,0,0,10,6,7.6,12.2,7.0,22.7,72.8,,,,,,,,,539.52,139.45,652.29,409.06
Kolkata,West Bengal,India,22.5697,88.3697,Asia/Kolkata,1791360015,2026-10-07 13:30:00,1791779400,2026-10-12 09:59:59.999999786,32.7,90.9,1,Sunny,https://cdn.weatherapi.com/weather/64x64/day/113.png,1000,5.4,8.6,232,SW,1014,29.95,0.0,0.0,0,43,48,33.9,93.0,32.7,90.9,34.5,94.1,18.2,64.8,0,4,0,0,10,6,10.3,16.6,8.0,22.8,73.1,,,,,,,,,669.26,155.06,715.51,508.83
Kolkata,West Bengal,India,22.5697,88.3697,Asia/Kolkata,1791360015,2026-10-07 13:30:00,1791783000,2026-10-12 11:00:00.000000213,33.9,93.0,1,Cloudy,https://cdn.weatherapi.com/weather/64x64/day/119.png,1006,6.0,9.7,343,NNW,1014,29.93,0.0,0.0,0,39,72,34.8,94.6,33.9,93.0,35.7,96.2,17.9,64.3,0,6,0,0,10,6,12.8,20.5,7.0,22.9,73.2,,,,,,,,,799.0,170.67,778.72,608.59
Kolkata,West Bengal,India,22.5697,88.3697,Asia/Kolkata,1791360015,2026-10-07 13:30:00,1791786600,2026-10-12 12:00:00.000000000,34.0,93.2,1,Sunny,https://cdn.weatherapi.com/weather/64x64/day/113.png,1000,6.0,9.7,337,NNW,1013,29.91,0.0,0.0,0,38,52,34.9,94.8,34.0,93.2,35.8,96.4,17.9,64.2,0,4,0,0,10,6,14.3,23.0,8.0,22.9,73.1,,,,,,,,,781.67,173.36,763.96,596.42
Kolkata,West Bengal,India,22.5697,88.3697,Asia/Kolkata,1791360015,2026-10-07 13:30:00,1791790200,2026-10-12 12:59:59.999999786,34.2,93.6,1,Cloudy,https://cdn.weatherapi.com/weather/64x64/day/119.png,1006,6.0,9.7,331,NNW,1012,29.88,0.0,0.0,0,38,32,35.1,95.2,34.2,93.6,36.0,96.8,17.8,64.0,0,2,0,0,10,6,15.7,25.2,7.0,22.9,73.3,,,,,,,,,773.01,174.71,756.59,590.33
Kolkata,West Bengal,India,22.5697,88.3697,Asia/Kolkata,1791360015,2026-10-07 13:30:00,1791793800,2026-10-12 14:00:00.000000213,34.3,93.8,1,Sunny,https://cdn.weatherapi.com/weather/64x64/day/113.png,1000,6.0,9.7,324,NW,1011,29.85,0.0,0.0,0,37,12,35.1,95.2,34.3,93.8,36.1,96.9,17.7,63.9,0,1,0,0,10,6,17.2,27.7,8.0,22.9,73.2,,,,,,,,,764.34,176.05,749.21,584.24
Kolkata,West Bengal,India,22.5697,88.3697,Asia/Kolkata,1791360015,2026-10-07 13:30:00,1791797400,2026-10-12 15:00:00.000000000,33.0,91.4,1,Partly Cloudy,https://cdn.weatherapi.com/weather/64x64/day/116.png,1003,6.9,11.2,323,NW,1011,29.86,0.0,0.0,0,43,20,34.5,94.1,33.0,91.4,34.9,94.8,18.5,65.3,0,2,0,0,10,6,16.1,25.9,8.0,23.1,73.6,,,,,,,,,499.17,134.04,633.32,377.48
Kolkata,West Bengal,India,22.5697,88.3697,Asia/Kolkata,1791360015,2026-10-07 13:30:00,1791801000,2026-10-12 15:59:59.999999786,31.6,88.9,1,Sunny,https://cdn.weatherapi.com/weather/64x64/day/113.png,1000,7.6,12.2,321,NW,1011,29.87,0.0,0.0,0,49,28,33.3,91.9,31.6,88.9,33.7,92.7,19.2,66.6,0,3,0,0,10,6,15.0,24.1,8.0,23.1,73.6,,,,,,,,,366.58,113.03,575.38,274.11
Kolkata,West Bengal,India,22.5697,88.3697,Asia/Kolkata,1791360015,2026-10-07 13:30:00,1791851400,2026-10-13 06:00:00.000000000,27.1,80.8,1,Sunny,https://cdn.weatherapi.com/weather/64x64/day/113.png,1000,4.3,6.8,6,N,1014,29.93,0.0,0.0,0,61,0,28.3,82.9,27.1,80.8,28.8,83.8,18.9,66.0,0,3,0,0,10,6,5.4,8.6,7.0,21.5,70.8,,,,,,,,,139.19,53.92,262.51,103.4
Kolkata,West Bengal,India,22.5697,88.3697,Asia/Kolkata,1791360015,2026-10-07 13:30:00,1791855000,2026-10-13 06:59:59.999999786,28.7,83.7,1,Sunny,https://cdn.weatherapi.com/weather/64x64/day/113.png,1000,4.7,7.6,10,N,1014,29.95,0.0,0.0,0,57,0,30.2,86.4,28.7,83.7,30.6,87.1,19.3,66.7,0,3,0,0,10,6,6.7,10.8,7.0,22.3,72.1,,,,,,,,,208.79,80.88,393.77,155.11
Kolkata,West Bengal,India,22.5697,88.3697,Asia/Kolkata,1791360015,2026-10-07 13:30:00,1791858600,2026-10-13 08:00:00.000000213,30.2,86.4,1,Sunny,https://cdn.weatherapi.com/weather/64x64/day/113.png,1000,5.4,8.6,13,NNE,1015,29.96,0.0,0.0,0,54,0,32.0,89.6,30.2,86.4,32.4,90.3,19.7,67.5,0,2,0,0,10,6,7.8,12.6,8.0,22.9,73.2,,,,,,,,,278.38,107.84,525.02,206.81
Kolkata,West Bengal,India,22.5697,88.3697,Asia/Kolkata,1791360015,2026-10-07 13:30:00,1791862200,2026-10-13 09:00:00.000000000,31.4,88.5,1,Partly Cloudy,https://cdn.weatherapi.com/weather/64x64/day/116.png,1003,5.4,8.6,25,NNE,1014,29.95,0.0,0.0,0,49,12,33.1,91.6,31.4,88.5,33.6,92.5,19.4,66.9,0,2,0,0,10,6,9.4,15.1,8.0,23.1,73.5,,,,,,,,,536.93,139.41,650.89,405.38
Kolkata,West Bengal,India,22.5697,88.3697,Asia/Kolkata,1791360015,2026-10-07 13:30:00,1791865800,2026-10-13 09:59:59.999999786,32.6,90.7,1,Sunny,https://cdn.weatherapi.com/weather/64x64/day/113.png,1000,5.6,9.0,36,NE,1013,29.93,0.0,0.0,0,45,25,34.2,93.6,32.6,90.7,34.8,94.6,19.0,66.2,0,2,0,0,10,6,10.7,17.3,8.0,23.2,73.7,,,,,,,,,666.2,155.2,713.82,504.67
Kolkata,West Bengal,India,22.5697,88.3697,Asia/Kolkata,1791360015,2026-10-07 13:30:00,1791869400,2026-10-13 11:00:00.000000213,33.9,93.0,1,Partly Cloudy,https://cdn.weatherapi.com/weather/64x64/day/116.png,1003,5.6,9.0,48,NE,1013,29.91,0.0,0.0,0,41,37,35.3,95.5,33.9,92.9,36.1,96.9,18.6,65.5,0,3,0,0,10,6,12.3,19.8,8.0,23.3,73.9,,,,,,,,,795.48,170.98,776.75,603.95
Kolkata,West Bengal,India,22.5697,88.3697,Asia/Kolkata,1791360015,2026-10-07 13:30:00,1791873000,2026-10-13 12:00:00.000000000,34.1,93.4,1,Cloudy,https://cdn.weatherapi.com/weather/64x64/day/119.png,1006,4.9,7.9,52,NE,1012,29.88,0.0,0.0,0,40,51,35.6,96.1,34.1,93.4,36.2,97.2,18.4,65.1,0,4,0,0,10,6,13.2,21.2,7.0,23.2,73.8,,,,,,,,,781.83,170.49,771.04,593.52
Kolkata,West Bengal,India,22.5697,88.3697,Asia/Kolkata,1791360015,2026-10-07 13:30:00,1791876600,2026-10-13 12:59:59.999999786,34.4,93.9,1,Partly Cloudy,https://cdn.weatherapi.com/weather/64x64/day/116.png,1003,4.3,6.8,55,NE,1011,29.86,0.0,0.0,0,39,64,36.0,96.8,34.3,93.7,36.4,97.5,18.2,64.8,0,5,0,0,10,6,13.9,22.3,8.0,23.2,73.8,,,,,,,,,775.0,170.24,768.18,588.3
Kolkata,West Bengal,India,22.5697,88.3697,Asia/Kolkata,1791360015,2026-10-07 13:30:00,1791880200,2026-10-13 14:00:00.000000213,34.6,94.3,1,Cloudy,https://cdn.weatherapi.com/weather/64x64/day/119.png,1006,3.6,5.8,59,ENE,1010,29.84,0.0,0.0,0,38,78,36.3,97.3,34.6,94.3,36.6,97.9,18.0,64.5,0,7,0,0,10,6,14.8,23.8,7.0,23.1,73.7,,,,,,,,,768.18,170.0,765.33,583.08
Kolkata,West Bengal,India,22.5697,88.3697,Asia/Kolkata,1791360015,2026-10-07 13:30:00,1791883800,2026-10-13 15:00:00.000000000,33.4,92.1,1,Overcast,https://cdn.weatherapi.com/weather/64x64/day/122.png,1009,2.5,4.0,147,SSE,1011,29.85,0.0,0.0,0,42,83,34.8,94.6,33.4,92.1,35.4,95.7,18.4,65.1,0,8,0,0,10,6,11.0,17.6,7.0,23.1,73.6,,,,,,,,,492.35,136.82,591.17,373.47
Kolkata,West Bengal,India,22.5697,88.3697,Asia/Kolkata,1791360015,2026-10-07 13:30:00,1791887400,2026-10-13 15:59:59.999999786,32.3,90.1,1,Cloudy,https://cdn.weatherapi.com/weather/64x64/day/119.png,1006,1.6,2.5,236,WSW,1011,29.85,0.0,0.0,0,45,88,33.8,92.8,32.3,90.1,34.3,93.7,18.8,65.8,0,9,0,0,10,6,7.2,11.5,7.0,23.0,73.5,,,,,,,,,354.44,120.23,504.09,268.67
